hex,count_good_aircraft,count_bad_aircraft
840c701ffffffff,0,38
8428d31ffffffff,149,0
8444db9ffffffff,113,0
842e183ffffffff,148,35
8444d87ffffffff,456,0
8428d35ffffffff,141,0
842e187ffffffff,152,50
840c709ffffffff,0,32
8444dabffffffff,519,0
842e1bdffffffff,197,37
8444d85ffffffff,1154,0
8412d37ffffffff,9,0
8426c55ffffffff,393,41
8448c6dffffffff,719,0
84266d1ffffffff,234,0
84488edffffffff,78,0
8430d93ffffffff,140,60
84445a1ffffffff,945,0
84445adffffffff,71,38
84265b5ffffffff,223,12
842e625ffffffff,9,35
842e621ffffffff,44,30
84274d7ffffffff,46,1
8419093ffffffff,78,3
8444557ffffffff,179,7
8444551ffffffff,356,64
8444555ffffffff,480,116
84695d9ffffffff,418,22
8448593ffffffff,248,0
842b817ffffffff,170,0
8429a01ffffffff,1424,246
8426da3ffffffff,249,13
8429a1bffffffff,1608,200
8429a19ffffffff,2505,272
8426411ffffffff,91,52
8427a05ffffffff,163,0
842a927ffffffff,240,1
8448d31ffffffff,220,0
8429a43ffffffff,909,13
844983bffffffff,2,0
842af0dffffffff,154,2
84484bdffffffff,67,58
8444f09ffffffff,282,0
84485b5ffffffff,143,0
842ad43ffffffff,108,0
8444501ffffffff,233,9
8444c27ffffffff,161,45
8444c21ffffffff,601,16
8444c25ffffffff,386,46
8444d53ffffffff,126,13
842aa17ffffffff,136,51
842aa13ffffffff,250,66
842aae9ffffffff,331,2
8444529ffffffff,1059,12
8444509ffffffff,63,0
844452dffffffff,105,0
840d5a1ffffffff,61,0
840d5a3ffffffff,67,0
840c749ffffffff,27,0
840d5b5ffffffff,37,0
840c74bffffffff,10,0
8468717ffffffff,18,0
846846dffffffff,66,0
8444d5dffffffff,419,12
84271b7ffffffff,180,0
84bef0dffffffff,59,0
84274c5ffffffff,222,0
84274ebffffffff,73,0
84274e3ffffffff,174,0
84274a9ffffffff,103,0
840c73dffffffff,205,132
840c731ffffffff,1263,189
842aa4bffffffff,172,16
842b8b5ffffffff,246,0
84464b9ffffffff,1240,137
845e42bffffffff,55,9
845e423ffffffff,48,10
845e43dffffffff,55,0
845e435ffffffff,122,0
845e437ffffffff,53,0
84430bbffffffff,0,17
84430b9ffffffff,0,25
8443083ffffffff,0,16
843da11ffffffff,592,0
842db0dffffffff,311,22
842db05ffffffff,96,0
8428d51ffffffff,313,0
84275c1ffffffff,296,119
842a845ffffffff,371,17
842a847ffffffff,201,11
840c291ffffffff,0,8
840c295ffffffff,32,49
842af63ffffffff,201,32
842f535ffffffff,0,4
842e2c9ffffffff,0,12
8426097ffffffff,141,11
84260bbffffffff,190,37
842656dffffffff,263,15
840c747ffffffff,0,31
840c741ffffffff,0,15
842e68dffffffff,155,15
842e6ebffffffff,138,10
842e681ffffffff,99,39
8426d9dffffffff,0,85
84bee69ffffffff,354,0
842e605ffffffff,237,35
842e607ffffffff,106,48
842e63dffffffff,16,10
8426643ffffffff,493,0
8428f0dffffffff,460,0
84be6e1ffffffff,40,0
84be08dffffffff,934,19
84bef61ffffffff,158,0
84bef6dffffffff,366,0
849d581ffffffff,6,0
849d58dffffffff,28,0
849d585ffffffff,10,0
849d5e3ffffffff,41,0
84be0b9ffffffff,112,0
84be095ffffffff,110,0
84be09dffffffff,43,0
8444e55ffffffff,196,16
8444e0bffffffff,240,0
84275ebffffffff,89,25
84275e1ffffffff,0,90
84275e5ffffffff,90,5
84694e5ffffffff,292,0
8460f47ffffffff,24,0
8460f45ffffffff,75,0
8460f4dffffffff,27,0
843e693ffffffff,3,0
843e697ffffffff,23,0
846003bffffffff,10,0
846031bffffffff,131,0
843e623ffffffff,85,32
843e621ffffffff,71,0
843e691ffffffff,13,2
843e683ffffffff,57,33
848c8e1ffffffff,13,0
84698a3ffffffff,26,18
844ab6dffffffff,10,0
8465b41ffffffff,24,0
8465b43ffffffff,27,0
846501bffffffff,30,0
84698a9ffffffff,21,12
8465017ffffffff,101,33
84650edffffffff,34,12
8465231ffffffff,240,0
8465059ffffffff,462,10
8465205ffffffff,112,12
846991dffffffff,26,0
8469919ffffffff,75,0
846990bffffffff,24,3
8469957ffffffff,12,0
844b325ffffffff,8,10
8468157ffffffff,76,0
846810bffffffff,80,0
842ce1dffffffff,33,0
84681ddffffffff,17,0
8465a87ffffffff,10,0
8443315ffffffff,19,0
84536c5ffffffff,18,7
84536c7ffffffff,46,28
8453691ffffffff,63,0
8442a09ffffffff,36,0
8460d09ffffffff,54,0
8460189ffffffff,13,0
84536ebffffffff,55,53
842c18dffffffff,25,0
842c185ffffffff,3,0
84618c5ffffffff,96,0
842c997ffffffff,73,0
8442a19ffffffff,102,9
842c999ffffffff,69,0
842c8a5ffffffff,55,0
842c8adffffffff,17,0
842c9bbffffffff,43,0
844235dffffffff,11,0
8418347ffffffff,0,25
8418343ffffffff,11,22
843e62bffffffff,132,0
842d1b7ffffffff,31,36
8443191ffffffff,22,0
8443193ffffffff,14,0
844224dffffffff,13,0
8442241ffffffff,13,0
84694edffffffff,583,26
842c80dffffffff,32,14
843f1d3ffffffff,8,0
844332bffffffff,28,0
8442f45ffffffff,12,12
847ad9bffffffff,10,0
842c00bffffffff,112,64
842ca1dffffffff,148,9
842ca19ffffffff,54,23
84534b9ffffffff,31,0
8460f65ffffffff,50,12
84536e9ffffffff,152,42
8453617ffffffff,231,2
84446c3ffffffff,1393,38
842c809ffffffff,15,4
84536bbffffffff,146,49
8443a49ffffffff,105,6
8442a93ffffffff,20,1
847ac95ffffffff,21,0
8464929ffffffff,23,0
8441489ffffffff,65,27
8460f2dffffffff,80,0
843cb69ffffffff,29,0
842c86bffffffff,46,4
842c845ffffffff,94,4
842c84dffffffff,113,0
842ce5bffffffff,257,43
842ce59ffffffff,172,13
842c0b3ffffffff,131,40
842c0b1ffffffff,83,29
842c0b9ffffffff,26,31
845d145ffffffff,402,19
845d169ffffffff,756,0
845d105ffffffff,387,14
845d163ffffffff,48,0
845d161ffffffff,40,0
845d10dffffffff,246,0
845d16bffffffff,196,0
845d16dffffffff,129,0
84441e7ffffffff,275,0
84441e3ffffffff,155,0
844418dffffffff,36,0
8444189ffffffff,23,0
8426d19ffffffff,130,0
8426d1dffffffff,201,0
8426d03ffffffff,220,0
8426d07ffffffff,261,0
8444307ffffffff,4,0
8444301ffffffff,37,0
844430bffffffff,17,0
8444309ffffffff,7,0
8444355ffffffff,39,0
844435dffffffff,17,0
8426d01ffffffff,210,0
8426d05ffffffff,172,0
8426d29ffffffff,134,0
8444c2dffffffff,235,0
8444d5bffffffff,129,0
8444c67ffffffff,252,0
8444c65ffffffff,126,0
842aa69ffffffff,196,0
842aa45ffffffff,161,0
842aa41ffffffff,171,0
842aa49ffffffff,214,0
842b8a3ffffffff,299,0
8448ebbffffffff,2144,72
842a841ffffffff,203,0
842a849ffffffff,130,0
842aa23ffffffff,264,0
842aa35ffffffff,93,0
842aa3dffffffff,210,0
842aa39ffffffff,312,0
842a103ffffffff,1443,0
842a8b5ffffffff,213,0
842a8bdffffffff,198,0
842a8b9ffffffff,204,0
842a887ffffffff,119,0
842a883ffffffff,141,0
842a88bffffffff,41,0
844599dffffffff,59,0
844598bffffffff,33,0
8445989ffffffff,22,0
84459c7ffffffff,33,0
8444dc9ffffffff,334,0
842ab25ffffffff,1599,14
842ab2dffffffff,400,0
842ab21ffffffff,410,0
842ab27ffffffff,511,88
842a94dffffffff,536,0
8426ea9ffffffff,957,0
8426ea1ffffffff,238,0
8426ea7ffffffff,103,0
8426ccdffffffff,268,0
8426cb3ffffffff,244,0
844469bffffffff,218,0
84489a5ffffffff,195,0
8444699ffffffff,262,0
84446d3ffffffff,403,0
8426d63ffffffff,58,0
8426d0dffffffff,137,0
8426d09ffffffff,211,0
8426d55ffffffff,109,0
8426ec5ffffffff,128,0
8426ee9ffffffff,336,0
8426eedffffffff,82,0
8426e33ffffffff,126,0
8426d57ffffffff,95,0
8426c25ffffffff,116,0
8426d1bffffffff,24,0
8426c27ffffffff,103,0
842a8c1ffffffff,426,31
842a8c7ffffffff,322,0
842a88dffffffff,472,0
842a885ffffffff,231,24
842664dffffffff,1237,54
8427593ffffffff,2386,94
8427493ffffffff,393,0
8427497ffffffff,273,0
84274bbffffffff,289,0
84274b3ffffffff,138,0
84441b3ffffffff,72,0
84441b1ffffffff,99,0
84441bdffffffff,168,0
84441abffffffff,425,0
8448dc3ffffffff,138,0
8448dddffffffff,140,0
8448dd1ffffffff,138,0
8448ddbffffffff,210,0
84441a9ffffffff,537,351
84299cbffffffff,121,5
84299ddffffffff,55,0
8429837ffffffff,82,0
84299d9ffffffff,111,0
8429833ffffffff,101,0
84298edffffffff,170,0
8448ce5ffffffff,136,0
8448c33ffffffff,11,0
8448dd9ffffffff,207,0
8448c37ffffffff,4,0
8444dc3ffffffff,225,19
8444dddffffffff,372,14
8444dcbffffffff,242,0
8444c37ffffffff,157,0
8444c35ffffffff,194,0
8444c3dffffffff,331,0
84266bbffffffff,163,0
8444c93ffffffff,122,0
8444c97ffffffff,77,0
8444cbbffffffff,102,0
84489b1ffffffff,410,0
84489b5ffffffff,157,0
84489b7ffffffff,254,0
8426cb5ffffffff,105,0
8426ca3ffffffff,457,20
8426cbdffffffff,1385,101
8426c09ffffffff,17,0
8426c0bffffffff,78,0
8426c01ffffffff,67,0
8426c03ffffffff,117,0
8426c07ffffffff,120,0
842646bffffffff,78,0
8426445ffffffff,209,0
8426441ffffffff,139,106
8426449ffffffff,264,0
8426635ffffffff,110,0
842663dffffffff,205,0
848f2a5ffffffff,12,0
848f01bffffffff,41,0
848f013ffffffff,31,0
8429b6dffffffff,1772,0
8448e97ffffffff,1156,1
8444ebbffffffff,196,0
8444e95ffffffff,158,0
8444e83ffffffff,157,0
8444e8bffffffff,322,0
8444e81ffffffff,223,0
8426f65ffffffff,428,0
84268d9ffffffff,430,0
8426ab7ffffffff,332,0
84268cbffffffff,408,0
844cf57ffffffff,18,0
844cf51ffffffff,5,0
844cf55ffffffff,39,0
844cf43ffffffff,52,0
841a96bffffffff,27,0
8445a8dffffffff,20,0
8445ac7ffffffff,38,0
8445ac1ffffffff,38,0
8445ac9ffffffff,25,0
842749bffffffff,406,0
84275c9ffffffff,173,0
8427435ffffffff,287,51
842743dffffffff,297,4
8427407ffffffff,219,0
8444a03ffffffff,47,0
8444a07ffffffff,58,0
8444a05ffffffff,49,0
8444a29ffffffff,28,0
8426b27ffffffff,24,0
842694dffffffff,105,0
8426945ffffffff,212,0
842696bffffffff,295,7
8426d67ffffffff,65,0
844454bffffffff,37,0
8444737ffffffff,65,0
8444559ffffffff,28,0
8444465ffffffff,603,0
8444467ffffffff,125,0
84441d9ffffffff,44,0
84440e5ffffffff,45,0
84440e7ffffffff,156,0
84440e3ffffffff,76,0
844408dffffffff,38,0
84446e1ffffffff,167,0
84446ebffffffff,195,0
84446c7ffffffff,291,0
842af25ffffffff,118,0
842a899ffffffff,139,0
842a891ffffffff,223,0
842a895ffffffff,169,0
842a8bbffffffff,150,0
842a129ffffffff,304,0
842a105ffffffff,950,0
842a101ffffffff,897,0
842b89bffffffff,164,0
842a327ffffffff,254,0
842a321ffffffff,266,0
842a32bffffffff,245,0
842aa0bffffffff,289,0
842aa03ffffffff,255,0
842aa31ffffffff,260,0
842aad5ffffffff,64,0
842aac3ffffffff,286,0
842aacbffffffff,1033,0
8426d0bffffffff,108,0
842b891ffffffff,340,0
842a325ffffffff,140,0
8448a1dffffffff,18,0
8448a11ffffffff,17,0
8448a15ffffffff,35,0
8448a17ffffffff,3,0
8448a3bffffffff,14,0
8444db7ffffffff,225,0
8444db1ffffffff,209,0
8444d83ffffffff,146,0
8429a61ffffffff,199,0
8429a65ffffffff,196,0
8429b59ffffffff,182,0
8429b5dffffffff,196,0
8444d57ffffffff,101,0
8444c29ffffffff,418,0
8444c63ffffffff,90,7
844c915ffffffff,8,0
844c917ffffffff,22,0
844c913ffffffff,34,0
844c9cdffffffff,27,0
8427591ffffffff,490,107
8427597ffffffff,688,191
8427641ffffffff,0,1
8427647ffffffff,18,0
8427605ffffffff,12,0
842986bffffffff,843,48
8429869ffffffff,894,0
8429b17ffffffff,137,0
8426d5dffffffff,51,0
8426333ffffffff,26,0
842633bffffffff,46,0
842606dffffffff,34,0
8426069ffffffff,46,0
8426045ffffffff,71,0
842aac1ffffffff,312,0
8426091ffffffff,74,0
84260b1ffffffff,347,1
8444c87ffffffff,272,0
8444cbdffffffff,80,0
8444cabffffffff,328,41
8444ca3ffffffff,361,59
8444ca1ffffffff,221,0
8444ca7ffffffff,249,0
8444ca5ffffffff,249,0
8444a81ffffffff,711,0
8444a83ffffffff,887,0
8444a95ffffffff,1015,115
8444a97ffffffff,1508,46
8444f23ffffffff,63,0
8444f2bffffffff,70,0
8444f21ffffffff,107,0
8444f29ffffffff,161,0
8444f67ffffffff,47,0
8444d81ffffffff,199,0
8444d8dffffffff,142,0
8444de3ffffffff,140,0
842b8bdffffffff,221,0
842b8a7ffffffff,146,0
8426f67ffffffff,144,0
8426f61ffffffff,92,0
8426f6bffffffff,153,0
8426f47ffffffff,184,0
842b22bffffffff,18,0
842b207ffffffff,28,0
842b201ffffffff,31,0
842b20bffffffff,50,0
842b209ffffffff,1,0
842b255ffffffff,41,0
8427595ffffffff,181,12
842a811ffffffff,259,0
842a815ffffffff,161,0
842a83bffffffff,132,0
842a831ffffffff,221,0
842a837ffffffff,119,0
8426c87ffffffff,1774,47
845d303ffffffff,45,0
845d31dffffffff,77,0
845d319ffffffff,97,0
845d353ffffffff,25,0
845d225ffffffff,33,0
845d22dffffffff,44,0
8426293ffffffff,196,10
8426769ffffffff,152,0
8426297ffffffff,98,0
842676dffffffff,42,0
84262bbffffffff,85,0
84262b3ffffffff,59,0
8426cabffffffff,781,192
8426665ffffffff,398,0
842666dffffffff,604,15
8426661ffffffff,1131,171
8426669ffffffff,703,85
8426645ffffffff,920,12
8444a99ffffffff,549,0
8444a9bffffffff,450,16
84441a5ffffffff,612,43
84441a7ffffffff,669,0
84441a1ffffffff,505,62
8444ec9ffffffff,37,0
8444ecdffffffff,50,0
8444ec5ffffffff,313,0
8444eebffffffff,394,0
8444ee9ffffffff,66,0
8444ee1ffffffff,410,14
8426db1ffffffff,152,0
8426db9ffffffff,186,0
8426dbbffffffff,246,0
8426d95ffffffff,168,0
8426d97ffffffff,393,0
8426d91ffffffff,82,0
8426d93ffffffff,193,0
8448c09ffffffff,456,0
8448c0bffffffff,49,0
8448c55ffffffff,161,0
8448c57ffffffff,179,0
8448c53ffffffff,228,0
8448f37ffffffff,537,0
8448f33ffffffff,513,0
8426f45ffffffff,76,0
8426f09ffffffff,95,0
8426f0bffffffff,103,0
8444dc1ffffffff,290,0
8444dc7ffffffff,193,0
8444507ffffffff,167,0
844453dffffffff,170,0
8444523ffffffff,75,0
8444abbffffffff,361,0
8444ab9ffffffff,325,0
8444a8dffffffff,854,21
842aa19ffffffff,181,0
842a125ffffffff,240,0
842a127ffffffff,391,0
842a121ffffffff,412,0
842a123ffffffff,357,0
8426427ffffffff,18,0
842651bffffffff,29,0
8426513ffffffff,60,0
8426517ffffffff,198,0
84265edffffffff,131,0
8448de3ffffffff,160,0
8448d8dffffffff,214,0
8448d89ffffffff,376,0
8448dd5ffffffff,67,0
8426cb9ffffffff,999,7
842b505ffffffff,28,0
842b50dffffffff,6,0
842b509ffffffff,21,0
842b543ffffffff,17,0
842b54bffffffff,8,0
842aaedffffffff,450,0
842aac5ffffffff,714,0
842aacdffffffff,718,11
84129b9ffffffff,6,0
84129bdffffffff,28,0
8412987ffffffff,29,0
8412985ffffffff,30,1
84445b3ffffffff,200,0
842659bffffffff,265,0
8426617ffffffff,204,0
8426613ffffffff,237,0
842661bffffffff,559,22
842a923ffffffff,101,0
8448d33ffffffff,146,0
8448d35ffffffff,172,0
8448d23ffffffff,168,0
8448d21ffffffff,115,0
8426ad1ffffffff,37,0
8426ad9ffffffff,35,0
8426137ffffffff,36,0
8426131ffffffff,106,0
84264a5ffffffff,183,0
84264adffffffff,105,0
842aa33ffffffff,229,0
842a859ffffffff,160,0
8444a11ffffffff,1518,37
8444a17ffffffff,197,0
8444a13ffffffff,838,32
8426699ffffffff,31,0
8426691ffffffff,118,0
8426695ffffffff,106,0
8429b63ffffffff,52,0
8429b05ffffffff,231,0
8429b07ffffffff,116,0
8429b39ffffffff,156,0
8444409ffffffff,393,0
844440bffffffff,280,0
8444455ffffffff,384,0
8444451ffffffff,290,0
8444459ffffffff,260,0
84276adffffffff,119,0
84276a5ffffffff,74,0
84276a7ffffffff,93,0
84274cdffffffff,218,0
84274c1ffffffff,117,0
842a98dffffffff,83,0
842a9e3ffffffff,174,0
842a9e7ffffffff,151,0
842a9e5ffffffff,166,0
84266dbffffffff,107,0
844cd5dffffffff,19,0
844cd43ffffffff,74,0
844cd41ffffffff,62,24
844cd45ffffffff,29,0
8444a89ffffffff,55,0
8426d51ffffffff,46,0
8426d53ffffffff,67,0
8448c8bffffffff,87,0
8448c81ffffffff,61,4
8448c87ffffffff,50,0
8448cbdffffffff,24,0
8448ca3ffffffff,6,0
8426017ffffffff,95,0
8426015ffffffff,238,0
8426039ffffffff,117,0
8426007ffffffff,25,0
842602bffffffff,10,0
842b8b9ffffffff,190,0
8426d49ffffffff,29,0
8426f35ffffffff,80,0
8426f3dffffffff,107,0
8426f39ffffffff,135,0
8428a45ffffffff,106,0
8428a41ffffffff,62,0
8428a49ffffffff,33,0
8428a4bffffffff,31,0
84298b5ffffffff,44,0
8448d49ffffffff,87,0
8448f23ffffffff,44,0
8448f35ffffffff,144,0
8448f31ffffffff,84,14
84458a5ffffffff,11,0
84458adffffffff,27,0
84459dbffffffff,35,0
84459d9ffffffff,28,9
8445837ffffffff,11,0
84445b7ffffffff,150,0
84445b1ffffffff,347,0
84445bbffffffff,243,0
8444595ffffffff,108,0
8444591ffffffff,51,0
8448d2dffffffff,142,0
8426da5ffffffff,310,0
8426da1ffffffff,81,0
8444ecbffffffff,236,0
8444537ffffffff,123,0
8444531ffffffff,159,0
844453bffffffff,55,0
8448e93ffffffff,444,106
8429b4dffffffff,142,0
842a897ffffffff,656,12
842ad6dffffffff,241,0
842a8b3ffffffff,142,0
8444dbdffffffff,233,0
842aac9ffffffff,693,0
8426537ffffffff,170,63
8426533ffffffff,579,98
842653bffffffff,179,16
8426511ffffffff,87,0
8444db5ffffffff,230,0
842a8a3ffffffff,243,0
8444f47ffffffff,239,0
8444f0dffffffff,447,0
8444f01ffffffff,446,12
8444f03ffffffff,312,0
8448ea9ffffffff,76,0
8448ea1ffffffff,36,0
8448eadffffffff,261,0
8448c51ffffffff,73,0
8426611ffffffff,477,0
8426615ffffffff,54,0
842663bffffffff,214,0
8444533ffffffff,1,0
8444ec3ffffffff,292,0
8444ec1ffffffff,109,0
8444ec7ffffffff,445,0
8429b65ffffffff,164,0
8448cd9ffffffff,181,0
842986dffffffff,208,0
8429b33ffffffff,62,0
8429b31ffffffff,102,0
8429b37ffffffff,5,0
8429b35ffffffff,122,0
842aaabffffffff,590,0
842aa87ffffffff,711,9
842a33dffffffff,123,0
842a339ffffffff,689,1
842a303ffffffff,610,0
842a31dffffffff,201,0
842a30bffffffff,125,0
842a357ffffffff,75,0
842a351ffffffff,30,0
8426ee5ffffffff,178,0
8426543ffffffff,163,0
842654bffffffff,33,0
8426735ffffffff,98,0
8426731ffffffff,82,0
842673dffffffff,131,0
8426739ffffffff,94,0
842aae1ffffffff,305,0
842aae5ffffffff,106,0
8426835ffffffff,75,0
8426823ffffffff,130,0
8426827ffffffff,45,0
8426825ffffffff,15,0
842980bffffffff,65,0
8429809ffffffff,93,0
842980dffffffff,26,0
8429a09ffffffff,824,93
8429a0dffffffff,565,162
8429a63ffffffff,293,0
8429a57ffffffff,2358,627
8429a0bffffffff,2414,603
8429a03ffffffff,527,79
842aa2bffffffff,153,0
842aa07ffffffff,169,0
842aa1dffffffff,150,0
84269a7ffffffff,92,0
84269a5ffffffff,129,0
8429967ffffffff,157,0
8429929ffffffff,72,0
842a85dffffffff,150,0
842a843ffffffff,191,0
8426da7ffffffff,208,0
8448d65ffffffff,120,0
8445051ffffffff,14,0
8445053ffffffff,32,7
84452a5ffffffff,16,13
844501bffffffff,21,9
84450cdffffffff,34,1
84446d5ffffffff,1069,9
84446d7ffffffff,368,0
8444691ffffffff,237,0
8426a55ffffffff,9,0
8426a51ffffffff,34,0
8426a53ffffffff,6,0
8426a5bffffffff,38,0
842612dffffffff,25,0
8426167ffffffff,32,0
8426129ffffffff,21,0
8444debffffffff,291,0
8427837ffffffff,58,0
8427835ffffffff,42,0
84279c9ffffffff,96,0
8427827ffffffff,78,0
842791bffffffff,91,0
84275bbffffffff,294,0
84275b1ffffffff,249,0
84275b5ffffffff,215,0
8426749ffffffff,166,0
844473dffffffff,101,0
8444731ffffffff,61,0
844473bffffffff,214,0
844446dffffffff,134,0
8444717ffffffff,151,0
8426e5bffffffff,221,0
8426565ffffffff,330,76
842670bffffffff,128,0
8426757ffffffff,225,0
8426751ffffffff,332,0
842675bffffffff,185,0
8444c11ffffffff,889,0
8444c1bffffffff,1589,0
84275b9ffffffff,255,0
8444c61ffffffff,57,0
8426539ffffffff,138,0
8426503ffffffff,154,0
842651dffffffff,194,12
842650bffffffff,41,0
8426557ffffffff,158,0
8426551ffffffff,288,0
842a921ffffffff,383,0
842a92dffffffff,144,0
8426653ffffffff,162,117
8426651ffffffff,290,0
8444367ffffffff,30,0
8444361ffffffff,41,0
8444369ffffffff,23,18
84450a7ffffffff,365,0
84450a5ffffffff,63,0
844519bffffffff,44,0
844451bffffffff,113,0
8444425ffffffff,85,0
8444427ffffffff,72,0
8444421ffffffff,234,0
844442bffffffff,161,0
8444e39ffffffff,15,0
8444e3bffffffff,77,0
8444eedffffffff,177,0
8426489ffffffff,12,0
84264d5ffffffff,187,0
84264d1ffffffff,822,0
842b81dffffffff,150,0
842b857ffffffff,39,0
842b853ffffffff,152,0
842b851ffffffff,140,0
842b85bffffffff,92,0
842bae5ffffffff,95,0
8426cb1ffffffff,763,16
8426e57ffffffff,120,0
8426e1dffffffff,127,0
8426e0bffffffff,84,0
8426e03ffffffff,120,0
8426e07ffffffff,250,1
8444ac5ffffffff,932,40
8429a2dffffffff,164,0
8429a29ffffffff,372,0
8429a05ffffffff,364,0
8444457ffffffff,167,0
844440dffffffff,282,0
84446ddffffffff,432,41
84446d1ffffffff,722,0
84446d9ffffffff,227,0
84446dbffffffff,344,0
84489e7ffffffff,412,107
8426099ffffffff,44,0
84260d3ffffffff,47,0
8444461ffffffff,261,0
8444405ffffffff,261,0
8444401ffffffff,242,0
8429b69ffffffff,554,4
8429b45ffffffff,365,7
8429b41ffffffff,92,0
8429b43ffffffff,322,0
8448d41ffffffff,207,0
8448d4dffffffff,59,0
8448893ffffffff,128,0
8448897ffffffff,115,0
84441c1ffffffff,53,0
84441cbffffffff,59,0
84441ddffffffff,80,0
8444037ffffffff,55,0
8426d43ffffffff,88,0
8448c01ffffffff,38,0
8448c05ffffffff,109,0
842a80dffffffff,166,0
842a805ffffffff,74,0
8444e07ffffffff,179,0
8444e05ffffffff,142,0
8444e29ffffffff,239,0
8444e67ffffffff,268,0
8426d41ffffffff,142,0
8426d4bffffffff,106,0
8426f37ffffffff,180,0
8426f31ffffffff,102,0
8426f3bffffffff,66,0
842ab31ffffffff,291,0
842ab35ffffffff,375,0
842a94bffffffff,221,0
842a941ffffffff,57,0
842a943ffffffff,94,0
84266b5ffffffff,327,0
84264c9ffffffff,215,0
84264c1ffffffff,94,0
84264c5ffffffff,93,0
84264e9ffffffff,175,0
84489c1ffffffff,731,124
842a135ffffffff,472,0
8444dd9ffffffff,356,91
8444dd1ffffffff,329,12
8444dd3ffffffff,204,0
8426ca9ffffffff,690,14
8426c85ffffffff,644,12
8426759ffffffff,368,0
8448cd3ffffffff,101,0
8429b2dffffffff,181,0
8429b29ffffffff,902,51
8427823ffffffff,46,0
842783dffffffff,50,0
8427831ffffffff,59,0
8427839ffffffff,54,0
842783bffffffff,33,0
8427817ffffffff,27,0
841b8a5ffffffff,17,0
841b8a7ffffffff,0,2
841b8a3ffffffff,0,31
841b8bdffffffff,0,25
841b8b1ffffffff,0,22
8444ee3ffffffff,442,0
842662dffffffff,116,0
8426629ffffffff,82,0
8426605ffffffff,66,0
8444d95ffffffff,105,0
8444d91ffffffff,168,0
8444d9bffffffff,149,0
842a9b3ffffffff,173,3
8444d8bffffffff,353,0
8444dd7ffffffff,331,0
842adedffffffff,19,0
842ad17ffffffff,91,0
842ad15ffffffff,129,0
842ad1dffffffff,80,0
842ad0bffffffff,127,3
84266b1ffffffff,143,0
844468bffffffff,418,12
844469dffffffff,291,0
8429a07ffffffff,453,0
8429a39ffffffff,489,0
8429a15ffffffff,860,0
8429a17ffffffff,145,5
8448d59ffffffff,14,0
8448c65ffffffff,39,0
8448c61ffffffff,459,0
8426f69ffffffff,71,0
8426f4dffffffff,163,0
8426f49ffffffff,212,0
84261b5ffffffff,185,0
84265ebffffffff,165,0
84265e1ffffffff,214,0
84265e5ffffffff,137,0
8426ed9ffffffff,97,0
8429a67ffffffff,220,0
8448cd7ffffffff,53,0
84264c7ffffffff,67,0
84264c3ffffffff,150,35
8426463ffffffff,564,12
8444d97ffffffff,83,0
8444d93ffffffff,197,0
842a997ffffffff,115,12
842a9bbffffffff,122,0
8426dbdffffffff,251,0
8444a91ffffffff,241,72
8444a1bffffffff,1641,1
8444b41ffffffff,8,1
8444b45ffffffff,31,0
8444b69ffffffff,13,0
842ab15ffffffff,258,0
842ab11ffffffff,115,83
842ab1bffffffff,181,0
842aa27ffffffff,209,0
8426707ffffffff,175,0
8426703ffffffff,93,0
845d149ffffffff,20,0
845d335ffffffff,99,0
845d33dffffffff,48,0
845d339ffffffff,36,0
844472bffffffff,63,0
8444707ffffffff,35,0
8444739ffffffff,89,0
8444715ffffffff,94,0
8448587ffffffff,58,0
84485b9ffffffff,174,0
8448595ffffffff,23,0
84485bbffffffff,237,0
8448597ffffffff,312,5
8426e87ffffffff,152,0
8426eabffffffff,350,0
8426ea3ffffffff,156,0
8426a91ffffffff,197,0
8426a99ffffffff,102,0
84261a5ffffffff,174,0
84261a1ffffffff,198,0
84261a9ffffffff,39,0
842a5ddffffffff,42,4
842a5d1ffffffff,31,0
842a5dbffffffff,2,0
842a5d3ffffffff,27,0
842a4adffffffff,7,0
842a4a5ffffffff,23,0
842a4a1ffffffff,11,0
842a4a7ffffffff,8,0
8444203ffffffff,5,0
844420bffffffff,67,0
8444257ffffffff,39,0
8444253ffffffff,38,0
844425bffffffff,5,0
844552dffffffff,2,0
8444081ffffffff,123,0
8444085ffffffff,236,0
8444d1bffffffff,274,0
8444dcdffffffff,390,0
842a8a1ffffffff,210,0
842a8adffffffff,118,0
842a8a9ffffffff,61,9
842a8e7ffffffff,129,0
842a8e3ffffffff,95,0
842a8ebffffffff,141,0
8444d4bffffffff,91,0
8444f35ffffffff,92,0
844cc41ffffffff,39,0
844cc43ffffffff,158,30
844cc55ffffffff,35,0
844cc57ffffffff,37,0
844cc19ffffffff,3,0
8448eb3ffffffff,537,0
8448eb9ffffffff,583,0
8448ebdffffffff,161,0
84446cbffffffff,877,162
84446c1ffffffff,862,0
84446cdffffffff,85,0
8444613ffffffff,54,0
844461bffffffff,63,0
84458cbffffffff,50,0
8445ab5ffffffff,24,0
8445ab1ffffffff,36,0
8445ab9ffffffff,24,0
8445a95ffffffff,20,0
844442dffffffff,271,0
8444553ffffffff,211,0
844450bffffffff,395,0
8444453ffffffff,217,0
84446adffffffff,433,0
84446a1ffffffff,326,0
84446abffffffff,191,0
8426693ffffffff,80,0
8426697ffffffff,36,0
84266b9ffffffff,44,0
84446a9ffffffff,154,0
8428ca7ffffffff,45,0
84129b7ffffffff,66,0
84129b5ffffffff,64,0
84129a3ffffffff,12,0
84129abffffffff,19,0
8426185ffffffff,52,0
842618dffffffff,95,0
8426189ffffffff,131,0
84261c3ffffffff,2,0
8426755ffffffff,229,0
842675dffffffff,396,0
84289b7ffffffff,234,0
84289b1ffffffff,28,0
8444da3ffffffff,133,0
8448d6bffffffff,142,0
8448d47ffffffff,82,0
8448d4bffffffff,284,0
8426f27ffffffff,3,0
8426f23ffffffff,86,0
8426f2bffffffff,63,0
8426f07ffffffff,137,0
8426f03ffffffff,98,0
842ad97ffffffff,93,0
842ad95ffffffff,71,0
842adb9ffffffff,76,0
842adbdffffffff,99,0
842adabffffffff,50,0
842ada1ffffffff,1,0
8444505ffffffff,362,0
8448d2bffffffff,96,0
8448d3dffffffff,81,0
8444697ffffffff,164,0
8444693ffffffff,303,27
8426c97ffffffff,249,0
8426cbbffffffff,610,17
8444125ffffffff,649,1
8444127ffffffff,257,0
8448d45ffffffff,127,0
8449a93ffffffff,13,0
8448369ffffffff,76,0
8448345ffffffff,5,0
844836bffffffff,42,0
844830dffffffff,18,0
842a8a5ffffffff,44,0
842a8e1ffffffff,199,0
842a12bffffffff,659,0
8426c1bffffffff,50,0
8426c11ffffffff,456,0
8426f33ffffffff,169,0
8426c6dffffffff,141,0
8426c69ffffffff,30,0
8426f13ffffffff,28,0
8426c4dffffffff,5,0
8426c81ffffffff,441,0
8426c89ffffffff,610,13
8426cc3ffffffff,358,0
8426ccbffffffff,509,0
84485b1ffffffff,289,16
84488b9ffffffff,96,0
84488bdffffffff,69,0
84488a3ffffffff,38,0
84488a1ffffffff,38,0
84488a7ffffffff,266,17
842aab9ffffffff,164,0
842aabdffffffff,306,0
8444d51ffffffff,447,0
8444d55ffffffff,343,0
8444d0bffffffff,137,0
8444d03ffffffff,283,0
8444d39ffffffff,529,0
842a84bffffffff,257,0
842aa37ffffffff,204,0
8444c81ffffffff,20,0
8444c09ffffffff,153,0
8444c55ffffffff,150,0
8444c51ffffffff,93,0
8444c59ffffffff,65,0
8444c5bffffffff,38,0
8444ee5ffffffff,182,0
842a983ffffffff,181,0
842a995ffffffff,130,0
842a991ffffffff,22,0
842a993ffffffff,44,0
842a437ffffffff,7,0
842a5cbffffffff,26,0
842a5c9ffffffff,32,0
842a427ffffffff,32,0
842a425ffffffff,24,0
842b883ffffffff,142,0
842b887ffffffff,115,0
842b8b1ffffffff,210,0
8444463ffffffff,97,0
8428027ffffffff,61,0
8428021ffffffff,76,0
842802dffffffff,259,0
842815bffffffff,178,0
8426c37ffffffff,62,0
8426dcbffffffff,84,0
8426dc3ffffffff,47,0
8426dc7ffffffff,111,0
8426debffffffff,89,0
842a84dffffffff,163,0
842ab13ffffffff,97,37
842983bffffffff,20,0
84298e9ffffffff,143,0
8429813ffffffff,193,0
8444c8bffffffff,8,0
8444c9dffffffff,73,0
8444cd7ffffffff,114,0
8444cd3ffffffff,640,0
84264dbffffffff,739,0
84266a5ffffffff,145,0
84266a1ffffffff,262,0
84266a9ffffffff,145,0
8426685ffffffff,79,0
8426681ffffffff,49,0
84441dbffffffff,106,0
84441d1ffffffff,32,0
84441c3ffffffff,18,0
842a901ffffffff,496,0
842a907ffffffff,348,0
842a905ffffffff,252,0
842a92bffffffff,384,0
842a115ffffffff,71,0
842a139ffffffff,458,0
8426ce5ffffffff,1039,0
8426ce7ffffffff,319,0
8444d9dffffffff,110,0
8444d99ffffffff,368,0
8426639ffffffff,148,0
8426623ffffffff,128,0
8426627ffffffff,20,20
842644dffffffff,305,36
842a323ffffffff,157,0
842a14dffffffff,228,0
842b893ffffffff,189,0
8444a19ffffffff,513,12
8448c6bffffffff,317,0
8448c0dffffffff,248,0
842a8b1ffffffff,174,26
842a8b7ffffffff,179,0
84264d9ffffffff,576,0
84264ddffffffff,361,0
84269b9ffffffff,76,0
84269bbffffffff,215,0
8448d93ffffffff,59,0
8448d97ffffffff,68,0
8448d95ffffffff,17,0
842668dffffffff,111,0
8426689ffffffff,299,0
84266c3ffffffff,247,0
842652bffffffff,219,0
8426521ffffffff,281,0
8426525ffffffff,267,0
8426e1bffffffff,111,0
8426e19ffffffff,88,0
842612bffffffff,75,0
8426107ffffffff,77,0
8426103ffffffff,37,0
842611dffffffff,36,0
8426119ffffffff,9,0
842698dffffffff,133,0
8426989ffffffff,193,0
84269d5ffffffff,154,0
84269d1ffffffff,119,0
842a141ffffffff,272,0
842a147ffffffff,218,0
842a10dffffffff,803,0
8426053ffffffff,115,0
8426051ffffffff,149,0
8426055ffffffff,191,0
8426043ffffffff,94,0
8426009ffffffff,210,0
8426047ffffffff,117,0
842a8c9ffffffff,146,0
8426d2dffffffff,87,0
8426d25ffffffff,41,0
8448de7ffffffff,140,0
842a8ddffffffff,251,0
842aab7ffffffff,199,0
842aab5ffffffff,212,0
842aab1ffffffff,87,0
842aa81ffffffff,367,0
842aa8bffffffff,149,0
842aa89ffffffff,298,0
842a853ffffffff,181,0
842aaa5ffffffff,276,0
842aaadffffffff,283,0
842aaa1ffffffff,388,0
842aaa9ffffffff,628,0
8444637ffffffff,122,0
844444bffffffff,132,0
8444449ffffffff,94,0
8444441ffffffff,88,0
844444dffffffff,117,0
84441e1ffffffff,102,0
84441e5ffffffff,385,13
842aa57ffffffff,300,0
842aa53ffffffff,256,0
842a12dffffffff,274,0
8429a1dffffffff,1176,0
8444469ffffffff,62,0
8444445ffffffff,62,0
8444447ffffffff,129,0
8426dddffffffff,152,0
8426dd9ffffffff,254,0
8426ddbffffffff,268,0
8426eb5ffffffff,426,0
8426ebdffffffff,183,0
8426eb9ffffffff,60,60
8426433ffffffff,172,0
8426437ffffffff,133,0
84265cbffffffff,110,0
84265c3ffffffff,89,0
84265c1ffffffff,71,0
8426541ffffffff,32,0
8426545ffffffff,95,0
842656bffffffff,196,0
8426569ffffffff,257,0
8426561ffffffff,720,18
842a81dffffffff,132,0
842a857ffffffff,175,0
8429917ffffffff,152,0
842993bffffffff,212,8
8429939ffffffff,57,12
842993dffffffff,58,0
8444e25ffffffff,100,0
8444e2dffffffff,130,0
8444f5bffffffff,204,0
8444f59ffffffff,197,0
8444713ffffffff,131,0
8444711ffffffff,64,0
8426567ffffffff,678,12
842652dffffffff,218,0
84266b7ffffffff,330,0
84264d3ffffffff,446,0
842a96bffffffff,90,0
842a947ffffffff,80,0
842a307ffffffff,352,117
84450c1ffffffff,29,0
84450c7ffffffff,30,0
8445089ffffffff,36,0
842630dffffffff,30,0
8426363ffffffff,1,0
842636bffffffff,76,0
8426361ffffffff,94,0
842636dffffffff,41,0
842608dffffffff,766,19
84260ebffffffff,52,0
84260e3ffffffff,378,12
8444859ffffffff,24,0
8444851ffffffff,34,0
8444857ffffffff,34,0
844481dffffffff,29,0
8444689ffffffff,357,48
8426747ffffffff,437,18
8426743ffffffff,335,0
84275b3ffffffff,223,0
8412ca1ffffffff,67,0
8412cadffffffff,80,0
8412ddbffffffff,48,0
8412dd1ffffffff,62,0
8412dd9ffffffff,108,0
845d239ffffffff,7,0
845d231ffffffff,41,0
8426659ffffffff,191,0
84274b7ffffffff,362,0
842664bffffffff,419,0
8426641ffffffff,546,0
842a953ffffffff,196,0
842a825ffffffff,68,0
842a82dffffffff,194,0
842a821ffffffff,128,0
842a829ffffffff,108,0
842a82bffffffff,60,0
8426631ffffffff,110,0
8426531ffffffff,129,5
8426515ffffffff,98,0
8426519ffffffff,293,0
8426553ffffffff,148,0
8448e13ffffffff,83,0
8448ec5ffffffff,129,0
8448ec7ffffffff,29,0
8448e8dffffffff,171,0
8426003ffffffff,34,0
8426001ffffffff,33,0
8426005ffffffff,41,0
8426063ffffffff,53,0
8429a53ffffffff,138,0
8429a55ffffffff,1332,240
8429b19ffffffff,7,0
8429b1bffffffff,122,0
8429a25ffffffff,175,0
8429a21ffffffff,158,0
8448eb1ffffffff,429,0
8426701ffffffff,242,0
8426ca1ffffffff,201,0
8426ca7ffffffff,333,0
8426ca5ffffffff,52,0
8426d9bffffffff,217,0
8426d99ffffffff,20,0
8444cadffffffff,306,0
8444ca9ffffffff,124,0
8444c85ffffffff,57,0
84489b3ffffffff,143,0
8426f6dffffffff,100,0
84488b7ffffffff,143,0
8426db5ffffffff,171,0
842a9b7ffffffff,86,0
8426c59ffffffff,184,0
8426c5dffffffff,83,0
8426c43ffffffff,57,0
8426c47ffffffff,8,0
8444f2dffffffff,19,0
84448dbffffffff,27,0
8444f65ffffffff,58,0
8444ab3ffffffff,28,0
840c535ffffffff,35,0
840cec9ffffffff,78,0
840cecdffffffff,175,0
840ce1bffffffff,21,0
840ce13ffffffff,84,0
840ce11ffffffff,50,0
8426c31ffffffff,90,0
8426c33ffffffff,207,0
8448cc7ffffffff,93,0
8448cebffffffff,86,0
8448ce1ffffffff,138,0
842a855ffffffff,54,0
842a809ffffffff,106,0
842a917ffffffff,31,0
842a915ffffffff,174,0
842a91dffffffff,178,0
842a903ffffffff,236,0
842a90bffffffff,487,1
842a909ffffffff,431,0
845d157ffffffff,60,0
845d10bffffffff,106,0
845d109ffffffff,102,0
845d101ffffffff,348,0
845d067ffffffff,6,0
845d15bffffffff,38,0
845d159ffffffff,21,0
845d151ffffffff,20,0
845d15dffffffff,41,0
845d143ffffffff,26,0
84455bbffffffff,19,34
844466dffffffff,26,1
8426647ffffffff,280,0
8426609ffffffff,335,0
845d235ffffffff,1,0
84275a3ffffffff,151,0
84275bdffffffff,267,12
842b917ffffffff,39,0
842b911ffffffff,55,0
842b91bffffffff,30,0
842b825ffffffff,36,0
842b821ffffffff,8,0
844468dffffffff,308,0
842af29ffffffff,101,0
842af47ffffffff,21,0
842af43ffffffff,30,0
842aa51ffffffff,105,0
842aa55ffffffff,73,0
842aa5dffffffff,39,0
842b8b7ffffffff,21,0
842a8a7ffffffff,65,0
8426705ffffffff,148,0
8426763ffffffff,177,2
8426767ffffffff,233,0
8428809ffffffff,190,0
8428843ffffffff,469,0
8428841ffffffff,317,0
842884dffffffff,135,0
8428b13ffffffff,110,0
842a107ffffffff,956,0
842a10bffffffff,591,0
842a109ffffffff,470,0
842a155ffffffff,332,0
842a143ffffffff,259,0
842a15dffffffff,286,11
8426e39ffffffff,367,0
8426e3dffffffff,615,0
8429865ffffffff,225,0
8429959ffffffff,117,0
842995dffffffff,66,0
844ce31ffffffff,105,0
844ce3dffffffff,94,0
844ce2bffffffff,61,0
844ce29ffffffff,61,0
842af2dffffffff,103,0
842af05ffffffff,137,0
842af01ffffffff,5,0
842af09ffffffff,22,0
840ee9dffffffff,30,0
840ee95ffffffff,40,0
840eebbffffffff,41,0
840eeb3ffffffff,10,0
84268d1ffffffff,19,0
8444ee7ffffffff,453,0
8444e8dffffffff,106,0
84274d3ffffffff,388,0
842ab67ffffffff,486,0
842ab63ffffffff,451,0
842ab6bffffffff,134,0
8426741ffffffff,159,0
8448d3bffffffff,37,0
8448d39ffffffff,87,0
84c2e39ffffffff,153,0
84c2e07ffffffff,28,0
84c2e03ffffffff,6,0
84c2e31ffffffff,172,26
84c2e3bffffffff,1,0
8445b61ffffffff,17,0
8445b6dffffffff,52,0
8467169ffffffff,27,0
8467881ffffffff,20,0
8467887ffffffff,37,0
84678bdffffffff,32,4
842aa1bffffffff,170,0
8466345ffffffff,61,0
8466347ffffffff,116,0
846630dffffffff,30,0
8466301ffffffff,52,12
8466307ffffffff,28,0
8444f49ffffffff,514,0
84261a3ffffffff,186,0
8426f4bffffffff,113,0
84261b7ffffffff,150,0
8444de9ffffffff,188,0
8444d13ffffffff,212,0
8429b11ffffffff,125,0
8429b15ffffffff,280,0
8429b3bffffffff,89,0
8429b3dffffffff,110,0
8430e1dffffffff,49,2
8430e15ffffffff,200,0
8430e11ffffffff,101,0
8430e13ffffffff,132,0
8430ec5ffffffff,148,0
8430ec7ffffffff,137,0
842e4dbffffffff,26,23
842e4d9ffffffff,33,0
842e6b3ffffffff,56,0
842e6b1ffffffff,53,0
842e6b9ffffffff,100,0
842e687ffffffff,135,0
8430189ffffffff,36,21
8430181ffffffff,15,16
8430e8dffffffff,17,0
8430e89ffffffff,30,4
8430e81ffffffff,29,7
8413869ffffffff,12,0
8413b17ffffffff,40,2
8413b3bffffffff,26,0
8430e6bffffffff,45,58
8430e69ffffffff,30,8
8430193ffffffff,17,0
8430197ffffffff,12,0
8430e0bffffffff,340,9
8430e09ffffffff,385,57
8430e0dffffffff,131,10
8421893ffffffff,17,0
8420145ffffffff,42,22
8420147ffffffff,96,8
84be1d3ffffffff,127,0
84be199ffffffff,32,0
84be19dffffffff,44,0
84be183ffffffff,74,0
844b039ffffffff,0,2
844b03dffffffff,8,25
844b02bffffffff,25,5
844b029ffffffff,29,19
844b02dffffffff,2,58
8430c6bffffffff,141,0
8430c47ffffffff,53,0
8430c41ffffffff,110,0
8430c4bffffffff,20,0
8430e35ffffffff,61,0
8430e03ffffffff,362,0
8430c67ffffffff,154,1
8430c2dffffffff,135,14
8430c49ffffffff,102,0
8430c45ffffffff,73,0
8444f15ffffffff,277,0
8444f1dffffffff,188,0
8444f0bffffffff,150,0
8444f55ffffffff,313,0
8444f43ffffffff,307,60
8426ed7ffffffff,120,0
8426ed5ffffffff,173,0
8444ad9ffffffff,138,28
8444133ffffffff,300,76
842a8d3ffffffff,14,0
842a8d7ffffffff,131,0
842a8d1ffffffff,150,0
842a8d5ffffffff,74,0
842a8c3ffffffff,101,0
842a8cbffffffff,198,0
844445bffffffff,161,0
84446e5ffffffff,160,0
84446e7ffffffff,26,0
842b8d1ffffffff,17,0
842b8d7ffffffff,85,12
842b89dffffffff,237,0
842b895ffffffff,182,0
8444dc5ffffffff,248,0
842831dffffffff,62,0
842830bffffffff,407,18
8428309ffffffff,1427,86
8428347ffffffff,1978,69
8428345ffffffff,1098,41
84260a9ffffffff,188,28
84260adffffffff,144,33
84260a5ffffffff,298,0
8428a3bffffffff,23,0
8428a31ffffffff,61,0
8428a35ffffffff,36,0
842884bffffffff,147,0
8426e53ffffffff,321,2
8426529ffffffff,179,0
842991dffffffff,583,0
8429911ffffffff,207,0
8429913ffffffff,148,0
84299c5ffffffff,120,0
84268c1ffffffff,432,0
8426ab1ffffffff,199,0
8426ab3ffffffff,137,0
8426abbffffffff,137,0
8444c23ffffffff,272,0
8427527ffffffff,1528,20
8444185ffffffff,110,0
8429a11ffffffff,1462,26
8429127ffffffff,893,0
842a889ffffffff,135,0
842a881ffffffff,49,0
8429905ffffffff,129,0
842990dffffffff,69,0
8429909ffffffff,188,0
8429955ffffffff,428,0
8426a97ffffffff,98,0
8426a95ffffffff,155,0
8448cddffffffff,53,0
8448eb7ffffffff,165,0
84441adffffffff,342,15
84266a3ffffffff,162,0
842aa4dffffffff,280,0
84264cdffffffff,183,0
84264cbffffffff,130,0
8444c9bffffffff,157,0
8444ddbffffffff,246,0
8444cb7ffffffff,89,0
842a9a7ffffffff,34,18
842a9a5ffffffff,216,0
84266d3ffffffff,382,0
8444eb7ffffffff,135,0
8444cddffffffff,92,0
8444cd1ffffffff,71,0
8444f07ffffffff,440,12
8444f39ffffffff,62,0
8444f3bffffffff,82,0
8426721ffffffff,50,0
8426723ffffffff,218,0
8444eb1ffffffff,139,0
8444eb5ffffffff,109,0
8444ebdffffffff,127,0
8444ea3ffffffff,124,0
8444eabffffffff,132,0
8444ea1ffffffff,100,109
8428005ffffffff,38,0
8428063ffffffff,176,0
8428061ffffffff,91,0
8428069ffffffff,99,0
8428317ffffffff,258,0
8444e89ffffffff,373,0
8426f41ffffffff,128,0
8426f63ffffffff,204,0
8444f4bffffffff,326,0
8444581ffffffff,72,0
844458bffffffff,50,0
844459dffffffff,127,0
8444599ffffffff,4,0
8444e9dffffffff,202,0
8426709ffffffff,191,0
842670dffffffff,171,0
842676bffffffff,191,0
842a9b1ffffffff,79,0
8428331ffffffff,77,0
8428339ffffffff,238,0
842833dffffffff,286,0
8428307ffffffff,776,3
8428305ffffffff,747,95
8428363ffffffff,614,12
842a9c7ffffffff,110,0
842830dffffffff,1566,318
842836bffffffff,1150,231
8428369ffffffff,379,0
842836dffffffff,432,0
8429a97ffffffff,274,0
842af27ffffffff,215,0
842ad49ffffffff,243,0
842ad4bffffffff,175,0
8444ac7ffffffff,130,0
8444ac3ffffffff,153,0
8444ad5ffffffff,133,0
8428b67ffffffff,70,0
8428b2dffffffff,35,0
8428b21ffffffff,30,0
8428b25ffffffff,10,0
8428b27ffffffff,49,0
8426e43ffffffff,13,0
8426e4bffffffff,140,0
84260b7ffffffff,252,15
84260b3ffffffff,306,5
8448c99ffffffff,256,12
8448c9dffffffff,59,0
8448c89ffffffff,106,1
8426093ffffffff,163,0
842654dffffffff,126,0
8426149ffffffff,14,0
8426335ffffffff,75,0
8426331ffffffff,41,0
8426339ffffffff,187,0
8426315ffffffff,82,0
842642dffffffff,327,0
8426429ffffffff,257,0
8426409ffffffff,142,0
842640bffffffff,172,0
8426457ffffffff,213,7
8426453ffffffff,96,0
842a925ffffffff,158,1
84266cdffffffff,320,0
84266c9ffffffff,117,0
84266c1ffffffff,174,0
84266cbffffffff,69,0
842a9a9ffffffff,192,0
842a9abffffffff,163,0
842a9bdffffffff,119,0
8427763ffffffff,126,0
842776bffffffff,42,0
843cc33ffffffff,66,0
84be6ebffffffff,76,0
84be6c5ffffffff,90,12
8438667ffffffff,10,0
843862dffffffff,37,0
8438625ffffffff,110,0
843871bffffffff,34,0
8438711ffffffff,3,0
842a8cdffffffff,270,0
842a8c5ffffffff,137,0
842e44bffffffff,71,0
842e449ffffffff,165,0
842e627ffffffff,25,0
842e71bffffffff,123,0
842e719ffffffff,100,0
8430c93ffffffff,35,0
842e6bbffffffff,36,0
842e757ffffffff,136,0
842e70bffffffff,81,5
842e755ffffffff,18,0
842e709ffffffff,21,32
842c827ffffffff,61,0
842c9cdffffffff,50,0
842c913ffffffff,236,0
842c9e9ffffffff,234,0
84438d7ffffffff,309,0
844388bffffffff,21,0
84438d5ffffffff,71,0
8443889ffffffff,57,0
84438c7ffffffff,80,0
84438c5ffffffff,104,0
844385bffffffff,79,0
8443853ffffffff,139,0
8443819ffffffff,114,0
844381bffffffff,123,0
8443ab9ffffffff,135,0
8443abbffffffff,108,0
8443ab3ffffffff,103,0
8442365ffffffff,90,0
841f80bffffffff,64,0
841f855ffffffff,67,0
841f85dffffffff,13,0
8439699ffffffff,68,0
84396d7ffffffff,21,0
843969dffffffff,31,0
843968bffffffff,43,0
8439681ffffffff,20,0
842674bffffffff,129,0
84275b7ffffffff,130,101
8426c13ffffffff,269,0
8426cc5ffffffff,122,0
8426ce9ffffffff,47,0
8426cebffffffff,133,0
8426ce1ffffffff,115,0
8426ce3ffffffff,217,0
842aa01ffffffff,250,0
846793bffffffff,6,0
8467915ffffffff,37,0
846791dffffffff,26,0
846790bffffffff,29,0
8467955ffffffff,23,0
8443ac5ffffffff,757,0
8443ac1ffffffff,297,0
8443ac9ffffffff,48,0
8443acdffffffff,1271,20
8443a1bffffffff,354,0
8443a19ffffffff,64,8
8443a53ffffffff,147,0
846018bffffffff,24,0
8443127ffffffff,353,0
84608b1ffffffff,226,0
84608b7ffffffff,161,0
8442da7ffffffff,90,0
84601c1ffffffff,30,0
84601c3ffffffff,24,0
8460263ffffffff,17,0
8460205ffffffff,35,0
846022bffffffff,52,0
8460223ffffffff,37,0
84601d5ffffffff,22,0
8460a25ffffffff,180,28
8460a27ffffffff,145,0
846084dffffffff,29,0
8460841ffffffff,13,0
8460aedffffffff,18,0
8460ae1ffffffff,38,0
8460ae7ffffffff,28,0
8460aa9ffffffff,32,0
8460aa1ffffffff,31,0
845375dffffffff,27,0
8453759ffffffff,60,0
845375bffffffff,72,0
845362dffffffff,42,3
8453629ffffffff,86,2
8460107ffffffff,15,0
846013dffffffff,40,0
8460135ffffffff,31,0
8460137ffffffff,36,0
8460addffffffff,9,0
843da45ffffffff,14,0
843da6bffffffff,37,0
843da0dffffffff,42,0
843da01ffffffff,50,0
84420d5ffffffff,7,0
84420c3ffffffff,25,0
84420c1ffffffff,37,0
84420cdffffffff,38,0
844201bffffffff,22,0
84532d7ffffffff,41,12
8453299ffffffff,32,0
842c1abffffffff,31,0
843e63dffffffff,146,0
842d967ffffffff,0,11
8453349ffffffff,0,41
842d92dffffffff,19,54
842d925ffffffff,21,39
8453359ffffffff,30,4
8453607ffffffff,57,0
8453639ffffffff,122,1
8453615ffffffff,162,12
845363bffffffff,89,3
84438e3ffffffff,252,0
84438ebffffffff,206,0
84438c1ffffffff,251,0
84438c9ffffffff,5,0
841b8ebffffffff,41,12
840ce15ffffffff,44,0
840ce39ffffffff,71,0
840ce07ffffffff,58,0
840ce2bffffffff,59,0
840ce49ffffffff,21,0
840c0a7ffffffff,32,0
840ce4dffffffff,45,0
840c19bffffffff,63,0
840c191ffffffff,74,0
840c195ffffffff,26,0
840c8c3ffffffff,30,12
840c8c7ffffffff,63,1
840c8ebffffffff,27,0
840ca27ffffffff,28,0
840cb1bffffffff,12,0
8428987ffffffff,74,9
84289b9ffffffff,69,0
8428983ffffffff,43,0
8428995ffffffff,55,0
842899dffffffff,24,0
8428991ffffffff,32,0
842899bffffffff,73,0
84265e7ffffffff,125,0
84265adffffffff,121,0
84265a5ffffffff,111,0
8426e9bffffffff,33,0
8426d6bffffffff,39,0
8426d47ffffffff,61,0
842b985ffffffff,52,0
842b9a9ffffffff,133,0
842b9a1ffffffff,214,3
842b9a7ffffffff,3,0
8426aa3ffffffff,147,0
8426ab5ffffffff,269,0
8426abdffffffff,103,0
8426ab9ffffffff,168,0
8426a1bffffffff,7,0
8426125ffffffff,86,0
8426a19ffffffff,78,0
8426a57ffffffff,51,0
8426a0bffffffff,22,0
840c737ffffffff,641,20
840c733ffffffff,612,67
8427a39ffffffff,111,0
8427a07ffffffff,54,0
8427a3dffffffff,30,0
8427a2bffffffff,115,0
8427a21ffffffff,77,0
8444f61ffffffff,640,66
8444f6dffffffff,1512,138
84271cbffffffff,93,0
84271c9ffffffff,168,0
84271c1ffffffff,72,0
84271cdffffffff,89,0
84271c5ffffffff,11,0
8427113ffffffff,4,0
8412c99ffffffff,49,0
8427b25ffffffff,36,0
8427b21ffffffff,35,0
8427b23ffffffff,52,0
8427b2bffffffff,62,0
8427b3dffffffff,17,0
8426f11ffffffff,87,0
8426f1dffffffff,117,0
842641bffffffff,258,0
84265c5ffffffff,67,0
84265e3ffffffff,125,0
8412eb7ffffffff,10,0
8412eb1ffffffff,35,0
8412eb3ffffffff,61,0
8427b6dffffffff,76,0
8427b69ffffffff,51,0
8412ebdffffffff,145,0
8412ea3ffffffff,81,0
8412ea7ffffffff,554,0
842756bffffffff,33,0
8427547ffffffff,110,0
8427543ffffffff,76,0
8427555ffffffff,59,0
8427551ffffffff,228,0
8427035ffffffff,42,0
8427027ffffffff,84,0
842711bffffffff,163,0
842771bffffffff,89,0
8427719ffffffff,89,0
842771dffffffff,112,0
842770bffffffff,17,0
84270abffffffff,3,0
84270bdffffffff,40,0
84270b1ffffffff,67,0
84270bbffffffff,107,0
842756dffffffff,36,0
8412591ffffffff,44,0
8412595ffffffff,107,0
8412583ffffffff,25,0
8412587ffffffff,28,0
8412ec5ffffffff,179,0
8412ec1ffffffff,59,0
8412ec3ffffffff,2,0
8412ecbffffffff,132,0
84276c7ffffffff,48,0
84276ebffffffff,88,0
84276e9ffffffff,109,2
84276edffffffff,37,0
8427569ffffffff,261,0
84274ddffffffff,275,0
84274d9ffffffff,145,0
84276b3ffffffff,111,0
842ab6dffffffff,107,0
842b9bdffffffff,1080,26
842b9a3ffffffff,101,4
841b957ffffffff,0,10
841b951ffffffff,0,12
841b953ffffffff,0,27
841b82dffffffff,12,19
8412dc9ffffffff,45,0
8412dcbffffffff,121,0
8412c35ffffffff,7,0
8412c37ffffffff,44,0
8412c33ffffffff,120,0
8412c3bffffffff,10,0
8412d15ffffffff,48,0
8412d39ffffffff,76,0
8412d3dffffffff,100,0
8412d23ffffffff,96,0
8412d27ffffffff,99,0
8427681ffffffff,81,0
842768dffffffff,59,0
84276e3ffffffff,48,0
84276e1ffffffff,1,0
842b9a5ffffffff,173,0
84276d3ffffffff,213,0
8427023ffffffff,184,110
8427125ffffffff,84,0
8427a19ffffffff,72,0
8427a1dffffffff,65,0
8427a03ffffffff,186,38
8427441ffffffff,5,0
8427449ffffffff,32,0
842744bffffffff,8,0
8427635ffffffff,57,0
8427637ffffffff,12,0
8427631ffffffff,60,0
8427633ffffffff,44,4
842763bffffffff,26,19
8428dedffffffff,896,179
8428d3bffffffff,328,21
842b955ffffffff,113,0
842b943ffffffff,31,0
842b947ffffffff,53,0
842b96bffffffff,13,0
8412599ffffffff,9,0
841259bffffffff,27,0
84124a7ffffffff,41,0
84124a3ffffffff,30,0
84124b5ffffffff,14,0
84be017ffffffff,44,0
84be015ffffffff,38,0
84be003ffffffff,33,0
84be007ffffffff,47,0
842b93dffffffff,20,0
842b939ffffffff,34,0
842b915ffffffff,89,0
84272a3ffffffff,39,0
84272a7ffffffff,41,0
842701bffffffff,41,0
842b965ffffffff,6,0
840ecb3ffffffff,47,0
8427659ffffffff,15,0
840ecb7ffffffff,78,0
842765dffffffff,2,0
842764bffffffff,57,0
840ecb5ffffffff,14,0
8427649ffffffff,23,0
842bb1bffffffff,15,0
842bb11ffffffff,50,0
842bb15ffffffff,35,0
842bb03ffffffff,38,0
842b9d7ffffffff,69,0
842b9d3ffffffff,76,0
842b9d1ffffffff,47,0
842b9dbffffffff,155,0
842b8e5ffffffff,55,0
841e523ffffffff,0,22
841e521ffffffff,10,31
841e529ffffffff,1,0
841e52dffffffff,22,0
841e567ffffffff,35,27
842b83bffffffff,418,2
842b831ffffffff,119,0
842b833ffffffff,131,0
840c1a7ffffffff,82,0
840c1a5ffffffff,78,64
840ca9bffffffff,72,0
840ca91ffffffff,77,0
840ca95ffffffff,57,0
84274a1ffffffff,186,0
84274a7ffffffff,496,0
842759bffffffff,853,66
8427629ffffffff,37,0
842762dffffffff,47,0
8427753ffffffff,37,0
8427b3bffffffff,23,0
8427b17ffffffff,73,0
8427b13ffffffff,34,0
8427845ffffffff,33,0
842a161ffffffff,231,0
842a163ffffffff,281,0
8428d53ffffffff,120,0
8428c2dffffffff,24,0
8428d5bffffffff,358,0
8428c65ffffffff,62,0
8428f33ffffffff,358,0
8428c6dffffffff,11,0
8428f3bffffffff,114,0
84445d7ffffffff,20,0
84445d5ffffffff,42,0
84445d1ffffffff,44,0
84445d9ffffffff,110,0
84445dbffffffff,83,0
84444e5ffffffff,30,0
842700dffffffff,37,0
8427063ffffffff,43,0
8427067ffffffff,41,0
840cab9ffffffff,32,0
842b8c1ffffffff,114,0
842b8cbffffffff,269,5
842bab5ffffffff,22,0
842bab1ffffffff,35,0
842babbffffffff,46,0
842b9b5ffffffff,662,0
842b9d9ffffffff,51,0
842b9ddffffffff,94,0
842b9d5ffffffff,81,0
842b1c5ffffffff,36,0
842b1ebffffffff,70,0
842b1e1ffffffff,71,0
842b1e5ffffffff,52,0
8448cb3ffffffff,63,0
8448cb7ffffffff,85,0
84269a3ffffffff,134,0
84269bdffffffff,214,0
842b899ffffffff,178,0
842bad5ffffffff,89,0
842bad1ffffffff,64,0
842bad9ffffffff,64,0
842b1edffffffff,25,0
8466ac5ffffffff,65,0
8466a13ffffffff,94,0
8466a1bffffffff,39,0
8466125ffffffff,31,0
842ab45ffffffff,57,0
842ab4dffffffff,73,0
842ab41ffffffff,80,0
842ab49ffffffff,129,0
84275cdffffffff,140,0
8427513ffffffff,241,0
8427517ffffffff,64,0
842620bffffffff,63,0
8426201ffffffff,137,0
8426205ffffffff,39,0
842622bffffffff,22,0
8426229ffffffff,55,0
84261d3ffffffff,235,0
8426199ffffffff,87,0
842619dffffffff,121,0
8426183ffffffff,82,0
84261b9ffffffff,128,0
842ab4bffffffff,95,0
842b9b9ffffffff,224,0
842b9c7ffffffff,77,0
842b9ebffffffff,47,0
842b9e3ffffffff,150,0
842b9e7ffffffff,99,0
8429925ffffffff,63,0
84269e7ffffffff,139,0
84269e3ffffffff,83,0
84275a7ffffffff,137,0
842674dffffffff,63,8
842ab65ffffffff,115,0
84274dbffffffff,182,15
84274d1ffffffff,229,0
841b829ffffffff,3,0
842baa5ffffffff,443,0
842baa7ffffffff,69,0
842b81bffffffff,339,21
842b995ffffffff,62,0
842b99dffffffff,176,0
842b027ffffffff,8,0
842b021ffffffff,24,0
842b02bffffffff,30,0
842b005ffffffff,24,0
842b001ffffffff,30,0
842b009ffffffff,126,0
842baa1ffffffff,458,264
842baa9ffffffff,157,0
842ba85ffffffff,64,0
842ba8dffffffff,110,0
841b929ffffffff,57,15
841b905ffffffff,25,12
840f9c3ffffffff,33,0
840f9ddffffffff,26,0
840f837ffffffff,21,0
842b341ffffffff,29,0
842b349ffffffff,102,2
841b967ffffffff,63,0
842ba1bffffffff,37,0
842b127ffffffff,82,0
842b121ffffffff,159,0
842b129ffffffff,150,0
842b105ffffffff,64,0
842b163ffffffff,123,0
842b10dffffffff,88,0
842b823ffffffff,10,0
842b9c9ffffffff,86,0
842b9c1ffffffff,61,0
8428de5ffffffff,63,0
8428de9ffffffff,512,39
8428debffffffff,583,0
841b839ffffffff,71,0
841b83bffffffff,16,0
841b815ffffffff,8,0
841b817ffffffff,30,0
841b813ffffffff,41,0
841b8cdffffffff,3,0
841b9cbffffffff,0,23
841b837ffffffff,13,9
841b833ffffffff,30,0
842ba13ffffffff,138,0
842ba11ffffffff,9,0
842b125ffffffff,39,0
842b12dffffffff,41,0
842b167ffffffff,9,0
842b983ffffffff,98,0
842b98bffffffff,25,0
842b32bffffffff,18,0
842b305ffffffff,23,0
842b301ffffffff,54,0
842b309ffffffff,90,6
842b343ffffffff,84,0
840c713ffffffff,10,0
840c469ffffffff,54,0
840c717ffffffff,72,0
840c46dffffffff,53,0
840c73bffffffff,726,11
8412095ffffffff,21,0
841209dffffffff,33,0
8412099ffffffff,30,0
84120d3ffffffff,30,0
841272dffffffff,29,0
8444f37ffffffff,59,0
8444d59ffffffff,88,0
8444d19ffffffff,130,0
842b8d3ffffffff,124,0
842a817ffffffff,199,0
842a8edffffffff,173,0
8426637ffffffff,95,0
8426633ffffffff,144,0
8428d5dffffffff,1512,184
8428d4bffffffff,322,352
8428f35ffffffff,88,0
8428f23ffffffff,107,0
8428f2bffffffff,49,0
84be153ffffffff,5,0
84be02dffffffff,44,0
84be021ffffffff,5,0
84be029ffffffff,33,0
84be02bffffffff,23,0
84be005ffffffff,28,0
84a8ad5ffffffff,130,0
842e469ffffffff,31,0
842e445ffffffff,103,0
842e447ffffffff,49,0
842e443ffffffff,108,0
842e455ffffffff,23,0
842e083ffffffff,42,0
842e095ffffffff,7,0
842e09dffffffff,83,0
842e099ffffffff,88,0
842e725ffffffff,46,0
842f5a5ffffffff,128,0
842f5a1ffffffff,236,0
842f5a9ffffffff,130,0
842f585ffffffff,330,0
842e1b9ffffffff,62,45
842e195ffffffff,53,0
842e191ffffffff,39,0
842e19bffffffff,21,0
842e0c3ffffffff,186,0
842e0c7ffffffff,124,23
842e08dffffffff,159,0
842e0e3ffffffff,214,0
842e1e9ffffffff,78,0
842e1edffffffff,51,6
842e1e5ffffffff,0,41
842ead9ffffffff,0,23
8428dc5ffffffff,173,7
8448511ffffffff,17,0
8448513ffffffff,35,0
84485e9ffffffff,167,0
84485c5ffffffff,5,0
84485ebffffffff,191,0
8443a15ffffffff,83,19
8442cc5ffffffff,77,0
8442cc7ffffffff,37,0
8460313ffffffff,140,0
8460045ffffffff,85,0
846006bffffffff,56,0
846000dffffffff,18,0
84bb765ffffffff,198,0
84bb767ffffffff,157,1
8460227ffffffff,20,0
846004dffffffff,38,0
8460069ffffffff,8,0
84618c7ffffffff,50,0
84bb763ffffffff,75,0
84bb729ffffffff,104,29
84be181ffffffff,693,0
84be18bffffffff,157,0
84355d3ffffffff,25,0
8439b51ffffffff,8,6
8439b55ffffffff,32,0
84344bbffffffff,27,0
8434495ffffffff,68,0
8434483ffffffff,18,0
843449dffffffff,49,0
843448bffffffff,37,0
84344d7ffffffff,29,0
84344d5ffffffff,14,0
8439b39ffffffff,27,0
8439b3dffffffff,37,0
8439b35ffffffff,10,0
8439b23ffffffff,21,0
8439949ffffffff,26,0
84386e3ffffffff,16,0
8434543ffffffff,5,0
843455dffffffff,36,0
8434737ffffffff,14,0
8439701ffffffff,16,0
8439703ffffffff,34,0
8439715ffffffff,34,0
8439717ffffffff,35,0
8439469ffffffff,2,0
8439013ffffffff,10,0
84390cdffffffff,34,0
84390c1ffffffff,105,0
84390c3ffffffff,61,0
84390d5ffffffff,5,0
841eda1ffffffff,37,0
841eda7ffffffff,234,0
841f115ffffffff,61,0
841ed1bffffffff,94,0
841edcdffffffff,79,0
843941dffffffff,9,0
8439415ffffffff,21,0
8439411ffffffff,40,0
8439417ffffffff,31,0
8439413ffffffff,42,0
84394e9ffffffff,30,0
84394c5ffffffff,53,0
84394ebffffffff,9,0
841ef6dffffffff,112,0
841ef65ffffffff,96,0
841ef67ffffffff,74,0
841ef2dffffffff,35,0
841f1a9ffffffff,123,0
841f1e3ffffffff,27,0
841f1e1ffffffff,72,0
841f1e9ffffffff,25,0
843f495ffffffff,37,0
843f497ffffffff,138,0
842db4bffffffff,118,0
842db41ffffffff,1,0
842db07ffffffff,43,0
841f221ffffffff,0,2
841f225ffffffff,3,65
841f353ffffffff,0,12
840c46bffffffff,81,0
840c447ffffffff,39,0
842b18bffffffff,109,0
842b1d5ffffffff,78,0
842b1ddffffffff,92,0
842b1d9ffffffff,12,0
842b037ffffffff,121,0
842b033ffffffff,73,0
84a975dffffffff,20,0
84c2db7ffffffff,30,1
84c2db3ffffffff,1,3
84c2db1ffffffff,20,6
84c2dbbffffffff,0,6
84c2db9ffffffff,3,22
84c2d83ffffffff,8,0
8443133ffffffff,14,0
84431edffffffff,39,0
84431e1ffffffff,29,0
84431ebffffffff,69,0
844318dffffffff,48,0
84536c3ffffffff,40,0
84536d5ffffffff,81,4
84536d7ffffffff,103,18
84536d3ffffffff,5,0
8410895ffffffff,0,12
8410d9bffffffff,1,6
842164dffffffff,45,0
842ed81ffffffff,21,0
842ed8bffffffff,21,0
8410433ffffffff,2,0
84104edffffffff,29,0
84104e1ffffffff,31,10
8421227ffffffff,6,0
8421225ffffffff,52,0
8421221ffffffff,38,0
842122dffffffff,1,9
8421229ffffffff,19,12
84104e3ffffffff,0,38
8410485ffffffff,0,9
8410013ffffffff,0,13
8464305ffffffff,18,0
8464301ffffffff,37,0
842130dffffffff,31,0
842136bffffffff,13,0
8421361ffffffff,56,0
8421365ffffffff,2,0
842c6b3ffffffff,1,0
842b00dffffffff,29,0
842b047ffffffff,94,0
842b041ffffffff,87,0
842b049ffffffff,64,0
842a33bffffffff,47,0
842a333ffffffff,174,108
842a159ffffffff,360,0
842a151ffffffff,242,0
8427429ffffffff,92,0
842742bffffffff,191,0
8427405ffffffff,61,0
8427401ffffffff,90,0
8427409ffffffff,54,0
842740bffffffff,5,0
8427455ffffffff,40,0
8426085ffffffff,125,0
841ee13ffffffff,44,0
841eec5ffffffff,104,11
841eec7ffffffff,120,36
841ee89ffffffff,149,4
841ee8bffffffff,97,0
842bae7ffffffff,74,0
842bae3ffffffff,106,0
842baebffffffff,31,0
842bac5ffffffff,229,0
842bacdffffffff,144,0
841ec91ffffffff,312,6
841ec9dffffffff,211,0
841ec99ffffffff,275,0
84382edffffffff,42,0
842b9c3ffffffff,87,0
842b9cbffffffff,32,0
842b837ffffffff,76,0
842b839ffffffff,50,0
8444267ffffffff,1,0
8444263ffffffff,28,0
844426bffffffff,18,0
844420dffffffff,10,0
8444247ffffffff,56,0
8444243ffffffff,33,0
84651a9ffffffff,15,0
8465185ffffffff,17,0
84651e3ffffffff,12,0
846518dffffffff,33,0
84651ebffffffff,9,0
84651c7ffffffff,38,0
84651c1ffffffff,4,0
842d243ffffffff,0,42
845360bffffffff,288,0
8453609ffffffff,278,0
8453643ffffffff,92,0
8453647ffffffff,105,0
8453641ffffffff,236,0
845364dffffffff,171,0
843cf6bffffffff,7,0
843cf63ffffffff,72,0
843cf05ffffffff,31,0
843cf2bffffffff,83,0
843cf21ffffffff,148,0
843cf23ffffffff,129,0
841b983ffffffff,91,0
841b99dffffffff,100,0
841b999ffffffff,34,0
842ca03ffffffff,130,0
842ca53ffffffff,81,32
842c12dffffffff,42,0
842c2a3ffffffff,10,36
842c2a1ffffffff,83,59
842c2e7ffffffff,13,46
8426831ffffffff,203,0
842683bffffffff,82,0
8426817ffffffff,52,0
8426813ffffffff,64,0
84658a7ffffffff,0,9
84658a1ffffffff,3,37
84658adffffffff,20,12
8430e47ffffffff,49,32
8430e45ffffffff,0,13
842b25dffffffff,25,0
842b259ffffffff,25,0
841b9a7ffffffff,33,0
841b9a3ffffffff,23,0
841b9b5ffffffff,52,0
841b8e1ffffffff,28,0
841b8c7ffffffff,26,0
841b8c3ffffffff,24,0
841b8d5ffffffff,11,0
8412d5bffffffff,58,0
8412c65ffffffff,98,0
8412c6dffffffff,22,0
8412c69ffffffff,30,0
8412f13ffffffff,15,0
842baadffffffff,148,0
842bae1ffffffff,54,0
842bae9ffffffff,32,0
842b319ffffffff,112,0
842b357ffffffff,26,0
842b353ffffffff,99,0
842b35bffffffff,87,0
842b267ffffffff,38,0
840eb41ffffffff,25,0
840eb49ffffffff,23,0
840f9b5ffffffff,42,0
840f9b1ffffffff,23,0
842ba63ffffffff,37,0
842ba29ffffffff,42,0
842ba21ffffffff,42,0
8466e4dffffffff,10,0
8466e45ffffffff,0,9
8481319ffffffff,8,0
848131bffffffff,21,0
8481311ffffffff,22,0
8481313ffffffff,10,0
8481317ffffffff,33,0
848106dffffffff,27,0
84c2d95ffffffff,1,0
842aa85ffffffff,329,0
842aa05ffffffff,190,0
842a355ffffffff,77,0
842a359ffffffff,73,0
842b1b3ffffffff,58,0
843f5a1ffffffff,13,18
843f5adffffffff,22,42
843e2dbffffffff,19,30
843f5e5ffffffff,63,17
842a061ffffffff,68,0
842a069ffffffff,100,0
842a313ffffffff,120,24
842a31bffffffff,43,0
842a225ffffffff,56,0
845410bffffffff,52,0
8454155ffffffff,78,0
845415dffffffff,41,0
8459825ffffffff,2,0
845982dffffffff,25,0
84289d1ffffffff,25,0
84289dbffffffff,37,0
84288e5ffffffff,31,0
8428833ffffffff,14,0
84288edffffffff,12,0
842883bffffffff,5,0
8426b29ffffffff,12,0
8426b05ffffffff,169,0
8426b01ffffffff,182,0
8426b0bffffffff,160,0
8426b57ffffffff,17,0
8458815ffffffff,8,0
845881dffffffff,3,0
841e139ffffffff,55,0
841e103ffffffff,39,0
841e101ffffffff,51,0
841e109ffffffff,13,0
8429121ffffffff,39,0
8429935ffffffff,582,20
84b9169ffffffff,1240,0
842f5e3ffffffff,132,0
842f5e7ffffffff,15,0
842f5adffffffff,207,0
8468605ffffffff,24,16
8468607ffffffff,11,5
846862bffffffff,57,5
846863dffffffff,37,3
8468635ffffffff,42,0
841ee43ffffffff,45,0
841ee55ffffffff,112,0
841ee57ffffffff,93,0
841ee19ffffffff,68,0
841ee11ffffffff,109,0
8420197ffffffff,24,84
8420e6dffffffff,24,36
8420e61ffffffff,80,89
842c0bdffffffff,41,0
842c0b5ffffffff,91,0
842c0b7ffffffff,167,0
842ce5dffffffff,89,0
84be18dffffffff,18,0
8442f49ffffffff,61,0
841fac1ffffffff,76,0
841fac7ffffffff,6,0
841fac3ffffffff,16,0
841fa89ffffffff,28,0
841fa8bffffffff,56,0
841fa9dffffffff,18,0
84438ddffffffff,249,0
8443ab7ffffffff,269,0
8443ab1ffffffff,101,0
8443abdffffffff,155,0
8443a87ffffffff,177,0
841ee0dffffffff,26,0
841ee01ffffffff,44,0
841ee03ffffffff,52,0
841ee39ffffffff,20,0
841ee15ffffffff,38,0
841ee3bffffffff,42,0
842d245ffffffff,18,48
8443a8dffffffff,551,13
8443ac7ffffffff,485,8
8442a89ffffffff,206,0
8442a81ffffffff,111,12
8442da5ffffffff,63,0
841e119ffffffff,57,0
841e025ffffffff,25,0
841e11bffffffff,63,0
841e1cdffffffff,102,0
841e1c1ffffffff,87,0
842ca3bffffffff,117,0
842ca31ffffffff,135,0
842ca37ffffffff,57,0
842c84bffffffff,97,0
842c843ffffffff,82,0
8443a81ffffffff,268,0
8443a85ffffffff,130,0
84280d7ffffffff,19,0
84280d5ffffffff,34,0
84280c3ffffffff,33,0
84280c7ffffffff,1,0
84280c1ffffffff,28,0
84280c5ffffffff,6,0
84608adffffffff,10,0
84608a5ffffffff,2,0
84608a1ffffffff,60,0
84608a3ffffffff,161,0
845361dffffffff,197,1
8419469ffffffff,35,0
8419445ffffffff,72,0
8419441ffffffff,71,0
841944bffffffff,53,0
8419637ffffffff,18,0
841e1d9ffffffff,30,0
841e1d1ffffffff,58,0
841e1d3ffffffff,86,0
841e0a5ffffffff,65,0
841e19bffffffff,35,0
848d95bffffffff,32,0
848d865ffffffff,28,0
848db33ffffffff,38,0
848db3bffffffff,22,0
848db39ffffffff,1,0
843da1dffffffff,183,0
843d939ffffffff,19,0
843d93bffffffff,15,0
843d931ffffffff,38,0
843d937ffffffff,38,0
8460935ffffffff,13,0
8460923ffffffff,9,0
843db05ffffffff,97,0
843db01ffffffff,125,0
843db0bffffffff,108,0
843db57ffffffff,33,3
843da25ffffffff,6,0
843db1bffffffff,5,0
843db19ffffffff,35,0
843db1dffffffff,64,0
843db15ffffffff,5,0
843db03ffffffff,63,0
843db39ffffffff,11,0
843da19ffffffff,72,0
843d125ffffffff,28,0
846089dffffffff,13,0
84608d1ffffffff,41,0
8460a55ffffffff,67,23
8460a51ffffffff,64,0
8460a59ffffffff,190,0
8460165ffffffff,125,0
8461ab9ffffffff,35,0
8461abdffffffff,31,0
8461ab5ffffffff,80,0
84618c9ffffffff,13,0
84608d7ffffffff,41,0
84608d9ffffffff,20,0
8460b5bffffffff,65,0
8460a65ffffffff,38,0
8460a61ffffffff,2,0
8460a6dffffffff,25,0
8460a69ffffffff,20,0
843d917ffffffff,10,0
843da3dffffffff,48,4
843da2bffffffff,43,4
843da23ffffffff,26,5
843da15ffffffff,293,0
843da39ffffffff,188,0
843da31ffffffff,65,0
8460b53ffffffff,85,0
8460b57ffffffff,28,0
8460b1dffffffff,33,0
843da37ffffffff,4,0
843da3bffffffff,50,0
843da17ffffffff,65,0
8442d8bffffffff,5,0
8442d81ffffffff,5,0
8442d83ffffffff,19,0
8442d87ffffffff,56,0
8442dbdffffffff,45,0
8442da3ffffffff,7,0
84650b9ffffffff,0,27
8465083ffffffff,0,37
8465081ffffffff,0,33
8465089ffffffff,0,23
8442db5ffffffff,2,0
843db29ffffffff,4,0
843da03ffffffff,47,0
84611e1ffffffff,6,0
84611e9ffffffff,39,0
8461113ffffffff,36,0
8461111ffffffff,7,0
846111bffffffff,30,0
8461119ffffffff,3,0
843da07ffffffff,43,0
8442491ffffffff,22,0
8442499ffffffff,85,13
8460169ffffffff,396,0
8461897ffffffff,83,0
8460317ffffffff,115,0
846033bffffffff,49,0
843da35ffffffff,70,13
843d84bffffffff,4,9
843d849ffffffff,31,16
843d841ffffffff,98,2
843d845ffffffff,26,21
8442a83ffffffff,112,0
8442a8bffffffff,21,0
8460d35ffffffff,152,0
8460d23ffffffff,160,0
8460d21ffffffff,87,0
8460d2dffffffff,64,0
8460d67ffffffff,9,0
8442d23ffffffff,29,3
8442d35ffffffff,88,0
84608bdffffffff,172,0
840e293ffffffff,26,0
840e29bffffffff,34,0
840e74dffffffff,32,0
840f5a7ffffffff,134,0
842bb43ffffffff,23,0
842bb55ffffffff,42,0
842bb57ffffffff,41,0
842bb19ffffffff,15,0
840e763ffffffff,18,0
8430e01ffffffff,279,27
84271bdffffffff,101,0
84271b1ffffffff,164,0
84271bbffffffff,26,0
84279ddffffffff,118,0
84279c3ffffffff,191,0
8427ab7ffffffff,15,1
8427ab3ffffffff,73,0
8427199ffffffff,24,17
8427191ffffffff,53,0
84271a7ffffffff,98,0
8426349ffffffff,31,0
84271a3ffffffff,84,0
84271b5ffffffff,31,0
842631dffffffff,221,0
8426319ffffffff,130,0
8428937ffffffff,88,0
8427935ffffffff,75,0
8427931ffffffff,7,0
8428923ffffffff,175,0
8427905ffffffff,298,0
8428985ffffffff,87,25
8428927ffffffff,163,0
84289b5ffffffff,97,0
8412cb7ffffffff,58,0
84289a7ffffffff,47,0
8426b69ffffffff,73,0
8426b61ffffffff,128,0
8428b49ffffffff,58,0
84299a7ffffffff,51,0
8428b4dffffffff,49,0
8426965ffffffff,138,0
8427917ffffffff,57,0
84279edffffffff,20,0
84279e9ffffffff,44,0
842798dffffffff,112,0
84279ebffffffff,181,0
8427815ffffffff,59,0
8427811ffffffff,59,0
8428949ffffffff,182,0
84265b3ffffffff,78,0
84265b7ffffffff,43,0
8464b47ffffffff,4,0
8464b0dffffffff,54,0
8464b63ffffffff,63,0
844bb11ffffffff,110,0
844bb17ffffffff,9,0
844bb15ffffffff,15,0
844bb19ffffffff,82,0
844b091ffffffff,34,0
844b095ffffffff,22,1
844b117ffffffff,123,15
844b1e9ffffffff,80,33
844b1c5ffffffff,212,0
844b1c1ffffffff,178,6
84658b1ffffffff,100,0
84658bbffffffff,47,0
8465897ffffffff,40,0
8465891ffffffff,62,0
84658b5ffffffff,217,0
84658bdffffffff,91,0
84658b9ffffffff,58,0
8465883ffffffff,16,0
8464a49ffffffff,645,13
8464a4bffffffff,345,0
8464a43ffffffff,124,0
8464a47ffffffff,86,0
8464a09ffffffff,25,0
8464a0dffffffff,125,0
8464a05ffffffff,107,0
8464a61ffffffff,23,0
8464a65ffffffff,45,0
8464b59ffffffff,71,0
84659b7ffffffff,14,0
8464a2bffffffff,72,0
84658c3ffffffff,36,0
84658cbffffffff,41,0
8465ab7ffffffff,17,0
8465ab5ffffffff,58,0
8465ab1ffffffff,15,0
8464a29ffffffff,52,0
8464a63ffffffff,91,0
8464a6bffffffff,69,0
8464a45ffffffff,14,0
8464a41ffffffff,195,0
843f401ffffffff,2,0
843f403ffffffff,41,0
843f415ffffffff,28,0
843f411ffffffff,33,0
843f413ffffffff,17,0
841ec9bffffffff,79,8
842d26dffffffff,29,15
842d269ffffffff,1,32
841ecdbffffffff,49,39
841eebbffffffff,114,0
841eeb9ffffffff,160,29
841ee83ffffffff,100,0
841ee87ffffffff,113,0
841ee81ffffffff,97,0
841ef29ffffffff,32,0
841ef21ffffffff,59,0
841ef2bffffffff,29,0
841e98bffffffff,3,0
841e9d5ffffffff,6,0
841e989ffffffff,35,0
841e9c3ffffffff,9,0
841e9c7ffffffff,58,0
841e9c1ffffffff,10,0
841e9c5ffffffff,63,0
842e665ffffffff,134,0
842e759ffffffff,150,0
842f5b7ffffffff,197,0
842e74bffffffff,64,0
842e749ffffffff,106,0
84451e9ffffffff,32,0
84451e1ffffffff,40,0
84451e7ffffffff,49,0
845e717ffffffff,13,0
845e711ffffffff,25,0
845e71bffffffff,27,0
844cf47ffffffff,13,0
844cf09ffffffff,25,0
844cf0bffffffff,28,0
843cf29ffffffff,158,0
843cf2dffffffff,205,0
843c8dbffffffff,74,0
8460161ffffffff,55,0
8442cebffffffff,13,0
8442c8dffffffff,38,0
8442ce3ffffffff,84,0
8442c85ffffffff,20,0
8442c83ffffffff,116,0
8442cb9ffffffff,41,0
843d96dffffffff,33,0
84608b5ffffffff,203,0
844388dffffffff,39,0
8443881ffffffff,35,0
8443887ffffffff,28,0
8443883ffffffff,16,0
84438b9ffffffff,27,0
8460d2bffffffff,34,0
8443a33ffffffff,100,0
8443ae5ffffffff,69,0
8460a5dffffffff,98,0
84128e7ffffffff,21,51
84128a9ffffffff,50,17
84128a1ffffffff,61,9
8412727ffffffff,8,0
841254dffffffff,62,0
8412545ffffffff,49,0
841256bffffffff,95,0
8412561ffffffff,37,0
8412093ffffffff,17,0
8412569ffffffff,38,0
841280dffffffff,1,0
8412809ffffffff,24,0
841280bffffffff,36,0
8412857ffffffff,0,22
8412819ffffffff,0,30
8412e13ffffffff,127,0
8412ee9ffffffff,106,0
8412ee1ffffffff,42,0
8412ee7ffffffff,33,0
8412521ffffffff,52,0
8412529ffffffff,123,0
8412563ffffffff,111,0
8412ea5ffffffff,218,0
84be73bffffffff,79,0
84be733ffffffff,68,0
84a735dffffffff,88,0
84a7355ffffffff,87,0
84a7309ffffffff,31,0
84a730bffffffff,80,0
84489c9ffffffff,122,9
8409aa5ffffffff,111,10
8465263ffffffff,371,8
846526bffffffff,602,12
846035bffffffff,53,0
8460359ffffffff,55,0
84611b3ffffffff,45,0
84611bbffffffff,65,0
84611b9ffffffff,30,0
8460225ffffffff,19,0
8460353ffffffff,37,0
8465261ffffffff,69,0
842c849ffffffff,36,0
842ca23ffffffff,137,0
842ca3dffffffff,134,0
842ca07ffffffff,91,0
842ca39ffffffff,52,0
8443859ffffffff,48,0
8443a31ffffffff,52,0
8443a3bffffffff,78,52
8443a39ffffffff,107,0
8443a03ffffffff,55,0
8461161ffffffff,22,0
8461163ffffffff,27,0
846110dffffffff,4,0
84be635ffffffff,574,0
84be415ffffffff,32,0
84be43bffffffff,124,0
84be4edffffffff,11,0
84be433ffffffff,182,0
84be4e5ffffffff,55,0
84945c3ffffffff,223,0
8427411ffffffff,78,0
8427413ffffffff,210,0
84274c7ffffffff,127,0
84274c9ffffffff,161,0
8427489ffffffff,203,0
842748bffffffff,246,8
842742dffffffff,58,0
84261d1ffffffff,3,0
8429ae5ffffffff,24,0
84281ebffffffff,169,14
84281e3ffffffff,139,0
8428185ffffffff,120,0
842888dffffffff,169,0
8428881ffffffff,173,0
842888bffffffff,354,0
84281adffffffff,71,0
84281a1ffffffff,61,0
8428a6dffffffff,110,0
8428a61ffffffff,53,0
8428a67ffffffff,45,0
842a865ffffffff,174,1
842ab33ffffffff,234,0
842a86dffffffff,328,0
843975bffffffff,54,0
8439667ffffffff,39,0
8439663ffffffff,72,0
8439605ffffffff,54,0
843960dffffffff,46,0
8439601ffffffff,22,0
8441037ffffffff,345,0
84411ddffffffff,253,9
844bb55ffffffff,74,0
844bb51ffffffff,71,0
844bb5bffffffff,387,0
844ba67ffffffff,135,0
8430e07ffffffff,132,0
8430e2bffffffff,50,0
8430e3dffffffff,131,0
8441031ffffffff,130,3
844103dffffffff,6,0
8441039ffffffff,39,15
8445691ffffffff,35,0
8445695ffffffff,5,0
8445697ffffffff,58,0
84456bbffffffff,16,0
8448b6dffffffff,11,0
84456b3ffffffff,29,0
84c2cabffffffff,5,5
84c2c85ffffffff,26,8
84c2ce3ffffffff,10,0
84c2cebffffffff,31,0
84c2cc5ffffffff,18,0
84c2c13ffffffff,17,0
846d367ffffffff,77,0
8449b25ffffffff,49,0
8449b27ffffffff,27,0
8449b21ffffffff,42,0
8449b2bffffffff,19,0
8449869ffffffff,94,0
844986dffffffff,139,0
8449b33ffffffff,158,0
8449951ffffffff,321,0
8449957ffffffff,119,0
8449919ffffffff,140,0
844995bffffffff,375,14
8449959ffffffff,380,0
8448589ffffffff,102,0
84485c7ffffffff,70,0
846d20dffffffff,6,0
846d263ffffffff,33,0
846d261ffffffff,59,0
846d265ffffffff,83,0
846d359ffffffff,48,0
84498c9ffffffff,18,0
8449ab5ffffffff,359,0
8449ab7ffffffff,48,0
8449ab3ffffffff,54,0
8449b63ffffffff,5,0
8449b61ffffffff,48,0
8449b6dffffffff,56,0
846d14dffffffff,7,0
84454d1ffffffff,25,0
84454d7ffffffff,72,0
844549dffffffff,80,0
8445483ffffffff,19,0
8444627ffffffff,38,0
8444621ffffffff,57,0
844462bffffffff,62,0
8444dd5ffffffff,687,30
844565dffffffff,2,0
8445659ffffffff,102,0
846d34dffffffff,191,0
846d345ffffffff,83,0
8444eb9ffffffff,134,0
8444ed7ffffffff,213,0
844556dffffffff,3,0
8445569ffffffff,42,0
8445545ffffffff,36,0
844554dffffffff,16,40
8449b37ffffffff,110,0
8449947ffffffff,119,0
8449945ffffffff,83,0
844996bffffffff,168,0
8449969ffffffff,84,0
8449961ffffffff,195,0
844996dffffffff,96,0
8449965ffffffff,218,0
84450a1ffffffff,57,0
84450abffffffff,46,0
8445087ffffffff,37,3
8445083ffffffff,9,0
8449825ffffffff,61,0
8449827ffffffff,65,0
84499c9ffffffff,45,20
8448a6dffffffff,55,0
84499bbffffffff,20,0
8449997ffffffff,49,0
8448947ffffffff,75,0
8448941ffffffff,102,0
8448949ffffffff,76,0
8448b27ffffffff,8,0
8448939ffffffff,74,0
844893bffffffff,108,0
8448933ffffffff,151,0
84489e5ffffffff,205,0
8449835ffffffff,29,28
8449837ffffffff,80,97
84499d9ffffffff,16,20
84498e5ffffffff,39,0
846d35dffffffff,54,0
846d2bbffffffff,9,0
846d2b9ffffffff,42,0
846d287ffffffff,22,0
8448e87ffffffff,338,0
8448b59ffffffff,9,0
8448b51ffffffff,81,0
8448b53ffffffff,88,0
8448a25ffffffff,87,0
8448a21ffffffff,298,0
8448a2dffffffff,108,0
840caa3ffffffff,34,0
840caa7ffffffff,93,0
840c81bffffffff,80,12
840c811ffffffff,59,2
8428739ffffffff,24,0
8428707ffffffff,21,0
8428705ffffffff,31,0
8428763ffffffff,8,0
844b68bffffffff,23,0
844b681ffffffff,63,0
844b685ffffffff,63,0
844b6a9ffffffff,46,3
844b6adffffffff,22,13
840cab5ffffffff,3,0
840c8c9ffffffff,38,0
840c8c1ffffffff,2,0
840c8cdffffffff,26,0
840c8c5ffffffff,8,0
840c813ffffffff,54,5
842e703ffffffff,30,0
842e707ffffffff,37,15
842e72bffffffff,37,27
842e721ffffffff,31,0
842e0abffffffff,18,0
842e0a9ffffffff,76,19
842e0a1ffffffff,77,0
842e0a5ffffffff,102,32
8428d55ffffffff,1204,134
844b0b3ffffffff,62,12
844b0b7ffffffff,91,0
844a24bffffffff,73,0
844a241ffffffff,63,0
842e44dffffffff,178,0
842e713ffffffff,53,0
842e717ffffffff,28,7
842e715ffffffff,30,22
842e739ffffffff,10,12
842e451ffffffff,117,0
842e45dffffffff,83,0
842e441ffffffff,22,0
842e611ffffffff,158,61
842f5abffffffff,957,0
8427301ffffffff,20,0
8427303ffffffff,39,0
8427315ffffffff,64,0
8427311ffffffff,34,1
8427313ffffffff,45,0
842e701ffffffff,68,35
842e705ffffffff,37,7
842e729ffffffff,12,0
844b73bffffffff,43,0
844b739ffffffff,16,0
844b731ffffffff,41,0
844b735ffffffff,51,0
844b549ffffffff,36,0
844b6cdffffffff,41,0
844b6c1ffffffff,27,0
844b6c9ffffffff,89,0
844b6cbffffffff,61,0
842e6c9ffffffff,83,0
842c547ffffffff,27,36
842c545ffffffff,30,12
842c509ffffffff,0,35
8420025ffffffff,0,14
842c543ffffffff,0,5
8420027ffffffff,0,38
84201c9ffffffff,0,32
84201cbffffffff,0,33
84201ddffffffff,0,1
8430ca5ffffffff,126,0
8430d9bffffffff,320,41
842f593ffffffff,204,7
842f597ffffffff,121,0
842f591ffffffff,96,0
842f595ffffffff,154,0
842f583ffffffff,92,58
842f5bdffffffff,125,0
842f5b1ffffffff,36,0
842f5b3ffffffff,45,0
844b69dffffffff,87,0
844b683ffffffff,38,0
842e6abffffffff,118,0
842e685ffffffff,21,0
842e6a9ffffffff,99,0
842e6e3ffffffff,52,0
842e6e7ffffffff,19,0
842e0d1ffffffff,38,0
8430ca3ffffffff,28,0
8430ca7ffffffff,142,0
844b645ffffffff,46,0
844b553ffffffff,36,0
844b42dffffffff,37,0
844b429ffffffff,118,0
844b42bffffffff,13,0
844b405ffffffff,114,0
844b40bffffffff,44,0
844b401ffffffff,70,0
844b463ffffffff,28,0
844b467ffffffff,83,0
842f587ffffffff,288,4
842e0e7ffffffff,127,0
842e0e1ffffffff,32,0
842e0ebffffffff,40,0
842e0c1ffffffff,1,0
842e0adffffffff,80,26
842e29bffffffff,147,0
842e669ffffffff,151,0
842e66bffffffff,107,0
842e647ffffffff,105,0
842e609ffffffff,183,0
842e655ffffffff,136,0
842e635ffffffff,14,0
842e711ffffffff,14,0
844b699ffffffff,123,0
844b69bffffffff,31,0
842e659ffffffff,164,0
842f4b3ffffffff,54,0
842f4b7ffffffff,82,0
844b6c5ffffffff,23,0
844b613ffffffff,38,0
844b617ffffffff,125,0
844b63bffffffff,39,0
844b639ffffffff,132,0
842f4b5ffffffff,81,0
842e649ffffffff,58,0
842f4a7ffffffff,79,0
842e661ffffffff,58,0
842e667ffffffff,111,0
842e663ffffffff,173,0
842e601ffffffff,100,0
842e603ffffffff,92,0
842e615ffffffff,95,0
842e619ffffffff,56,0
842e657ffffffff,93,0
842e60bffffffff,5,0
842e6c7ffffffff,92,0
842e689ffffffff,217,18
842e629ffffffff,23,0
842e6dbffffffff,13,0
842e6d9ffffffff,64,0
842e6ddffffffff,76,0
842e6cbffffffff,118,0
842e6e9ffffffff,122,0
842e68bffffffff,58,0
842e085ffffffff,40,0
842e199ffffffff,90,40
842f5a3ffffffff,144,0
842f5b5ffffffff,140,0
842e76dffffffff,25,0
842e2bbffffffff,90,0
842e2b3ffffffff,25,8
842e2b1ffffffff,146,0
844b603ffffffff,42,0
844b607ffffffff,87,0
844b62bffffffff,143,0
844b623ffffffff,38,0
844b621ffffffff,77,0
844b627ffffffff,92,0
844b71bffffffff,54,0
842e62dffffffff,53,0
842e753ffffffff,47,0
842e617ffffffff,149,16
842e613ffffffff,118,0
842e6c5ffffffff,74,0
848ca2bffffffff,7,0
848ca21ffffffff,41,0
842e60dffffffff,82,0
842e645ffffffff,118,0
842f5b9ffffffff,237,0
842e61bffffffff,148,0
842e6cdffffffff,293,0
842e6c1ffffffff,42,0
844a265ffffffff,199,0
844a26dffffffff,46,0
849c887ffffffff,16,0
849c8bdffffffff,44,0
849c8b5ffffffff,42,0
849d185ffffffff,7,0
849d1a7ffffffff,23,0
849c34dffffffff,9,0
8426dd1ffffffff,50,0
849451bffffffff,42,0
84945cdffffffff,66,0
84945c1ffffffff,110,0
8494e99ffffffff,60,0
8494e91ffffffff,61,0
8494503ffffffff,22,0
849450bffffffff,82,0
849451dffffffff,89,0
84945d7ffffffff,81,0
84945d5ffffffff,29,0
84945d1ffffffff,22,0
84945d3ffffffff,81,0
84128a3ffffffff,25,0
8428db7ffffffff,8,0
84bb097ffffffff,246,0
84bb56dffffffff,482,0
84bb569ffffffff,107,0
84bb561ffffffff,113,0
84bb56bffffffff,207,0
84bb50dffffffff,1127,0
84bb547ffffffff,63,0
84bb545ffffffff,240,0
84bb723ffffffff,58,0
84bb727ffffffff,79,0
84bb549ffffffff,36,0
84bb54dffffffff,36,0
84bb705ffffffff,52,0
84bb70dffffffff,111,0
84bb76bffffffff,82,0
84bb747ffffffff,98,0
84bb501ffffffff,495,0
84be0e9ffffffff,88,0
84be0ebffffffff,299,0
84be0e3ffffffff,356,0
84be063ffffffff,36,0
84be061ffffffff,35,2
84be06dffffffff,13,0
84bb0d3ffffffff,45,0
84bb0d1ffffffff,101,0
84bb0d9ffffffff,414,0
84be21bffffffff,38,0
84be211ffffffff,8,7
84be219ffffffff,0,13
84be21dffffffff,47,0
84bf5b1ffffffff,37,0
84bf5b3ffffffff,81,0
84be665ffffffff,77,0
84bb509ffffffff,45,0
84be12dffffffff,19,0
84be121ffffffff,20,0
84be125ffffffff,22,0
84be127ffffffff,83,0
84beacdffffffff,12,0
84bb0b3ffffffff,28,0
84be621ffffffff,2,0
84be623ffffffff,41,0
84be44bffffffff,180,0
84be637ffffffff,162,0
84be45dffffffff,30,0
84da959ffffffff,78,0
84dab37ffffffff,62,0
84da94bffffffff,359,49
84be0c5ffffffff,19,0
84bb091ffffffff,18,0
84bb0bbffffffff,89,0
84bb295ffffffff,241,0
84be667ffffffff,24,0
84be75bffffffff,10,0
84be759ffffffff,8,0
84bf5b7ffffffff,5,0
84be63dffffffff,720,0
84be62bffffffff,33,0
84be605ffffffff,146,0
84be663ffffffff,38,0
84bb441ffffffff,5,1
84bb443ffffffff,0,23
84bb44bffffffff,0,8
84da965ffffffff,81,0
84bb74dffffffff,42,0
84bb291ffffffff,188,0
84bb297ffffffff,137,0
84bb769ffffffff,34,0
84bb721ffffffff,54,0
84bb72bffffffff,7,0
84da95dffffffff,121,81
84da943ffffffff,35,0
84da941ffffffff,97,0
84da945ffffffff,99,0
84bb543ffffffff,45,0
84bb54bffffffff,43,0
84bb735ffffffff,10,0
84bb741ffffffff,118,0
84bb749ffffffff,372,2
84da839ffffffff,207,0
84da83bffffffff,55,0
84da817ffffffff,71,12
84daaa5ffffffff,225,0
84da819ffffffff,47,0
84bb299ffffffff,17,0
84bb095ffffffff,28,0
84bb09dffffffff,207,0
84bb0d7ffffffff,91,0
84da969ffffffff,43,0
84bb2b1ffffffff,57,0
84bb2b7ffffffff,63,0
84bb0ddffffffff,296,0
84bb745ffffffff,12,0
842a149ffffffff,155,0
842a145ffffffff,191,0
844b6a5ffffffff,12,9
844b6a7ffffffff,17,3
844b6a3ffffffff,46,5
844b6bdffffffff,71,0
84695d1ffffffff,114,0
84695d7ffffffff,72,0
8468441ffffffff,86,0
8468447ffffffff,59,0
8468445ffffffff,29,0
846846bffffffff,17,0
8469435ffffffff,48,0
8469437ffffffff,4,0
8469431ffffffff,70,0
8469433ffffffff,92,16
846943bffffffff,63,0
8468449ffffffff,37,0
8468627ffffffff,45,0
8468623ffffffff,80,0
8468621ffffffff,14,0
8468629ffffffff,38,0
844b90bffffffff,26,0
844b957ffffffff,60,0
844b611ffffffff,31,0
844b615ffffffff,103,0
844b63dffffffff,102,0
844b54dffffffff,30,0
844b093ffffffff,29,0
844b569ffffffff,5,0
844b193ffffffff,21,0
844b197ffffffff,37,0
844b1bbffffffff,71,0
844b1b1ffffffff,111,0
842f5bbffffffff,115,0
842e66dffffffff,85,0
842f599ffffffff,73,0
842f5d7ffffffff,28,0
842f58bffffffff,68,38
842f589ffffffff,131,0
842f58dffffffff,118,0
842e65dffffffff,30,0
842e651ffffffff,57,0
842e65bffffffff,136,0
844b55bffffffff,67,0
844b551ffffffff,40,0
844b55dffffffff,8,0
844b555ffffffff,18,0
844b543ffffffff,23,0
844b61dffffffff,4,0
844b629ffffffff,17,0
844b717ffffffff,78,0
844b713ffffffff,107,0
842e6d1ffffffff,43,0
844ba0bffffffff,260,9
844ba13ffffffff,3,0
844ba1bffffffff,91,0
844ba11ffffffff,127,0
844ba19ffffffff,232,0
844ba1dffffffff,77,0
844ba57ffffffff,196,8
8427237ffffffff,39,0
8427059ffffffff,24,0
84272e5ffffffff,36,0
84272e7ffffffff,22,0
84beabbffffffff,421,4
8466e09ffffffff,55,13
8466e47ffffffff,74,64
8466e6bffffffff,58,36
8466f53ffffffff,24,0
8466f5bffffffff,39,0
8466e67ffffffff,61,0
846605dffffffff,2,0
846604bffffffff,28,0
8466235ffffffff,35,0
8466197ffffffff,36,0
8466195ffffffff,40,0
8466183ffffffff,24,0
84678e9ffffffff,14,0
8467817ffffffff,20,0
846783bffffffff,47,0
8466021ffffffff,65,0
8466027ffffffff,72,0
84661c9ffffffff,132,0
84661c1ffffffff,77,0
84661c7ffffffff,21,0
84661cbffffffff,52,0
84661c3ffffffff,151,0
84661d5ffffffff,47,0
84661d7ffffffff,32,0
841e807ffffffff,81,0
841e805ffffffff,40,0
84a8aa9ffffffff,37,0
84a8aa1ffffffff,38,0
84a8aa7ffffffff,25,61
84a881bffffffff,0,21
84c2de9ffffffff,30,0
84c2d13ffffffff,34,0
84c2c27ffffffff,15,0
84c2c23ffffffff,5,0
84c2c6bffffffff,34,0
84c2c63ffffffff,22,0
84c2c67ffffffff,31,0
84c2c2dffffffff,28,0
84c2d53ffffffff,48,0
84a8311ffffffff,60,0
84a8319ffffffff,102,0
84a8353ffffffff,49,0
84a822dffffffff,21,0
84a835bffffffff,6,0
84a8267ffffffff,13,0
8466247ffffffff,19,13
8466241ffffffff,14,31
84b3335ffffffff,11,1
84b3149ffffffff,3,0
84b3323ffffffff,42,0
84b3327ffffffff,1,0
84b3321ffffffff,32,0
84b3325ffffffff,14,0
84c34b1ffffffff,6,0
84c34b7ffffffff,59,0
84c2ed3ffffffff,47,0
84c2ed7ffffffff,63,0
84c2ed5ffffffff,38,0
84c2e89ffffffff,47,0
84b2433ffffffff,45,14
84b2437ffffffff,51,0
84b2431ffffffff,21,0
84c2ee5ffffffff,16,0
84c2ee1ffffffff,23,0
84c2ee7ffffffff,7,0
84c2ee3ffffffff,32,0
84c2e85ffffffff,35,0
84c2e87ffffffff,8,0
84c3589ffffffff,35,55
84c35c7ffffffff,49,16
84c35c1ffffffff,20,28
84c35cdffffffff,21,16
84c2e17ffffffff,53,0
84c2e15ffffffff,140,0
84c2e57ffffffff,20,0
84c2e1dffffffff,46,0
84c30d7ffffffff,45,0
84c3099ffffffff,21,0
84c3091ffffffff,43,0
84c3093ffffffff,2,0
84c2e99ffffffff,42,0
84c2e91ffffffff,55,0
84945cbffffffff,39,0
8426963ffffffff,397,0
8428855ffffffff,145,0
84289abffffffff,215,0
84289a1ffffffff,162,0
8428f15ffffffff,215,0
8428f03ffffffff,415,12
8428f0bffffffff,758,0
8428f55ffffffff,198,0
8428d59ffffffff,488,0
8428f31ffffffff,50,0
8428f39ffffffff,176,0
8428189ffffffff,62,0
84281d5ffffffff,115,0
84281c3ffffffff,151,0
84281cbffffffff,99,0
8428035ffffffff,44,0
8412865ffffffff,25,0
8412867ffffffff,33,0
841282dffffffff,32,0
8412821ffffffff,31,0
8428311ffffffff,22,0
842813bffffffff,44,0
84281edffffffff,23,0
84281e5ffffffff,124,0
8428adbffffffff,143,0
8429a51ffffffff,345,48
8428361ffffffff,575,101
8428367ffffffff,293,0
8428329ffffffff,1078,81
8428321ffffffff,544,0
8429a99ffffffff,393,0
8429a9bffffffff,376,50
842834dffffffff,812,0
84281a3ffffffff,96,0
84281a7ffffffff,24,0
8428f4dffffffff,70,0
8428f45ffffffff,88,0
8428f47ffffffff,152,0
8429a13ffffffff,521,115
8429ac5ffffffff,561,0
8429aebffffffff,540,14
8429ac7ffffffff,341,68
8429a8dffffffff,387,0
842832bffffffff,687,74
8428323ffffffff,419,4
842818bffffffff,36,0
8428183ffffffff,203,0
8428133ffffffff,87,0
84281a5ffffffff,39,0
8429a41ffffffff,2347,151
8429a4dffffffff,1054,20
8429a93ffffffff,362,0
8429a91ffffffff,150,0
8429a9dffffffff,349,0
8429a8bffffffff,365,0
8428f09ffffffff,834,0
8428f01ffffffff,1419,0
8428f07ffffffff,419,0
8428f37ffffffff,58,0
842686dffffffff,52,0
8426861ffffffff,57,0
842686bffffffff,139,0
8426847ffffffff,37,0
8426809ffffffff,32,0
8428025ffffffff,66,0
84281c9ffffffff,70,0
84281c1ffffffff,61,0
8428023ffffffff,33,0
842803dffffffff,20,0
842802bffffffff,140,1
84278e7ffffffff,10,0
84278e5ffffffff,127,0
84279d9ffffffff,31,0
84279cbffffffff,90,1
84288c1ffffffff,143,0
84288c5ffffffff,27,0
84288c7ffffffff,72,0
8428885ffffffff,89,0
8428f1dffffffff,25,0
842b829ffffffff,93,0
842b82dffffffff,135,0
842b95bffffffff,32,0
842b953ffffffff,39,0
842b951ffffffff,54,0
8448a89ffffffff,11,25
8448a8bffffffff,36,0
8448ad7ffffffff,26,7
8448aebffffffff,0,2
8448a8dffffffff,0,32
8429a45ffffffff,707,192
8428f41ffffffff,7,0
8428f43ffffffff,289,0
8448425ffffffff,6,0
8448421ffffffff,9,0
8448427ffffffff,25,0
84485c9ffffffff,6,0
8448435ffffffff,37,0
8448437ffffffff,10,0
84485ddffffffff,16,0
84485d1ffffffff,44,0
84485d3ffffffff,47,0
84484a5ffffffff,85,0
8426dadffffffff,108,0
8428d57ffffffff,406,0
84484a7ffffffff,111,0
8429a49ffffffff,169,0
8429a4bffffffff,206,0
846d2d7ffffffff,27,4
846d2d1ffffffff,4,5
846d2d5ffffffff,8,27
846d2ddffffffff,0,3
846d2c3ffffffff,3,16
846d299ffffffff,14,0
846d2d3ffffffff,10,0
8448539ffffffff,67,0
8448515ffffffff,20,0
844853bffffffff,72,0
8448517ffffffff,76,0
84485edffffffff,28,0
8448d67ffffffff,75,0
8448d29ffffffff,157,0
8448d05ffffffff,64,0
8448d07ffffffff,97,0
8448599ffffffff,64,0
84485d7ffffffff,114,0
84485d5ffffffff,79,0
84485c3ffffffff,61,0
840c735ffffffff,79,0
840c723ffffffff,61,0
84139e1ffffffff,771,25
8428d43ffffffff,172,178
8428d47ffffffff,91,0
8428d6bffffffff,80,0
841d345ffffffff,47,0
840c693ffffffff,16,0
841d369ffffffff,20,0
840c697ffffffff,51,0
840c6bbffffffff,24,0
840c6b9ffffffff,39,0
8428d8dffffffff,316,0
8428dc7ffffffff,68,0
8428d13ffffffff,248,108
840ce35ffffffff,7,0
840ce3dffffffff,27,0
840c445ffffffff,7,0
840c441ffffffff,38,0
840c443ffffffff,11,0
840c44bffffffff,13,0
840c45dffffffff,36,0
840c459ffffffff,16,0
842a949ffffffff,181,0
8427491ffffffff,208,0
842749dffffffff,469,0
842626bffffffff,39,0
842620dffffffff,112,0
8426247ffffffff,167,0
8426209ffffffff,268,0
8426255ffffffff,34,0
8426a9bffffffff,205,0
84280adffffffff,39,0
84281dbffffffff,62,0
84280e5ffffffff,32,0
8428033ffffffff,46,0
8428031ffffffff,13,0
845d043ffffffff,64,0
845d05dffffffff,82,0
845d059ffffffff,46,0
842aa21ffffffff,131,0
842aa29ffffffff,235,0
84446e3ffffffff,184,0
8444685ffffffff,146,0
8444681ffffffff,28,0
8427731ffffffff,90,0
8427737ffffffff,38,0
8427735ffffffff,66,0
842754bffffffff,87,0
8427541ffffffff,81,0
842791dffffffff,114,0
8427903ffffffff,103,0
8427907ffffffff,32,0
84440a9ffffffff,166,0
8426649ffffffff,404,0
84288a3ffffffff,200,0
84288a1ffffffff,48,0
84288adffffffff,39,0
8428d65ffffffff,198,0
8428d61ffffffff,88,0
8428d63ffffffff,22,0
8428d0dffffffff,84,0
842a969ffffffff,224,0
842a961ffffffff,287,0
842a965ffffffff,197,0
842665bffffffff,143,0
84288ddffffffff,20,0
84288d5ffffffff,88,17
84288d7ffffffff,131,0
8428899ffffffff,155,0
842889bffffffff,228,0
8444607ffffffff,71,0
8444639ffffffff,1,0
8444603ffffffff,64,0
8428d41ffffffff,28,0
84288a7ffffffff,151,0
8412db7ffffffff,287,0
84288b5ffffffff,97,0
84288b7ffffffff,83,0
842628dffffffff,154,24
8426289ffffffff,284,0
842628bffffffff,186,115
84262d5ffffffff,143,0
84262d7ffffffff,110,12
8428b29ffffffff,155,0
8428b2bffffffff,141,0
8428b07ffffffff,8,0
8428b3dffffffff,55,0
84288b3ffffffff,145,0
8426899ffffffff,63,0
84268d7ffffffff,92,0
84268d5ffffffff,144,0
84268c3ffffffff,115,0
84288b1ffffffff,44,0
84488abffffffff,33,0
84488a9ffffffff,76,0
84488adffffffff,73,0
84489d3ffffffff,60,0
84274a3ffffffff,261,0
84274bdffffffff,284,19
8427901ffffffff,96,0
8427929ffffffff,174,0
8427967ffffffff,113,0
84266adffffffff,168,12
842645bffffffff,108,0
8426451ffffffff,93,0
842645dffffffff,32,0
8428d69ffffffff,152,2
8428d6dffffffff,142,0
842629bffffffff,214,4
8444c91ffffffff,50,0
84262ddffffffff,66,0
84262cbffffffff,99,0
84262c1ffffffff,298,48
84262cdffffffff,670,62
8426969ffffffff,906,0
8426961ffffffff,662,0
84445a3ffffffff,42,20
84445b5ffffffff,144,0
8426593ffffffff,218,0
842641dffffffff,73,0
8426403ffffffff,128,0
8426401ffffffff,157,0
8426405ffffffff,181,0
8448985ffffffff,348,0
84489e3ffffffff,1012,0
8428829ffffffff,25,0
842882bffffffff,41,0
842883dffffffff,63,0
8428839ffffffff,2,0
8428831ffffffff,32,0
8426dc9ffffffff,67,0
845d153ffffffff,15,0
8426761ffffffff,236,0
8426765ffffffff,211,0
8428d83ffffffff,91,0
8428d8bffffffff,123,43
8428d81ffffffff,223,7
8428d89ffffffff,773,80
8428a81ffffffff,22,0
8428a8dffffffff,40,0
8428ac7ffffffff,53,0
8428ac5ffffffff,26,0
8428acdffffffff,22,0
8428365ffffffff,368,0
8448d37ffffffff,162,0
840c451ffffffff,22,0
840c45bffffffff,29,0
840c6adffffffff,43,0
840c6a9ffffffff,32,0
8428d9dffffffff,92,0
8428d91ffffffff,26,0
8428d97ffffffff,64,0
8412997ffffffff,30,0
840c197ffffffff,84,0
840c1bbffffffff,84,0
840c1b1ffffffff,141,0
8448561ffffffff,28,0
8448567ffffffff,63,0
8448563ffffffff,66,0
8448529ffffffff,18,0
8448505ffffffff,56,7
844852bffffffff,20,0
8427499ffffffff,467,0
842ab29ffffffff,188,0
842a301ffffffff,229,0
842a305ffffffff,255,0
842a329ffffffff,282,0
842a367ffffffff,203,0
840c5e7ffffffff,2,17
840c5e5ffffffff,34,0
840c5edffffffff,40,0
840c517ffffffff,26,0
840c515ffffffff,223,0
842693bffffffff,27,0
8426939ffffffff,132,0
8426907ffffffff,153,0
8426905ffffffff,239,0
840c72bffffffff,45,0
840c721ffffffff,55,0
840c72dffffffff,29,0
8429b03ffffffff,30,0
8428c25ffffffff,54,0
8428d1bffffffff,183,12
8428c27ffffffff,36,0
8428dcdffffffff,96,32
8412f6dffffffff,145,7
842b897ffffffff,218,0
842b8bbffffffff,152,0
8444c01ffffffff,88,0
8444c43ffffffff,246,0
8444c4bffffffff,95,0
8444c5dffffffff,127,0
8444e37ffffffff,98,0
8426e59ffffffff,102,0
842a81bffffffff,248,0
8426c19ffffffff,287,29
84446c5ffffffff,247,0
84446e9ffffffff,177,0
8426ecdffffffff,91,0
8426e13ffffffff,66,0
8448d15ffffffff,49,0
8448d17ffffffff,144,0
8448d13ffffffff,5,0
8448de9ffffffff,108,0
8448dc5ffffffff,67,0
8426687ffffffff,103,0
8426683ffffffff,220,0
842669dffffffff,195,50
842668bffffffff,567,0
8426c95ffffffff,287,0
8426c91ffffffff,183,0
8426c99ffffffff,134,0
8426c9bffffffff,4,0
84444dbffffffff,17,0
8448de5ffffffff,69,0
8426cc9ffffffff,88,0
8427599ffffffff,354,0
84275d3ffffffff,321,0
8448b09ffffffff,22,0
8448b43ffffffff,91,0
8448b4bffffffff,72,0
84499b5ffffffff,98,0
84bf4a9ffffffff,47,3
8429b61ffffffff,228,0
84489a9ffffffff,341,0
8429b6bffffffff,168,0
841eeadffffffff,35,0
841eea9ffffffff,54,0
841eeabffffffff,63,0
842da45ffffffff,104,116
842da69ffffffff,43,0
842da6bffffffff,143,39
842c2e9ffffffff,0,21
842c217ffffffff,0,64
842c211ffffffff,13,20
842c21dffffffff,46,39
841ec95ffffffff,39,0
842d31dffffffff,47,34
842d315ffffffff,2,86
842d33bffffffff,0,65
841ed5dffffffff,125,0
841ed55ffffffff,150,0
842b757ffffffff,14,0
842b70bffffffff,35,0
843f749ffffffff,20,0
841eda3ffffffff,25,0
841ed41ffffffff,39,0
841ec49ffffffff,41,0
841ec4bffffffff,78,0
841ee37ffffffff,44,0
841ec59ffffffff,66,0
842b993ffffffff,264,0
8412c27ffffffff,19,0
8412dcdffffffff,31,0
8412d1bffffffff,15,0
8412d13ffffffff,29,0
8412d11ffffffff,13,0
8444a9dffffffff,132,59
8430e33ffffffff,44,0
8430c59ffffffff,59,0
8430c51ffffffff,74,0
8430c53ffffffff,54,0
8430c57ffffffff,96,0
8430c19ffffffff,83,0
8430c1dffffffff,98,0
849d1bbffffffff,5,0
849d195ffffffff,49,0
849d19dffffffff,48,0
849d199ffffffff,9,0
849d1d7ffffffff,10,0
84be0e7ffffffff,182,0
84be0adffffffff,245,0
847b4b9ffffffff,16,0
847b487ffffffff,56,0
847b481ffffffff,18,0
849c8a5ffffffff,40,0
849c8a1ffffffff,20,0
849c8a7ffffffff,138,0
8472db7ffffffff,7,0
84266d7ffffffff,86,0
842a9adffffffff,161,0
842a985ffffffff,146,0
8429023ffffffff,44,0
842903dffffffff,50,0
8429039ffffffff,6,12
842a939ffffffff,560,0
84489ebffffffff,650,2
844898dffffffff,445,0
8448989ffffffff,62,0
842aaa3ffffffff,164,102
84695ebffffffff,16,57
84695c5ffffffff,30,9
8468743ffffffff,22,0
846875dffffffff,12,0
8468755ffffffff,14,0
842c08bffffffff,0,23
842c0cbffffffff,0,15
842c0c9ffffffff,0,7
842b123ffffffff,26,0
842b12bffffffff,39,0
842b101ffffffff,5,0
842b109ffffffff,5,0
8429861ffffffff,508,0
842995bffffffff,190,0
8429951ffffffff,378,0
8429957ffffffff,231,0
842990bffffffff,41,0
842b019ffffffff,28,0
842b053ffffffff,33,0
842b05bffffffff,32,0
842b2e5ffffffff,32,0
842b2edffffffff,4,0
842b06bffffffff,21,0
842b223ffffffff,24,0
84214c3ffffffff,31,6
8421489ffffffff,19,0
8467461ffffffff,58,0
8467465ffffffff,4,0
8467467ffffffff,18,0
846755bffffffff,29,0
8467553ffffffff,53,0
8467519ffffffff,65,0
846751dffffffff,7,0
845e453ffffffff,23,0
845e6adffffffff,38,0
845e6e7ffffffff,22,0
845e6e3ffffffff,38,0
846d33dffffffff,27,0
846d32bffffffff,44,0
846d329ffffffff,39,0
846d32dffffffff,7,0
8445959ffffffff,20,0
8445b37ffffffff,40,0
8466a69ffffffff,65,0
8466a45ffffffff,84,0
8466a47ffffffff,84,5
8466a43ffffffff,84,0
846713dffffffff,1,0
848f595ffffffff,17,0
848f5bbffffffff,52,0
848f5b3ffffffff,30,11
848e665ffffffff,8,0
848e66dffffffff,43,0
846634dffffffff,62,0
8466309ffffffff,12,29
8444a57ffffffff,6,0
8444a0bffffffff,131,0
8444a55ffffffff,39,0
8444a43ffffffff,40,0
8444a41ffffffff,28,0
8466053ffffffff,58,0
8466019ffffffff,35,0
846601bffffffff,9,0
8466011ffffffff,29,0
8466013ffffffff,17,0
8466c4dffffffff,66,0
8466c41ffffffff,0,19
8467149ffffffff,53,0
8467327ffffffff,57,0
8467321ffffffff,48,0
846732dffffffff,34,0
8467367ffffffff,45,0
8444f3dffffffff,69,0
8444f31ffffffff,68,0
844cd27ffffffff,15,0
84660e5ffffffff,58,0
84661d9ffffffff,75,0
84661dbffffffff,50,0
84661d1ffffffff,70,0
84661d3ffffffff,83,0
8444b19ffffffff,40,0
8444b11ffffffff,28,0
8444b13ffffffff,40,0
8444845ffffffff,30,0
844486bffffffff,13,0
84662e5ffffffff,21,0
84662e7ffffffff,7,0
846605bffffffff,28,0
84662adffffffff,9,0
84662a5ffffffff,29,0
8466219ffffffff,13,0
846621dffffffff,35,0
8466211ffffffff,27,0
8466217ffffffff,38,0
84662edffffffff,26,0
8467511ffffffff,28,0
8467515ffffffff,13,0
8467517ffffffff,15,0
846753bffffffff,6,0
846714bffffffff,34,0
8445109ffffffff,13,0
8445147ffffffff,10,0
8445145ffffffff,40,0
8466003ffffffff,21,0
846600bffffffff,29,0
8466009ffffffff,41,0
8466043ffffffff,18,0
8466047ffffffff,8,0
8466041ffffffff,4,0
8466311ffffffff,13,0
8466317ffffffff,34,0
8466069ffffffff,124,0
8466061ffffffff,4,0
8466023ffffffff,93,0
846602bffffffff,56,0
8466029ffffffff,17,0
8466e43ffffffff,100,7
8466e4bffffffff,0,57
8466f19ffffffff,53,0
8466e41ffffffff,59,7
84660c1ffffffff,13,0
84660c7ffffffff,32,0
84660ebffffffff,40,0
84660e3ffffffff,60,28
84660a1ffffffff,13,0
84660a7ffffffff,57,0
8466313ffffffff,14,0
8466181ffffffff,45,0
8466185ffffffff,50,0
846618dffffffff,16,0
84661e3ffffffff,34,0
84661e1ffffffff,42,0
8466199ffffffff,60,0
848c8a3ffffffff,18,0
848c8b5ffffffff,48,0
8465249ffffffff,67,0
8465241ffffffff,89,0
8465247ffffffff,150,0
846522bffffffff,50,0
846523dffffffff,51,0
848db17ffffffff,10,0
848d869ffffffff,20,0
848d86dffffffff,3,0
848d861ffffffff,35,0
848d867ffffffff,38,0
848d829ffffffff,90,0
84a6369ffffffff,94,0
84a6361ffffffff,67,0
84a6367ffffffff,34,0
84a632dffffffff,31,0
84a6325ffffffff,1,0
848d863ffffffff,24,0
848d82bffffffff,87,0
848d823ffffffff,70,0
848d9c9ffffffff,31,0
848ca4bffffffff,88,0
848ca5dffffffff,61,0
848ca59ffffffff,42,0
848ca5bffffffff,29,0
848c167ffffffff,73,0
848d81dffffffff,32,0
848d80bffffffff,31,0
848d855ffffffff,45,0
848d843ffffffff,48,31
848d847ffffffff,28,0
848d809ffffffff,53,0
848d801ffffffff,27,0
848d803ffffffff,36,0
848d839ffffffff,2,0
846086dffffffff,2,0
8460b33ffffffff,25,0
8460959ffffffff,51,0
8460951ffffffff,39,21
8460955ffffffff,0,12
8442adbffffffff,142,0
84421adffffffff,22,0
84421a5ffffffff,139,0
84421a7ffffffff,79,0
843da29ffffffff,70,0
843da05ffffffff,79,0
8442f4bffffffff,23,46
8442f43ffffffff,0,29
8442f5dffffffff,0,13
8442f55ffffffff,0,72
8442f57ffffffff,0,54
844213dffffffff,231,0
8442131ffffffff,147,0
8442137ffffffff,180,0
8442ad9ffffffff,257,1
8460a0dffffffff,8,1
8460a05ffffffff,43,0
8460a29ffffffff,113,0
8460a21ffffffff,213,0
8460145ffffffff,41,0
8461893ffffffff,13,0
846014dffffffff,15,0
8460a3dffffffff,20,0
8460a2bffffffff,44,0
8460a2dffffffff,133,0
84438d1ffffffff,175,0
84438d3ffffffff,35,0
8443899ffffffff,201,0
8443891ffffffff,313,0
8443893ffffffff,189,0
8460811ffffffff,1,0
8460819ffffffff,19,0
8460857ffffffff,43,0
8460855ffffffff,27,0
843cf25ffffffff,20,0
84618bbffffffff,46,0
84618b1ffffffff,1,0
84438b1ffffffff,85,1
84438b3ffffffff,19,0
84438b7ffffffff,61,0
8442a59ffffffff,134,7
8453699ffffffff,182,24
844316dffffffff,93,0
8443165ffffffff,58,0
8443a5bffffffff,167,0
844312dffffffff,25,0
846019dffffffff,37,0
84438a9ffffffff,109,51
84438abffffffff,0,44
84438bdffffffff,2,25
84438b5ffffffff,9,17
8460b37ffffffff,17,0
8460b31ffffffff,34,0
8460b3bffffffff,21,0
8460b39ffffffff,12,0
8460b15ffffffff,37,0
8460f27ffffffff,12,0
84601c9ffffffff,35,0
8460027ffffffff,47,0
8460021ffffffff,7,0
8460025ffffffff,50,14
84601ebffffffff,13,1
846016dffffffff,85,0
84618b3ffffffff,38,0
841ea4dffffffff,52,0
841f993ffffffff,39,0
841f99bffffffff,26,0
841f991ffffffff,89,0
841f99dffffffff,116,0
8439043ffffffff,34,0
843905dffffffff,49,0
8439059ffffffff,42,0
84392e5ffffffff,32,0
845e599ffffffff,36,0
845e4a5ffffffff,45,11
845e59bffffffff,0,1
845e4a7ffffffff,21,7
8441057ffffffff,6,0
844100bffffffff,35,0
8441003ffffffff,9,0
8465b4bffffffff,34,0
8465b5dffffffff,6,0
8469a49ffffffff,6,0
8468153ffffffff,32,0
846802dffffffff,47,0
8468029ffffffff,42,0
84651dbffffffff,5,1
84651d9ffffffff,156,0
8465033ffffffff,62,0
844ab65ffffffff,12,0
84696b3ffffffff,18,0
84694d9ffffffff,33,0
84694ddffffffff,34,4
84694c3ffffffff,10,0
84652a5ffffffff,29,0
84698abffffffff,66,2
84698bdffffffff,42,0
84698b1ffffffff,3,0
8465051ffffffff,432,12
848c8e7ffffffff,28,0
8469933ffffffff,11,0
84699e5ffffffff,27,0
84699e1ffffffff,47,0
84699e3ffffffff,32,0
846998dffffffff,4,0
846991bffffffff,87,0
8469827ffffffff,6,0
84699cdffffffff,22,13
84699c9ffffffff,7,0
84699cbffffffff,1,0
846816bffffffff,5,0
8468147ffffffff,67,0
846810dffffffff,50,0
8468109ffffffff,62,0
8465237ffffffff,65,0
846505bffffffff,44,0
84699dbffffffff,5,0
8469887ffffffff,12,0
8465349ffffffff,6,0
848c9a7ffffffff,36,13
848c9a5ffffffff,24,0
846992dffffffff,22,0
84698b5ffffffff,8,0
8465049ffffffff,40,0
846504bffffffff,48,0
846505dffffffff,198,0
848c9b9ffffffff,74,0
848c987ffffffff,38,16
848c985ffffffff,17,25
848c9e3ffffffff,0,12
8468165ffffffff,35,0
8468167ffffffff,142,0
8468129ffffffff,56,0
846812bffffffff,9,0
8468a51ffffffff,34,0
8468a5bffffffff,82,0
8465019ffffffff,14,0
846501dffffffff,73,3
8465011ffffffff,64,0
8465015ffffffff,42,30
848d937ffffffff,29,0
848d931ffffffff,40,0
84681e1ffffffff,22,0
84681e9ffffffff,29,0
8468117ffffffff,33,0
8468163ffffffff,185,0
8468105ffffffff,50,0
8468161ffffffff,8,0
8468111ffffffff,33,0
846811dffffffff,88,0
8465233ffffffff,89,0
84658b7ffffffff,170,0
8420e69ffffffff,81,23
8420191ffffffff,0,40
842019dffffffff,0,8
842153dffffffff,0,17
842c2abffffffff,0,32
8408b47ffffffff,0,36
8408b45ffffffff,2,45
8442c97ffffffff,39,26
8442c95ffffffff,92,12
8442c81ffffffff,54,0
8420109ffffffff,29,26
842010bffffffff,0,7
84be8c3ffffffff,34,0
84be8d5ffffffff,583,0
84be8ddffffffff,192,0
84a81e9ffffffff,75,0
84a8117ffffffff,107,0
84a8115ffffffff,574,5
84a8a81ffffffff,95,0
84a8a89ffffffff,77,0
84a8ac3ffffffff,1,0
84a8addffffffff,95,0
8481141ffffffff,54,0
8481145ffffffff,33,0
848116bffffffff,43,0
8481163ffffffff,34,0
8481a15ffffffff,20,0
8481a17ffffffff,4,0
8481a3bffffffff,42,0
8481a33ffffffff,44,0
8481859ffffffff,48,0
84a8c6bffffffff,8,4
84a8c0dffffffff,19,0
84a80abffffffff,4,0
84a80a9ffffffff,25,0
84a80adffffffff,43,0
84a81d3ffffffff,26,0
84a81d1ffffffff,23,0
84a9017ffffffff,50,1
84a90e9ffffffff,79,0
84a90edffffffff,2,0
8481851ffffffff,99,0
8481857ffffffff,83,0
848180bffffffff,123,0
8481803ffffffff,102,0
84a8e4bffffffff,9,0
84a8e49ffffffff,41,0
84a80a7ffffffff,41,0
84a80a5ffffffff,30,0
84a831dffffffff,9,0
84a8315ffffffff,29,0
84a8317ffffffff,104,0
84a806dffffffff,103,0
84a8065ffffffff,71,0
8481aa7ffffffff,66,0
848181bffffffff,100,0
8481813ffffffff,68,0
8481811ffffffff,50,0
8481817ffffffff,17,0
84a8ab5ffffffff,20,7
84a8abdffffffff,28,0
84a8ab9ffffffff,121,0
84a8a83ffffffff,99,0
84a8a07ffffffff,381,5
84a8a19ffffffff,14,0
84a8a1bffffffff,9,0
84a8125ffffffff,41,0
84a8121ffffffff,61,0
84a812bffffffff,270,3
84a818dffffffff,52,0
84a81c7ffffffff,7,0
84a81ebffffffff,46,0
8481839ffffffff,40,0
84a8a1dffffffff,38,0
84a8a03ffffffff,78,0
84a8a39ffffffff,221,0
8480445ffffffff,15,0
8480469ffffffff,17,0
8481aa1ffffffff,64,0
84818cdffffffff,45,0
8481addffffffff,13,0
8481137ffffffff,36,0
8481133ffffffff,47,0
84811edffffffff,25,0
848185bffffffff,59,0
8481ae5ffffffff,65,0
8481ae1ffffffff,24,0
8481aedffffffff,34,0
8481ae9ffffffff,22,0
84a8ab1ffffffff,42,19
84a88b3ffffffff,10,0
84a8137ffffffff,54,0
84a8133ffffffff,67,0
84a8131ffffffff,93,0
84a8a9bffffffff,1,0
84a8a99ffffffff,26,0
84a8ad3ffffffff,67,0
84a8ad1ffffffff,57,0
84a8ad9ffffffff,96,0
848a9ebffffffff,11,10
848a9c7ffffffff,25,12
84a8e65ffffffff,31,0
84a81b3ffffffff,37,0
84a81bbffffffff,56,0
84a81b9ffffffff,9,0
84a811dffffffff,54,0
84a813dffffffff,178,0
84a8107ffffffff,856,7
84a91b7ffffffff,114,0
84a835dffffffff,99,0
84a8355ffffffff,51,0
84a8309ffffffff,55,0
84a8301ffffffff,35,0
8481a89ffffffff,29,0
8481a8dffffffff,33,0
8481a81ffffffff,1,0
8481a85ffffffff,54,0
8481aabffffffff,21,0
8444a87ffffffff,190,0
84a8a8bffffffff,73,0
84818d1ffffffff,37,0
84818d5ffffffff,1,0
84818d7ffffffff,38,0
848188bffffffff,24,0
848189dffffffff,45,0
8481883ffffffff,39,0
840bb23ffffffff,4,0
840b949ffffffff,34,0
840b94dffffffff,47,0
840b945ffffffff,55,0
840b969ffffffff,15,0
842c20bffffffff,0,3
8441b29ffffffff,175,39
8441b21ffffffff,3,69
844b367ffffffff,5,46
844b361ffffffff,209,15
8410cc5ffffffff,20,1
84411e3ffffffff,13,0
843198dffffffff,14,0
8431aadffffffff,217,20
84214ddffffffff,8,5
8441b2bffffffff,98,10
8441a3dffffffff,77,51
8441a35ffffffff,60,17
8441841ffffffff,0,25
8441b51ffffffff,280,75
84301d9ffffffff,12,0
8441189ffffffff,357,39
8431823ffffffff,274,2
8441849ffffffff,65,80
844b005ffffffff,0,24
844b001ffffffff,4,28
844b009ffffffff,0,22
844b055ffffffff,0,27
844b0ebffffffff,38,32
844b08dffffffff,5,0
844b0c7ffffffff,0,27
844b089ffffffff,0,11
844a349ffffffff,12,29
844190dffffffff,62,13
84272c5ffffffff,13,21
8441033ffffffff,155,21
844ba05ffffffff,2,0
844ba29ffffffff,42,0
8441a23ffffffff,41,50
8441181ffffffff,203,82
8431903ffffffff,52,16
84411c3ffffffff,480,44
844118dffffffff,47,29
8441157ffffffff,54,32
844118bffffffff,86,0
84411d5ffffffff,347,12
8441901ffffffff,28,0
8441963ffffffff,37,0
8441961ffffffff,47,0
8441333ffffffff,2,28
844106dffffffff,8,43
844b109ffffffff,20,15
844b13dffffffff,17,0
84139a7ffffffff,20,0
844111dffffffff,20,37
842166bffffffff,5,0
8431aebffffffff,13,0
8431ae9ffffffff,36,4
8410095ffffffff,16,0
8441a0bffffffff,45,12
8441a03ffffffff,52,15
8441a07ffffffff,56,2
8431985ffffffff,121,0
8430db9ffffffff,35,0
8431a15ffffffff,42,0
8431a03ffffffff,29,0
84411adffffffff,43,0
84318e7ffffffff,33,0
84318c5ffffffff,62,12
8430361ffffffff,12,0
8431983ffffffff,81,0
8441b59ffffffff,5,49
84301a3ffffffff,12,0
844b70bffffffff,21,0
844b719ffffffff,73,0
844b0e5ffffffff,66,18
844a359ffffffff,8,0
844184dffffffff,58,6
8431aa1ffffffff,190,14
8431aabffffffff,48,15
8431aa3ffffffff,50,39
8441a27ffffffff,37,0
84410ebffffffff,14,0
8441b0bffffffff,116,0
844119bffffffff,129,0
8441199ffffffff,342,2
8441b25ffffffff,6,107
844b131ffffffff,11,0
844b139ffffffff,9,0
84414c1ffffffff,27,10
844148bffffffff,0,22
844b365ffffffff,12,26
8441b11ffffffff,27,0
844024dffffffff,36,0
84318cdffffffff,178,0
84411c7ffffffff,133,52
8441ac5ffffffff,0,50
8441ae9ffffffff,55,69
8441aedffffffff,52,31
844112dffffffff,47,15
844108bffffffff,30,0
8441185ffffffff,0,6
8431901ffffffff,2,0
843190bffffffff,94,0
8441127ffffffff,39,3
8441ac9ffffffff,12,0
8441ac7ffffffff,0,5
84309bbffffffff,59,10
8434427ffffffff,9,0
84318d7ffffffff,10,0
84318dbffffffff,14,0
8430995ffffffff,14,0
8441b03ffffffff,74,0
8441b39ffffffff,36,29
844b24dffffffff,0,4
844b245ffffffff,0,21
84410b9ffffffff,38,0
84410bbffffffff,47,0
8431ae3ffffffff,118,10
844b31dffffffff,0,12
844b303ffffffff,0,30
844b339ffffffff,26,1
844b105ffffffff,18,8
844b129ffffffff,69,14
844115dffffffff,20,0
8441155ffffffff,49,0
8441143ffffffff,142,33
84b8a07ffffffff,19,0
842c427ffffffff,19,0
8441017ffffffff,0,11
844b26dffffffff,23,0
842ad03ffffffff,185,1
8426dd5ffffffff,50,0
8441601ffffffff,168,2
8441609ffffffff,129,3
841e005ffffffff,34,0
841e007ffffffff,35,0
841e039ffffffff,32,0
841e031ffffffff,7,0
841e03bffffffff,39,0
841eeebffffffff,50,0
842c565ffffffff,108,2
842c52dffffffff,165,23
842a309ffffffff,137,0
842a343ffffffff,102,0
842a34bffffffff,96,0
842b1b7ffffffff,41,0
842b1b5ffffffff,108,0
841e027ffffffff,15,0
841e1c9ffffffff,38,0
841e1c3ffffffff,35,0
841e1d5ffffffff,12,0
841e837ffffffff,10,0
841e9d9ffffffff,27,0
841e9d1ffffffff,31,0
841e9d3ffffffff,32,0
841e999ffffffff,21,0
8442169ffffffff,384,3
8442d0bffffffff,3,13
8442d57ffffffff,10,8
8442d55ffffffff,18,25
8442d5dffffffff,10,65
8442d4bffffffff,0,40
8442f37ffffffff,0,2
8442f35ffffffff,0,63
840e491ffffffff,30,0
840e497ffffffff,46,0
842b16dffffffff,127,0
8426753ffffffff,153,0
8426625ffffffff,82,0
8426719ffffffff,38,0
842671bffffffff,133,0
8426711ffffffff,254,0
8426713ffffffff,207,0
8448987ffffffff,104,0
84489bdffffffff,188,12
843f287ffffffff,23,0
843f2b9ffffffff,36,0
843f2b1ffffffff,29,0
843f2b3ffffffff,33,0
845f5a5ffffffff,8,0
845f5a7ffffffff,32,0
845e749ffffffff,25,0
845e741ffffffff,25,0
845e743ffffffff,31,0
842a32dffffffff,129,0
84266bdffffffff,85,0
842683dffffffff,78,0
84122b3ffffffff,31,0
841276dffffffff,7,0
842a035ffffffff,20,0
842a1cbffffffff,48,0
842a1c1ffffffff,133,0
842a1c7ffffffff,35,0
844412dffffffff,114,0
843568dffffffff,7,0
8435685ffffffff,18,9
84356abffffffff,26,9
84356a1ffffffff,1,0
84356a3ffffffff,21,0
841edc1ffffffff,48,0
841edc7ffffffff,31,0
841ed89ffffffff,35,0
841ed81ffffffff,24,0
841ed83ffffffff,12,0
841ea4bffffffff,41,0
841ea5dffffffff,42,0
841ea55ffffffff,63,0
841ea51ffffffff,26,0
841ea57ffffffff,35,0
841ea19ffffffff,50,0
841f943ffffffff,8,0
841f95dffffffff,13,0
841f94bffffffff,27,0
841fb37ffffffff,25,0
841fb35ffffffff,36,0
841fb3dffffffff,72,0
84298bbffffffff,34,0
842816dffffffff,30,0
8429897ffffffff,192,0
8429893ffffffff,301,0
842814dffffffff,36,0
8428327ffffffff,335,0
842731dffffffff,27,0
842733bffffffff,31,0
8427331ffffffff,25,0
8427337ffffffff,42,0
842db35ffffffff,57,37
842db3dffffffff,9,19
8412e51ffffffff,3,0
8412e57ffffffff,25,0
8412e0bffffffff,72,0
8412e03ffffffff,3,0
8412e01ffffffff,48,0
8412e07ffffffff,65,0
840e16dffffffff,26,0
840f897ffffffff,27,0
8430e63ffffffff,6,0
84395ebffffffff,21,0
843958dffffffff,4,0
84395e3ffffffff,64,0
84395a9ffffffff,86,0
84395a1ffffffff,67,0
8438763ffffffff,39,0
8412747ffffffff,3,0
841276bffffffff,19,0
841270dffffffff,5,0
8412763ffffffff,49,0
8412729ffffffff,17,0
8443125ffffffff,330,0
842b191ffffffff,63,0
842b199ffffffff,54,0
842b1d3ffffffff,66,0
842b1dbffffffff,67,0
842b0e5ffffffff,53,0
8412da9ffffffff,35,0
8412da1ffffffff,36,0
8412da7ffffffff,347,0
8429a2bffffffff,224,0
842ba95ffffffff,45,0
842ba9dffffffff,63,0
842bad7ffffffff,54,0
8428b65ffffffff,180,0
8428b6dffffffff,199,0
843874dffffffff,21,0
8438745ffffffff,36,0
843876bffffffff,35,0
841e32bffffffff,94,0
841e33dffffffff,35,0
841e331ffffffff,35,0
841e333ffffffff,86,0
842d319ffffffff,19,3
842d311ffffffff,26,2
8426937ffffffff,35,0
8426933ffffffff,34,0
84269edffffffff,23,0
8426917ffffffff,105,0
84446a5ffffffff,344,0
842b98dffffffff,69,0
842b981ffffffff,185,0
842b987ffffffff,102,0
8427893ffffffff,50,0
8426169ffffffff,45,0
842616dffffffff,58,0
8426161ffffffff,121,0
8426165ffffffff,290,0
8444e53ffffffff,233,15
8444e19ffffffff,325,0
8444e57ffffffff,324,42
8419725ffffffff,31,0
8419721ffffffff,30,0
8419729ffffffff,18,0
841972bffffffff,2,0
8419705ffffffff,32,0
8419701ffffffff,8,0
84438cdffffffff,148,0
84438c3ffffffff,37,0
842c525ffffffff,8,11
844212bffffffff,134,0
8442105ffffffff,168,0
8442163ffffffff,274,0
8442161ffffffff,266,0
843d10dffffffff,11,0
843d105ffffffff,64,0
843d12bffffffff,40,0
843d123ffffffff,30,0
843cc35ffffffff,95,0
843cc23ffffffff,132,0
843cc2bffffffff,18,0
843cc21ffffffff,115,0
843cc29ffffffff,48,0
843f28bffffffff,77,0
843f2d7ffffffff,67,0
843f29dffffffff,58,0
843f299ffffffff,23,0
843f291ffffffff,35,0
843f29bffffffff,1,0
843f293ffffffff,21,0
841ecd3ffffffff,162,0
848d9e3ffffffff,21,0
848d98dffffffff,34,0
848d981ffffffff,39,0
848d98bffffffff,24,0
84459b7ffffffff,7,0
8444b59ffffffff,26,0
8444a65ffffffff,27,0
8444a67ffffffff,65,0
8444a63ffffffff,66,0
84beab3ffffffff,181,14
841fa19ffffffff,124,0
841fa57ffffffff,46,0
841fa55ffffffff,44,0
841fa09ffffffff,52,0
84194c1ffffffff,38,0
84194c7ffffffff,120,0
84194ebffffffff,162,0
84194e1ffffffff,109,0
841fa45ffffffff,208,0
841fa1dffffffff,89,0
841fad7ffffffff,4,0
841fa83ffffffff,67,0
841fa87ffffffff,64,0
841faabffffffff,61,0
841fa0bffffffff,53,0
841fa11ffffffff,163,0
841fad1ffffffff,51,0
841fadbffffffff,57,0
841f1adffffffff,75,0
841f1a1ffffffff,81,0
841f137ffffffff,13,0
841facbffffffff,51,0
841f135ffffffff,67,0
841fac9ffffffff,48,0
841f127ffffffff,65,0
841f98bffffffff,46,0
841f983ffffffff,227,0
841f981ffffffff,34,0
841f989ffffffff,30,0
841f9c7ffffffff,45,0
84124adffffffff,68,0
843da67ffffffff,39,0
843da63ffffffff,36,0
8442db7ffffffff,52,0
846090bffffffff,31,1
8460957ffffffff,31,0
849442dffffffff,52,0
84be89dffffffff,73,0
84a7343ffffffff,88,0
842b003ffffffff,104,0
842b00bffffffff,82,0
842b055ffffffff,87,0
842b05dffffffff,65,0
842b237ffffffff,40,0
8455261ffffffff,44,0
8455269ffffffff,33,0
8439931ffffffff,21,0
841fa6dffffffff,11,0
841fa69ffffffff,84,0
841fa47ffffffff,71,0
841eec1ffffffff,42,14
842681bffffffff,469,0
8426811ffffffff,324,0
8413529ffffffff,129,0
849c239ffffffff,113,0
849c203ffffffff,143,0
84a7063ffffffff,24,0
84a706bffffffff,19,0
8412dadffffffff,282,0
8412d87ffffffff,281,13
8428d29ffffffff,430,0
84be607ffffffff,108,0
84be185ffffffff,276,0
84be455ffffffff,378,0
84be443ffffffff,155,0
841e085ffffffff,61,0
841e0e3ffffffff,123,0
841e08dffffffff,87,0
841e0ebffffffff,81,0
841e0c7ffffffff,55,0
841e0c5ffffffff,65,0
84be565ffffffff,190,0
84be561ffffffff,50,0
8431821ffffffff,310,0
843182dffffffff,42,0
8431825ffffffff,225,0
8431953ffffffff,271,0
842640dffffffff,548,163
8464367ffffffff,9,0
84658dbffffffff,108,0
8464365ffffffff,45,0
8464a4dffffffff,60,0
84445abffffffff,250,92
8444edbffffffff,14,28
842a735ffffffff,27,0
842a737ffffffff,13,0
842a733ffffffff,80,0
842a465ffffffff,49,0
842a461ffffffff,46,0
842a4c9ffffffff,13,0
8426251ffffffff,85,0
8426253ffffffff,103,0
8427525ffffffff,345,0
8426881ffffffff,118,0
842688bffffffff,98,0
84268cdffffffff,1330,0
8426aa7ffffffff,809,1
8426249ffffffff,63,0
842624bffffffff,111,0
8427095ffffffff,21,0
84be63bffffffff,121,0
843f129ffffffff,21,0
843f105ffffffff,17,0
843f12bffffffff,13,0
843f107ffffffff,35,0
843f139ffffffff,35,0
8444c13ffffffff,318,0
840e707ffffffff,6,0
842e74dffffffff,81,0
8441647ffffffff,3,0
84309a1ffffffff,16,0
84309a3ffffffff,10,0
84309abffffffff,4,10
84309bdffffffff,27,0
842c08dffffffff,40,6
842c081ffffffff,21,26
842c083ffffffff,20,0
84945e3ffffffff,69,0
8444f69ffffffff,1267,0
8444f6bffffffff,266,0
843cd5bffffffff,113,0
843cd59ffffffff,101,0
843cf37ffffffff,57,0
843cf35ffffffff,90,0
8439447ffffffff,65,45
8439443ffffffff,21,67
842da4dffffffff,2,0
843f4dbffffffff,57,0
841ef23ffffffff,17,0
841ef27ffffffff,29,0
841ed49ffffffff,93,0
841e2d1ffffffff,17,0
841e2d9ffffffff,58,30
841f533ffffffff,60,34
841f5edffffffff,3,8
841f53bffffffff,16,47
841f517ffffffff,0,61
848d833ffffffff,23,0
848d83bffffffff,4,0
848d831ffffffff,40,0
848d83dffffffff,59,0
848d9d9ffffffff,21,0
848d9dbffffffff,31,0
848d8e7ffffffff,35,0
848d8adffffffff,13,0
848d8a9ffffffff,63,0
848d8a1ffffffff,6,0
848d8abffffffff,42,0
848d883ffffffff,106,0
848d881ffffffff,131,0
848d88dffffffff,130,0
848d8cdffffffff,52,0
848d8c5ffffffff,106,0
848c163ffffffff,13,0
848c161ffffffff,43,0
848c16dffffffff,37,0
848d897ffffffff,43,0
848d8bbffffffff,3,0
848d895ffffffff,60,0
848c12bffffffff,107,52
848c13dffffffff,96,29
848c139ffffffff,65,32
848c107ffffffff,120,0
848d8c7ffffffff,58,0
8428f29ffffffff,54,9
8428f05ffffffff,349,34
84261d7ffffffff,86,0
84261e3ffffffff,56,0
84260e7ffffffff,56,0
8426d85ffffffff,53,0
8426de3ffffffff,200,0
8467265ffffffff,43,0
8445993ffffffff,33,0
8445991ffffffff,62,0
84459d7ffffffff,38,0
845f595ffffffff,77,1
845f583ffffffff,61,33
845f5b1ffffffff,15,0
845f5b9ffffffff,45,0
845e707ffffffff,37,0
845e705ffffffff,63,21
845f5bdffffffff,8,0
845f5b5ffffffff,82,0
845e74bffffffff,31,0
844cc45ffffffff,4,0
844cc4dffffffff,20,0
844cf13ffffffff,30,0
844cf11ffffffff,41,0
844cf1dffffffff,21,0
844cedbffffffff,1,0
844d4a7ffffffff,13,0
844d59bffffffff,13,0
842a0b9ffffffff,14,0
842a0bdffffffff,12,0
842a0abffffffff,3,0
84bef29ffffffff,125,0
84bef05ffffffff,53,0
84be899ffffffff,111,0
84be89bffffffff,34,0
842815dffffffff,185,32
8428337ffffffff,216,0
8428157ffffffff,137,0
8428119ffffffff,31,0
842811dffffffff,63,0
8428111ffffffff,3,0
8428343ffffffff,505,0
849d217ffffffff,247,8
8413501ffffffff,29,0
841250dffffffff,365,0
842b819ffffffff,233,0
8429ab5ffffffff,33,0
840f9dbffffffff,72,0
840ed93ffffffff,1,0
841242bffffffff,157,22
8412457ffffffff,47,0
8412415ffffffff,28,0
842731bffffffff,4,2
8412085ffffffff,1,0
8427663ffffffff,51,0
8427667ffffffff,40,0
842775bffffffff,34,0
84122a3ffffffff,13,0
84122b5ffffffff,16,4
8412d61ffffffff,50,5
8412d69ffffffff,14,28
8412d45ffffffff,20,24
840e6b7ffffffff,5,0
840e6b3ffffffff,26,0
842769bffffffff,114,0
8412549ffffffff,1,0
8412541ffffffff,56,0
8413867ffffffff,107,0
844b75bffffffff,24,2
84be8d1ffffffff,444,10
841ed93ffffffff,6,0
843f645ffffffff,39,0
843f647ffffffff,36,0
843f60dffffffff,43,0
843f609ffffffff,45,0
843f601ffffffff,12,0
841f8d5ffffffff,23,0
841f8ddffffffff,41,0
841f8cbffffffff,20,0
841fab7ffffffff,28,0
841fab5ffffffff,64,0
8411309ffffffff,0,25
8411347ffffffff,0,33
841136bffffffff,0,16
842b8a5ffffffff,9,0
842b8a1ffffffff,92,0
842b8abffffffff,50,0
84bef1bffffffff,10,0
84bef19ffffffff,17,0
84bee25ffffffff,7,0
84bef53ffffffff,27,0
84bee2dffffffff,13,0
84bef5bffffffff,15,0
84bee67ffffffff,140,0
84bee61ffffffff,263,0
849d2a7ffffffff,14,0
849d2a1ffffffff,50,0
849d2a9ffffffff,66,0
849d2e3ffffffff,87,0
849d2e1ffffffff,5,0
844249bffffffff,70,0
8442493ffffffff,27,0
843d145ffffffff,42,0
843d16bffffffff,21,0
844b13bffffffff,107,4
844b163ffffffff,81,0
844b155ffffffff,19,1
844b157ffffffff,41,0
844b125ffffffff,170,0
844b127ffffffff,16,18
844b121ffffffff,81,5
8441331ffffffff,0,4
844b167ffffffff,31,0
844b10dffffffff,30,12
844b113ffffffff,48,0
844b6dbffffffff,67,0
844b6d3ffffffff,73,0
844b6d1ffffffff,141,0
844b6d5ffffffff,9,0
844b6ddffffffff,41,0
844b6c3ffffffff,49,0
844b1d9ffffffff,106,16
844b0e1ffffffff,101,10
844b12dffffffff,61,0
844ba09ffffffff,178,0
844ba55ffffffff,2,0
8427135ffffffff,7,0
842713dffffffff,4,0
8427123ffffffff,43,0
8427121ffffffff,64,0
8427a53ffffffff,36,0
841d259ffffffff,15,0
841ee91ffffffff,41,17
841ee93ffffffff,8,23
842d24bffffffff,0,14
842d25dffffffff,0,12
842d051ffffffff,0,4
844ba0dffffffff,175,0
844ba63ffffffff,174,0
84411cbffffffff,432,0
844bb01ffffffff,14,0
844bb07ffffffff,39,0
844bb2bffffffff,8,0
844bb3dffffffff,15,0
844bb23ffffffff,53,0
844bb27ffffffff,34,0
8441069ffffffff,8,5
844106bffffffff,19,0
844bb59ffffffff,83,0
844bb5dffffffff,32,0
844bb43ffffffff,36,0
844bb47ffffffff,63,0
844bb6dffffffff,84,0
8441145ffffffff,39,1
8441141ffffffff,102,1
841020dffffffff,0,7
8427029ffffffff,53,0
842702bffffffff,61,0
842703dffffffff,51,0
8427031ffffffff,61,0
8426291ffffffff,331,13
842aa95ffffffff,19,0
842aa91ffffffff,64,0
842aa9dffffffff,43,0
842a315ffffffff,284,0
842a317ffffffff,506,6
8428d17ffffffff,552,90
8428d15ffffffff,282,0
8429ab9ffffffff,420,148
8427021ffffffff,153,0
842702dffffffff,58,0
840f9d3ffffffff,55,0
8426929ffffffff,415,0
842692bffffffff,112,0
8428939ffffffff,57,0
8428931ffffffff,46,0
844024bffffffff,1,0
8440249ffffffff,20,0
843191dffffffff,51,0
8431aa9ffffffff,200,41
8441087ffffffff,4,0
84410bdffffffff,83,0
84410abffffffff,41,0
84410a3ffffffff,88,0
84410a1ffffffff,93,0
84410a5ffffffff,105,0
8431839ffffffff,225,0
8431807ffffffff,68,0
843183dffffffff,130,0
843182bffffffff,300,0
84b2417ffffffff,12,0
84b2c5dffffffff,40,53
84b2c55ffffffff,87,10
84a9549ffffffff,0,21
84a9735ffffffff,3,20
84a9739ffffffff,7,31
84a9715ffffffff,1,2
84b2e35ffffffff,0,29
84b2c4bffffffff,0,83
84c2dc3ffffffff,29,0
84b253bffffffff,0,1
84b2517ffffffff,4,31
84b2511ffffffff,0,25
84b2513ffffffff,3,0
84b2427ffffffff,6,8
84819a3ffffffff,20,0
84355e7ffffffff,29,8
848e4ddffffffff,28,0
848e4cbffffffff,44,0
84b24e3ffffffff,0,13
84b24e1ffffffff,3,30
84c342dffffffff,3,34
84c355bffffffff,0,3
84c3467ffffffff,0,19
84c3465ffffffff,0,2
8466e65ffffffff,4,0
843180bffffffff,105,0
8431809ffffffff,93,0
8431801ffffffff,52,0
843180dffffffff,60,0
8431805ffffffff,108,0
8431863ffffffff,1,0
8431829ffffffff,23,0
8431853ffffffff,213,5
8431857ffffffff,144,0
8431855ffffffff,57,0
84318c9ffffffff,95,19
84318c1ffffffff,51,0
84318ebffffffff,113,0
84318e1ffffffff,3,0
84318e3ffffffff,56,0
84318a9ffffffff,48,0
84411c1ffffffff,105,1
84318e9ffffffff,21,0
84318a1ffffffff,47,0
8431aa7ffffffff,133,0
842e75bffffffff,64,0
8441b2dffffffff,141,6
8441b05ffffffff,71,38
8441b01ffffffff,50,5
84411a3ffffffff,213,17
84411a7ffffffff,54,0
84318edffffffff,193,0
84318e5ffffffff,136,0
84319d9ffffffff,186,0
84319d1ffffffff,86,0
84319d5ffffffff,87,1
8431817ffffffff,192,0
843183bffffffff,212,0
8431815ffffffff,128,0
8410e3dffffffff,40,2
8410e2bffffffff,0,9
8410e05ffffffff,22,14
8410e63ffffffff,26,0
8441a51ffffffff,23,0
8441a53ffffffff,66,20
8441125ffffffff,5,21
8441121ffffffff,0,29
84100e1ffffffff,0,5
84100e3ffffffff,0,28
84100a9ffffffff,0,37
84100abffffffff,0,31
8430219ffffffff,0,47
8430253ffffffff,0,12
8441b57ffffffff,184,0
8441b53ffffffff,107,7
8441b5bffffffff,181,0
8441a67ffffffff,208,0
841f64bffffffff,9,0
841f65dffffffff,9,0
84089a5ffffffff,17,0
841f659ffffffff,11,21
841134dffffffff,0,8
8411341ffffffff,0,12
8410083ffffffff,46,0
841008bffffffff,26,0
8410089ffffffff,37,0
84100c3ffffffff,14,0
84345cdffffffff,12,0
840b86bffffffff,14,0
840b861ffffffff,37,0
840b867ffffffff,32,0
840b95bffffffff,34,0
840b953ffffffff,4,0
8425359ffffffff,0,27
84102adffffffff,8,0
841005bffffffff,32,0
84102e5ffffffff,25,0
8410233ffffffff,36,0
841023bffffffff,20,0
8412711ffffffff,26,0
8412713ffffffff,39,0
8412445ffffffff,25,0
8412441ffffffff,29,0
8431b11ffffffff,94,20
8426337ffffffff,154,0
842615dffffffff,84,0
8431827ffffffff,56,0
8431831ffffffff,50,0
8441a55ffffffff,61,52
844b369ffffffff,139,0
844b345ffffffff,235,0
84411a1ffffffff,77,0
84319a9ffffffff,238,0
8431813ffffffff,110,12
844b33dffffffff,91,0
844b341ffffffff,268,0
844b34bffffffff,68,0
844b343ffffffff,179,0
844b35dffffffff,29,0
8431a33ffffffff,53,0
8431a31ffffffff,53,0
8431a35ffffffff,25,0
8431a23ffffffff,15,0
8431ae7ffffffff,52,0
8431ae5ffffffff,31,0
84319a1ffffffff,35,0
8464ac3ffffffff,19,0
8464ac1ffffffff,20,0
84696a5ffffffff,9,0
84696adffffffff,35,0
846945bffffffff,41,0
84696e7ffffffff,25,0
84696e5ffffffff,40,0
84696edffffffff,51,0
8430c61ffffffff,42,45
8430d53ffffffff,23,26
84694a9ffffffff,41,0
84694e3ffffffff,54,0
84694e1ffffffff,416,0
844b953ffffffff,67,0
844b95bffffffff,32,0
844b867ffffffff,78,0
8468661ffffffff,55,0
8468669ffffffff,76,0
8469593ffffffff,67,0
8469591ffffffff,102,0
846959bffffffff,15,0
8469599ffffffff,113,0
846840dffffffff,48,0
8468405ffffffff,42,15
84695d3ffffffff,122,0
84695dbffffffff,641,0
846854bffffffff,21,0
844b697ffffffff,43,0
842f497ffffffff,28,0
842f4bbffffffff,60,0
842f4b9ffffffff,25,0
842f4bdffffffff,14,0
8468663ffffffff,6,0
846875bffffffff,51,0
8468665ffffffff,37,0
846866dffffffff,38,0
8469597ffffffff,69,0
846959dffffffff,26,0
8469439ffffffff,10,0
846943dffffffff,4,0
8421669ffffffff,39,0
8410d93ffffffff,6,0
8410d97ffffffff,19,0
8410d91ffffffff,38,0
8410d9dffffffff,61,0
840b839ffffffff,29,0
840b831ffffffff,38,0
840b835ffffffff,4,0
840b837ffffffff,22,0
840b9cbffffffff,28,0
8410f0dffffffff,36,2
8431995ffffffff,30,0
8430a49ffffffff,7,0
843cc2dffffffff,99,0
844196bffffffff,113,0
8441947ffffffff,219,0
8441941ffffffff,143,0
844194bffffffff,74,0
8441b55ffffffff,66,5
8441b09ffffffff,24,0
8441b0dffffffff,4,0
8441a63ffffffff,162,0
8441a05ffffffff,77,0
8441a01ffffffff,51,0
8441909ffffffff,73,0
84309b5ffffffff,78,0
84309b1ffffffff,23,0
84309b9ffffffff,25,29
844b347ffffffff,15,0
844b34dffffffff,46,0
844196dffffffff,45,0
8410f01ffffffff,12,0
8410f6bffffffff,1,19
8410f45ffffffff,0,37
8410a93ffffffff,0,9
8431957ffffffff,117,0
8431909ffffffff,18,0
8431b07ffffffff,0,14
8431b3dffffffff,0,12
844b36bffffffff,6,0
8431a85ffffffff,4,12
84411ebffffffff,53,26
8430983ffffffff,0,2
844b349ffffffff,106,0
84411d7ffffffff,379,0
844b327ffffffff,0,50
844b323ffffffff,82,16
8441109ffffffff,19,18
844110dffffffff,21,8
844116bffffffff,28,0
8441161ffffffff,35,0
8441165ffffffff,1,0
84309b7ffffffff,96,0
8412f19ffffffff,23,0
8412f1bffffffff,28,0
8412e27ffffffff,37,0
8412e23ffffffff,31,0
8412e35ffffffff,89,0
8428d85ffffffff,95,0
8428de3ffffffff,184,0
8412501ffffffff,10,0
8412505ffffffff,163,0
8412507ffffffff,535,0
849d21dffffffff,153,0
8427285ffffffff,3,0
84272abffffffff,77,0
84272bdffffffff,116,0
842ab47ffffffff,398,95
844480bffffffff,37,0
8444803ffffffff,31,0
8444807ffffffff,23,0
8444839ffffffff,2,0
844483dffffffff,28,0
843f423ffffffff,58,0
843f42bffffffff,61,0
843f429ffffffff,3,0
843f405ffffffff,50,0
843f463ffffffff,73,0
8443a59ffffffff,120,0
845369bffffffff,165,0
843f607ffffffff,32,0
843f605ffffffff,46,0
843f66bffffffff,15,0
84be085ffffffff,473,0
8428de1ffffffff,313,6
8429aa3ffffffff,132,0
842b0e1ffffffff,118,0
842b0e9ffffffff,69,0
842814bffffffff,82,0
8428143ffffffff,82,0
8428147ffffffff,185,0
842806dffffffff,145,0
8428151ffffffff,288,77
8428155ffffffff,138,0
8428d19ffffffff,486,23
8428f49ffffffff,49,0
84281b5ffffffff,136,0
8428f4bffffffff,667,6
8429ac9ffffffff,669,0
8429123ffffffff,216,0
8428d11ffffffff,727,11
8428d1dffffffff,505,0
8428887ffffffff,95,0
84288bdffffffff,111,0
8428891ffffffff,100,0
8428895ffffffff,37,0
8429b0bffffffff,139,0
84485a3ffffffff,137,0
8429b49ffffffff,46,0
84485a7ffffffff,158,0
8427a01ffffffff,62,0
8412537ffffffff,67,0
8412eddffffffff,24,0
8412dc5ffffffff,45,0
8412de9ffffffff,88,0
8412d17ffffffff,67,0
8412ccdffffffff,202,24
8412cc1ffffffff,149,0
8412e1bffffffff,47,0
842b813ffffffff,210,0
842baa3ffffffff,94,121
8441723ffffffff,0,9
8441721ffffffff,0,13
8428d37ffffffff,70,0
8428d33ffffffff,38,0
8412cc3ffffffff,142,0
842b815ffffffff,115,0
842b8c9ffffffff,53,0
8412c1bffffffff,453,0
8412cc9ffffffff,71,0
842b85dffffffff,5,0
8412d05ffffffff,61,0
8412d63ffffffff,7,0
8412d29ffffffff,12,17
8427531ffffffff,275,0
842753bffffffff,175,0
84275edffffffff,73,0
842b9b3ffffffff,92,0
842b9b1ffffffff,171,0
8413505ffffffff,44,0
842ab05ffffffff,184,0
842ab2bffffffff,253,0
842703bffffffff,4,0
842b03bffffffff,169,0
8412d35ffffffff,108,0
8412d31ffffffff,40,0
8412d03ffffffff,59,0
8412d0bffffffff,49,0
8412d01ffffffff,3,24
8412c31ffffffff,7,0
8412cedffffffff,69,0
842c933ffffffff,125,0
8428dc1ffffffff,106,0
8412567ffffffff,97,0
8412e5bffffffff,24,0
8412513ffffffff,74,0
8412eabffffffff,60,0
8412e87ffffffff,10,0
842684dffffffff,117,0
8426841ffffffff,87,0
8426843ffffffff,100,0
8426855ffffffff,69,0
8412cd1ffffffff,103,39
842baabffffffff,100,0
8444d17ffffffff,127,0
84411cdffffffff,97,23
8441113ffffffff,78,0
841fa8dffffffff,26,0
841fa81ffffffff,33,0
841fa95ffffffff,31,0
841ee85ffffffff,87,0
841ee8dffffffff,16,0
841eee3ffffffff,45,0
8421765ffffffff,3,0
842176dffffffff,32,0
84212bbffffffff,18,0
8431919ffffffff,70,0
84410edffffffff,55,0
84319e3ffffffff,37,0
8431aedffffffff,46,0
8431841ffffffff,95,0
8431845ffffffff,43,0
843184dffffffff,39,2
8431b13ffffffff,99,0
8431b1dffffffff,23,0
8431843ffffffff,81,0
844ba4bffffffff,15,0
844ba49ffffffff,11,0
844ba41ffffffff,26,0
844ba4dffffffff,12,0
844ba45ffffffff,24,0
8441a6dffffffff,22,0
844ba69ffffffff,5,0
8441a69ffffffff,6,0
84414c3ffffffff,53,5
8441111ffffffff,153,4
8441b15ffffffff,6,0
8441b07ffffffff,92,0
8431819ffffffff,188,0
843181bffffffff,46,0
8431a17ffffffff,15,0
8431a3bffffffff,40,0
8441a2dffffffff,61,0
8441a29ffffffff,89,0
84411d9ffffffff,207,0
84410e5ffffffff,162,0
84410e7ffffffff,128,0
844111bffffffff,51,0
8410c85ffffffff,8,13
8410c8dffffffff,25,12
841f1b5ffffffff,8,0
84bee41ffffffff,102,0
84bee47ffffffff,135,0
8427037ffffffff,15,0
842e6d5ffffffff,87,0
842e6d7ffffffff,103,0
842e6d3ffffffff,86,0
844b65bffffffff,92,0
844b651ffffffff,72,0
842710bffffffff,75,0
8427101ffffffff,99,0
8427105ffffffff,28,0
8427163ffffffff,55,0
842e699ffffffff,46,0
844b659ffffffff,36,0
844b65dffffffff,40,0
844b64bffffffff,44,0
840d2ebffffffff,40,0
84410e3ffffffff,64,3
844108dffffffff,17,29
84271b3ffffffff,123,0
844bb6bffffffff,106,0
844bb09ffffffff,86,0
840c54bffffffff,227,9
840c549ffffffff,30,0
840c54dffffffff,18,0
8428037ffffffff,18,0
84281d9ffffffff,32,0
840c815ffffffff,14,0
842753dffffffff,169,0
8427523ffffffff,195,0
8427521ffffffff,153,0
841385dffffffff,25,0
841384bffffffff,21,0
8413841ffffffff,29,0
842c0cdffffffff,0,5
842c0c1ffffffff,12,26
842c0c7ffffffff,6,1
84411d1ffffffff,42,0
84410e9ffffffff,3,0
842ca17ffffffff,49,0
842ca35ffffffff,65,0
844cee7ffffffff,128,12
844cc5bffffffff,68,0
844cee5ffffffff,76,0
8431ae1ffffffff,34,0
8431a39ffffffff,33,0
8431a07ffffffff,18,0
843f4e3ffffffff,109,0
843f485ffffffff,58,0
843f4abffffffff,9,0
843f487ffffffff,54,0
843f4bdffffffff,63,0
843f4b1ffffffff,20,0
8466a21ffffffff,21,0
8466a2bffffffff,38,0
8466a05ffffffff,40,0
8466a01ffffffff,22,0
846d693ffffffff,166,0
846d69bffffffff,42,0
8466b4dffffffff,18,0
8466d2dffffffff,61,10
8466d67ffffffff,22,45
8466d65ffffffff,5,34
8466d6dffffffff,9,56
846d6e1ffffffff,67,5
846d6e3ffffffff,35,0
846d68dffffffff,36,0
846d681ffffffff,29,0
8466161ffffffff,32,0
8466a5bffffffff,134,63
84661e5ffffffff,41,0
8466133ffffffff,45,0
8466137ffffffff,42,0
8466131ffffffff,22,4
8466d47ffffffff,22,0
846612dffffffff,50,21
8466129ffffffff,37,0
846612bffffffff,38,0
8466107ffffffff,20,0
846613dffffffff,8,0
8466139ffffffff,6,0
8466a57ffffffff,98,0
8466a19ffffffff,35,0
8466a11ffffffff,34,0
84b26b5ffffffff,26,22
84b24cbffffffff,7,14
84b24ddffffffff,20,12
84b24d1ffffffff,19,0
84b24d7ffffffff,3,0
8445a69ffffffff,22,0
8467a69ffffffff,25,0
8467a61ffffffff,30,0
8445a37ffffffff,22,0
8445a35ffffffff,30,0
8445a3dffffffff,33,0
8445a2bffffffff,36,0
84660e1ffffffff,64,0
846608dffffffff,0,4
8466a59ffffffff,29,1
8466a5dffffffff,58,0
84678b7ffffffff,38,4
8466f1dffffffff,56,0
8466f0bffffffff,44,0
8466f09ffffffff,13,0
846781dffffffff,19,0
8467857ffffffff,17,0
8466a49ffffffff,24,0
8466a4dffffffff,69,0
846799bffffffff,33,0
8467991ffffffff,27,0
8467999ffffffff,1,0
846799dffffffff,6,0
8466163ffffffff,1,0
8466167ffffffff,17,0
8466a53ffffffff,101,9
8467997ffffffff,58,0
8466a6bffffffff,63,0
84448a3ffffffff,14,0
84448b5ffffffff,61,0
842adb5ffffffff,69,0
842ada3ffffffff,38,0
8466ad5ffffffff,1,0
8466ac3ffffffff,35,3
8466acbffffffff,3,0
8466ac1ffffffff,76,4
8466acdffffffff,28,0
848f2c7ffffffff,36,0
848f2c5ffffffff,33,0
848f2cdffffffff,47,0
8466d27ffffffff,34,0
8467937ffffffff,28,0
8467935ffffffff,27,0
846d6c9ffffffff,33,0
8467927ffffffff,33,0
8467993ffffffff,15,0
8467995ffffffff,44,0
8467983ffffffff,41,0
8467987ffffffff,39,0
8445251ffffffff,26,0
8445255ffffffff,25,0
8445243ffffffff,80,0
8445241ffffffff,63,0
8445245ffffffff,17,0
84661b9ffffffff,33,2
8466187ffffffff,42,0
84661a9ffffffff,14,0
848e70bffffffff,7,6
848e757ffffffff,1,14
848e71dffffffff,31,8
84678abffffffff,29,0
8467885ffffffff,22,0
8445b27ffffffff,10,0
8445b25ffffffff,10,0
8445b21ffffffff,9,0
8445b2dffffffff,37,0
8445b67ffffffff,57,0
8445b65ffffffff,46,0
8466327ffffffff,27,0
8466323ffffffff,35,0
846632bffffffff,36,0
8467985ffffffff,37,0
84679a9ffffffff,25,0
84679e7ffffffff,8,0
84679d3ffffffff,16,0
84678a5ffffffff,38,0
84678a7ffffffff,32,0
8466a41ffffffff,44,0
8466a61ffffffff,41,0
8466a6dffffffff,6,0
8466a65ffffffff,25,0
84679b3ffffffff,5,0
8466135ffffffff,37,0
8466addffffffff,4,0
8466ad9ffffffff,40,0
8466adbffffffff,2,0
8445999ffffffff,35,0
84459d1ffffffff,25,0
8467835ffffffff,11,0
8467831ffffffff,13,0
8467837ffffffff,21,0
8467833ffffffff,19,0
84679d9ffffffff,17,0
84678e5ffffffff,23,0
84679dbffffffff,12,0
84678e7ffffffff,5,0
8444a39ffffffff,27,0
8444a01ffffffff,130,0
8444a0dffffffff,61,0
84390ddffffffff,2,0
84392b7ffffffff,58,0
84392b3ffffffff,61,0
84392bbffffffff,51,0
843976dffffffff,20,0
8439297ffffffff,38,0
8419695ffffffff,91,0
8419683ffffffff,20,0
84196b9ffffffff,63,0
8412e37ffffffff,69,0
8412c59ffffffff,3,0
8412ed1ffffffff,19,0
8412ed5ffffffff,59,0
8412e8bffffffff,43,0
842a331ffffffff,191,0
842a337ffffffff,462,0
842a14bffffffff,326,0
8428b17ffffffff,184,0
8428b15ffffffff,150,0
842a80bffffffff,151,0
84269adffffffff,108,0
84269a9ffffffff,214,0
8426985ffffffff,247,0
842a335ffffffff,161,0
8429ae3ffffffff,102,0
8429a85ffffffff,130,0
8429a87ffffffff,551,119
8429117ffffffff,48,0
8429115ffffffff,13,0
842913bffffffff,17,0
8429139ffffffff,43,0
842913dffffffff,35,0
842e683ffffffff,20,0
840d0c3ffffffff,97,0
840d0ddffffffff,45,0
846d69dffffffff,44,0
846d68bffffffff,77,0
84b3219ffffffff,6,0
8440245ffffffff,9,0
8448f0dffffffff,24,0
8448f6bffffffff,32,0
8448f45ffffffff,19,0
8448f69ffffffff,12,0
8448a93ffffffff,35,0
8448a91ffffffff,16,0
84be197ffffffff,57,0
84be191ffffffff,122,0
84b9b01ffffffff,0,18
84b9b0dffffffff,0,17
84b9b09ffffffff,24,7
84b9b47ffffffff,34,0
84b9b41ffffffff,37,0
84b9b49ffffffff,9,0
84b8a2bffffffff,15,0
84b8a3dffffffff,50,0
84b8a35ffffffff,68,0
84b884bffffffff,21,0
841e1cbffffffff,31,0
841e1ddffffffff,35,0
842c519ffffffff,13,12
84121edffffffff,23,0
8412133ffffffff,31,0
841213bffffffff,43,0
8412131ffffffff,60,15
841213dffffffff,42,24
8412123ffffffff,0,36
8444121ffffffff,60,0
8444123ffffffff,259,0
8441187ffffffff,0,11
84411abffffffff,0,28
84319c9ffffffff,78,0
84319c1ffffffff,70,0
843cae5ffffffff,41,0
843cae7ffffffff,97,0
843caa9ffffffff,81,0
843caabffffffff,119,0
843cabdffffffff,1,0
843ca31ffffffff,0,25
843ca3bffffffff,6,2
843ca33ffffffff,33,0
84611c9ffffffff,27,0
84611cbffffffff,32,0
8461037ffffffff,23,0
84611d9ffffffff,37,0
84611dbffffffff,2,0
8427ab5ffffffff,18,0
84278c9ffffffff,39,0
8427aa7ffffffff,30,0
842781bffffffff,77,0
8441119ffffffff,58,0
8428737ffffffff,3,12
8428735ffffffff,40,0
8428723ffffffff,15,0
8428727ffffffff,25,0
8428725ffffffff,18,0
842634bffffffff,134,0
842626dffffffff,510,24
8427197ffffffff,188,0
8426341ffffffff,29,0
8446485ffffffff,90,0
8446487ffffffff,248,112
8428b63ffffffff,147,0
8428b61ffffffff,58,0
842792dffffffff,101,0
84464e3ffffffff,358,69
844b64dffffffff,51,77
8430d91ffffffff,63,0
8430d95ffffffff,52,0
8430d83ffffffff,29,0
8441a33ffffffff,76,0
8441a37ffffffff,23,18
844184bffffffff,5,0
84309a9ffffffff,17,3
8465995ffffffff,5,0
8465991ffffffff,37,0
8465993ffffffff,40,0
8441949ffffffff,67,0
8441945ffffffff,4,0
846598bffffffff,20,0
84659d7ffffffff,40,0
84659d3ffffffff,41,0
844190bffffffff,72,0
8441b35ffffffff,20,15
8431837ffffffff,87,0
8441b27ffffffff,39,0
8426c51ffffffff,200,0
8441035ffffffff,120,0
844114dffffffff,38,0
845e463ffffffff,69,18
845e467ffffffff,67,0
845e42dffffffff,36,0
845e553ffffffff,1,0
841289dffffffff,0,31
84128d7ffffffff,38,17
84128d1ffffffff,35,0
8412d3bffffffff,40,0
8455a09ffffffff,22,5
8480801ffffffff,28,0
84354ddffffffff,13,0
842a08dffffffff,37,0
8444853ffffffff,39,0
8444aa5ffffffff,61,0
844481bffffffff,64,0
84448cdffffffff,55,0
84448c5ffffffff,61,0
842a839ffffffff,120,0
84266d9ffffffff,104,0
842a933ffffffff,213,0
842a937ffffffff,359,0
8431851ffffffff,33,0
8410c51ffffffff,0,14
840c881ffffffff,24,4
84421cdffffffff,47,0
844211bffffffff,34,0
8442119ffffffff,34,0
8442157ffffffff,32,0
840ce59ffffffff,41,0
840ce5bffffffff,21,0
840c565ffffffff,56,0
840c567ffffffff,4,0
840c561ffffffff,40,0
840c56bffffffff,22,0
8441a09ffffffff,80,0
8441a0dffffffff,141,0
84309b3ffffffff,0,6
8448d6dffffffff,227,0
84488b3ffffffff,296,5
842a929ffffffff,255,0
842a931ffffffff,586,0
84410a7ffffffff,67,0
843cc37ffffffff,54,0
843cce5ffffffff,30,0
849c059ffffffff,2,0
849c237ffffffff,123,7
849c231ffffffff,284,0
849c23dffffffff,317,0
849c207ffffffff,45,0
8443a83ffffffff,71,0
8440349ffffffff,104,12
8441b13ffffffff,16,0
84be897ffffffff,75,0
84be891ffffffff,114,0
84be8d7ffffffff,113,0
8442cc9ffffffff,25,12
8442ccbffffffff,70,7
8442cddffffffff,64,0
8442cd1ffffffff,34,0
8442cd7ffffffff,8,0
8441a25ffffffff,94,12
8441a21ffffffff,24,0
849c249ffffffff,32,0
849d0a3ffffffff,35,0
849d0a1ffffffff,13,0
849d0abffffffff,44,0
849d0a9ffffffff,31,0
849d0e3ffffffff,6,0
842754dffffffff,82,0
842709bffffffff,70,0
8427099ffffffff,24,0
8441a57ffffffff,34,0
8440263ffffffff,9,0
8431811ffffffff,110,0
840c1b5ffffffff,229,59
840c193ffffffff,42,0
843181dffffffff,4,0
8444a09ffffffff,95,0
8444a1dffffffff,97,0
8443885ffffffff,32,0
84438e1ffffffff,23,0
84438e9ffffffff,136,0
84319c7ffffffff,31,0
8431989ffffffff,25,0
84319c3ffffffff,20,0
84319ddffffffff,63,0
8431833ffffffff,50,0
84410d7ffffffff,12,0
84a7007ffffffff,7,0
84a703dffffffff,69,0
84a7035ffffffff,45,0
849481dffffffff,38,0
8494857ffffffff,18,0
8494819ffffffff,44,0
8494853ffffffff,2,0
8494aa5ffffffff,39,0
8430dbbffffffff,20,0
8430d97ffffffff,118,5
844b669ffffffff,23,0
848d8cbffffffff,168,15
848d933ffffffff,40,0
848d9edffffffff,68,0
848d9e1ffffffff,68,0
848c8d5ffffffff,37,15
848c88bffffffff,1,0
848c105ffffffff,30,0
848c121ffffffff,63,0
848c12dffffffff,41,0
848ca53ffffffff,23,0
848cd2bffffffff,27,0
848cd23ffffffff,40,0
84652c9ffffffff,40,0
84652c1ffffffff,41,0
84be8b7ffffffff,211,0
84be8b1ffffffff,66,0
84bb0ebffffffff,43,0
84bb08dffffffff,64,0
84bb081ffffffff,14,0
84122a1ffffffff,11,0
84bec21ffffffff,38,17
84bec29ffffffff,61,3
8443a4bffffffff,34,4
8453697ffffffff,24,18
84536b9ffffffff,70,30
84be5d9ffffffff,108,0
84be437ffffffff,32,0
84be431ffffffff,75,0
84be439ffffffff,42,0
84be403ffffffff,9,0
8430997ffffffff,14,0
840cc4dffffffff,7,0
840cc49ffffffff,26,0
840cc4bffffffff,26,0
840ce37ffffffff,35,0
840ce33ffffffff,25,0
840cee5ffffffff,2,0
8441b19ffffffff,54,0
8465043ffffffff,24,0
8465041ffffffff,45,0
8441085ffffffff,23,0
8441103ffffffff,12,36
84411b5ffffffff,0,25
8442321ffffffff,30,0
8442323ffffffff,26,0
8442149ffffffff,78,0
844214bffffffff,72,0
8441005ffffffff,35,0
8441029ffffffff,75,0
844102dffffffff,95,12
8441129ffffffff,39,23
8441105ffffffff,41,4
8441101ffffffff,24,0
8441a5bffffffff,23,0
84bea91ffffffff,73,0
84bea97ffffffff,164,12
84bea95ffffffff,22,0
841ea59ffffffff,33,0
841f8b7ffffffff,37,0
841f8b1ffffffff,35,0
841f8bdffffffff,28,0
8444a93ffffffff,484,0
8444f51ffffffff,111,0
8426425ffffffff,93,0
8444137ffffffff,286,0
842696dffffffff,106,0
8428b69ffffffff,226,0
8448937ffffffff,610,38
8448935ffffffff,113,0
842621bffffffff,522,0
8426211ffffffff,245,0
8426219ffffffff,67,0
84309a5ffffffff,8,0
842b265ffffffff,3,0
842b261ffffffff,18,0
842c0e3ffffffff,24,33
842c121ffffffff,0,43
842c127ffffffff,24,15
8466d21ffffffff,28,0
848f2c9ffffffff,12,0
848f2c1ffffffff,12,0
841e9a1ffffffff,23,0
841e9a3ffffffff,37,0
841e9bdffffffff,31,0
841e9b1ffffffff,30,0
84386b3ffffffff,23,0
843f365ffffffff,36,0
843f367ffffffff,49,0
843f363ffffffff,9,0
843f329ffffffff,22,0
843f0d7ffffffff,73,0
843f09dffffffff,15,0
843f099ffffffff,39,0
843f091ffffffff,22,0
843f09bffffffff,17,0
843f093ffffffff,35,0
843f545ffffffff,2,0
84382bdffffffff,18,0
84382a3ffffffff,19,2
84382a7ffffffff,24,0
84380cdffffffff,15,0
84382ebffffffff,34,0
843828dffffffff,37,0
8438289ffffffff,78,0
84382adffffffff,57,0
8438053ffffffff,14,0
84382a5ffffffff,67,0
8438019ffffffff,5,0
843801bffffffff,27,0
843805bffffffff,9,0
84382e7ffffffff,39,0
8426621ffffffff,37,0
8444ea7ffffffff,204,0
8444e87ffffffff,164,0
8444cedffffffff,110,0
8444ce9ffffffff,160,0
8444c17ffffffff,157,0
842ab23ffffffff,359,0
842ab3dffffffff,281,0
842ab39ffffffff,397,12
842aa6dffffffff,193,0
8427051ffffffff,23,0
8427055ffffffff,31,0
8427043ffffffff,50,0
8427041ffffffff,18,0
8448ca5ffffffff,32,0
8448ca1ffffffff,30,0
8448ca9ffffffff,80,0
8448c85ffffffff,79,0
8448c8dffffffff,72,0
8429989ffffffff,168,0
8429981ffffffff,35,0
842998bffffffff,95,0
8429983ffffffff,83,0
842999dffffffff,74,0
8429995ffffffff,18,0
8429991ffffffff,14,0
84266c7ffffffff,73,0
84266c5ffffffff,133,0
8444c19ffffffff,151,0
8444131ffffffff,189,0
842a349ffffffff,135,0
842b1a3ffffffff,236,0
842b1bdffffffff,61,0
842b1abffffffff,90,0
842b187ffffffff,45,0
842b185ffffffff,1,0
842a9b9ffffffff,149,0
842a819ffffffff,214,0
8426307ffffffff,41,0
8426303ffffffff,83,0
8426311ffffffff,129,0
842631bffffffff,79,0
842ab37ffffffff,261,0
842a153ffffffff,21,0
842a15bffffffff,42,0
842a067ffffffff,53,0
8426d27ffffffff,34,0
8444cb3ffffffff,137,0
842669bffffffff,164,0
842a347ffffffff,55,0
842a341ffffffff,77,0
842ba1dffffffff,11,0
842ba57ffffffff,28,0
842ba53ffffffff,18,0
842ba51ffffffff,5,0
842ba5bffffffff,31,0
842b165ffffffff,28,0
842a987ffffffff,192,0
842a981ffffffff,220,0
842a83dffffffff,89,0
8444ea5ffffffff,287,0
8444ccdffffffff,425,55
8444cc5ffffffff,130,0
8444cebffffffff,98,0
84299bbffffffff,11,0
8429997ffffffff,23,0
8428a69ffffffff,62,0
8429993ffffffff,133,0
8428a4dffffffff,26,0
8444c8dffffffff,126,0
84678edffffffff,24,0
841b823ffffffff,33,0
841b83dffffffff,69,0
8426e85ffffffff,404,0
8426ee3ffffffff,401,22
842758dffffffff,61,0
84275c7ffffffff,137,0
8427589ffffffff,197,0
84275d5ffffffff,281,0
84275d1ffffffff,294,68
8429ad1ffffffff,158,0
8429ad3ffffffff,165,0
84291a5ffffffff,100,12
84291a7ffffffff,140,0
8426089ffffffff,72,0
84260c3ffffffff,73,0
84260d5ffffffff,122,0
84260ddffffffff,63,0
84260d1ffffffff,236,0
84260d9ffffffff,500,0
84260dbffffffff,147,0
840c8e9ffffffff,20,0
840c817ffffffff,16,0
8426493ffffffff,270,0
842649bffffffff,215,109
8426491ffffffff,32,0
8426499ffffffff,80,0
842649dffffffff,37,0
842648bffffffff,88,0
8444c0dffffffff,238,19
842621dffffffff,103,0
8426215ffffffff,216,0
8426203ffffffff,11,0
8427545ffffffff,24,0
8426921ffffffff,310,0
8426923ffffffff,44,0
8429937ffffffff,79,0
8429933ffffffff,164,0
8429931ffffffff,155,0
8428897ffffffff,116,0
84288bbffffffff,85,0
84288b9ffffffff,49,0
8444e21ffffffff,75,0
8444e27ffffffff,95,0
8444e23ffffffff,115,0
8444c49ffffffff,179,0
8444e35ffffffff,44,0
84264b7ffffffff,135,0
842ab07ffffffff,78,0
8412527ffffffff,48,0
8412ec9ffffffff,68,0
8412535ffffffff,31,0
8412ed9ffffffff,25,0
840c453ffffffff,39,0
840c457ffffffff,58,0
840c455ffffffff,15,0
840c40bffffffff,45,0
840c409ffffffff,28,0
840c40dffffffff,30,0
8426031ffffffff,101,0
8426033ffffffff,31,0
84260edffffffff,36,0
84260e1ffffffff,28,0
842ab0dffffffff,262,0
842a11dffffffff,278,0
8448091ffffffff,20,0
8448097ffffffff,31,0
8448093ffffffff,33,0
8448569ffffffff,24,0
8448545ffffffff,67,0
8448547ffffffff,45,0
8444d01ffffffff,27,0
8444d15ffffffff,29,0
8444d11ffffffff,74,0
844ce07ffffffff,21,0
844ce33ffffffff,54,0
844ce37ffffffff,64,0
8429b47ffffffff,71,0
8429b55ffffffff,103,0
8444429ffffffff,244,0
8444c69ffffffff,44,0
8444c6dffffffff,54,0
8444f17ffffffff,100,0
8448e85ffffffff,100,0
84262c9ffffffff,396,31
8426619ffffffff,134,0
8426657ffffffff,162,0
8426655ffffffff,101,0
844cf33ffffffff,37,0
844cf3bffffffff,31,0
844cf15ffffffff,28,0
8444535ffffffff,91,0
8444539ffffffff,54,0
8444503ffffffff,28,0
8444997ffffffff,50,0
842ad87ffffffff,29,0
8444c05ffffffff,130,0
8444c2bffffffff,178,0
8444eadffffffff,166,0
8444ce7ffffffff,193,0
8444f53ffffffff,189,0
84269dbffffffff,115,0
84268e5ffffffff,134,0
84268e1ffffffff,115,0
84268e9ffffffff,106,0
844409bffffffff,31,0
844454dffffffff,25,0
8444549ffffffff,85,0
8444735ffffffff,117,0
8426c35ffffffff,44,0
842a36dffffffff,11,0
842ba97ffffffff,55,0
842693dffffffff,44,0
8426931ffffffff,19,0
8427535ffffffff,186,0
842babdffffffff,32,0
842ba87ffffffff,31,0
842ba81ffffffff,43,0
842ba8bffffffff,86,0
842a863ffffffff,225,0
842a867ffffffff,161,0
842a95bffffffff,285,0
842a951ffffffff,335,0
842653dffffffff,77,0
8426523ffffffff,177,0
84262e1ffffffff,361,0
84262edffffffff,153,8
84262e5ffffffff,77,0
8426233ffffffff,209,5
8426059ffffffff,95,0
8426237ffffffff,63,0
842605dffffffff,31,0
84446bdffffffff,98,0
84446b9ffffffff,177,0
84446bbffffffff,99,0
8444695ffffffff,70,0
8426b3bffffffff,68,0
8426b17ffffffff,175,0
8426b11ffffffff,97,0
8426b1bffffffff,209,0
8426a25ffffffff,70,0
842a935ffffffff,90,0
8444cdbffffffff,10,0
8444cd9ffffffff,40,0
8444eb3ffffffff,148,0
8428b5dffffffff,25,0
8428b55ffffffff,51,0
8428b43ffffffff,21,0
8428b09ffffffff,232,0
8428b47ffffffff,1,0
8428b0dffffffff,78,0
842a021ffffffff,14,0
842a029ffffffff,48,0
842a063ffffffff,31,0
842a00dffffffff,31,0
842a047ffffffff,11,0
8448dabffffffff,4,0
8448da3ffffffff,45,0
8448da1ffffffff,34,0
8448da5ffffffff,82,0
84262c3ffffffff,92,0
8429a6bffffffff,180,0
8426b13ffffffff,47,0
8426a27ffffffff,128,0
8426a21ffffffff,142,0
8426a2bffffffff,62,0
8427559ffffffff,20,0
8427465ffffffff,52,0
8427461ffffffff,66,0
842746bffffffff,73,0
8427445ffffffff,8,0
8444f4dffffffff,523,0
8444f41ffffffff,966,101
8444f45ffffffff,91,17
8426a29ffffffff,154,0
8426a05ffffffff,55,0
8426b37ffffffff,111,0
8426b33ffffffff,60,0
8426a0dffffffff,116,0
8426a63ffffffff,107,0
8426447ffffffff,171,0
84a8f61ffffffff,14,0
84a8a97ffffffff,22,0
84a8abbffffffff,3,0
842ba83ffffffff,19,0
842baddffffffff,53,0
8426947ffffffff,150,0
8426941ffffffff,148,0
842694bffffffff,76,0
842a157ffffffff,83,0
842aaebffffffff,195,0
842aae3ffffffff,208,0
842aae7ffffffff,296,0
8426943ffffffff,9,0
8428315ffffffff,156,0
842b0a3ffffffff,35,0
842b0abffffffff,35,0
842b085ffffffff,35,0
842b08dffffffff,16,0
8444ce5ffffffff,127,0
8444ce1ffffffff,111,0
842ab55ffffffff,145,0
842ab57ffffffff,65,0
842ab51ffffffff,100,0
842ab5bffffffff,239,0
842aa67ffffffff,225,0
842aa63ffffffff,74,0
8444c41ffffffff,244,0
8426295ffffffff,307,0
842629dffffffff,199,0
8426283ffffffff,325,13
8426281ffffffff,358,305
8418089ffffffff,20,0
84180d5ffffffff,35,0
84180d1ffffffff,35,0
84180dbffffffff,31,0
842b0e7ffffffff,7,0
842b013ffffffff,191,0
842b01bffffffff,41,0
8428a17ffffffff,5,0
8428a15ffffffff,38,0
8428a03ffffffff,38,0
8428a01ffffffff,38,0
8428a0dffffffff,2,0
8429a81ffffffff,470,0
8429a83ffffffff,207,0
8426231ffffffff,32,0
842623dffffffff,6,0
8426235ffffffff,40,0
8426049ffffffff,43,0
842604dffffffff,28,0
842ab3bffffffff,297,0
842a861ffffffff,143,0
8426419ffffffff,72,0
8426439ffffffff,35,0
841aa11ffffffff,25,0
8426915ffffffff,226,0
842aaa7ffffffff,106,0
84274adffffffff,94,0
8428335ffffffff,115,0
8427507ffffffff,57,0
8427503ffffffff,73,0
842750bffffffff,120,0
8427557ffffffff,97,0
8427553ffffffff,127,0
8444ccbffffffff,167,0
8444cc9ffffffff,177,0
8426213ffffffff,209,0
8426217ffffffff,162,0
8426455ffffffff,97,0
8426443ffffffff,93,0
842b8cdffffffff,51,0
842b8c5ffffffff,87,0
842b8ebffffffff,40,0
84269e5ffffffff,69,0
84269abffffffff,70,0
8413865ffffffff,35,0
8413b33ffffffff,20,0
8413b37ffffffff,13,0
842ab17ffffffff,91,0
84269c5ffffffff,255,0
84269c7ffffffff,501,0
84269c3ffffffff,67,0
842b289ffffffff,14,0
842b2c3ffffffff,34,0
842b2cbffffffff,33,0
841ab2dffffffff,33,0
841ab29ffffffff,59,0
842603bffffffff,14,0
8426037ffffffff,92,0
84261ddffffffff,99,0
842665dffffffff,460,67
8428a93ffffffff,27,0
8428f6bffffffff,139,0
8427485ffffffff,211,0
8427481ffffffff,166,0
84261edffffffff,112,0
8426133ffffffff,66,0
842613dffffffff,41,0
8427829ffffffff,17,0
8427821ffffffff,36,0
84279cdffffffff,98,0
8428169ffffffff,100,0
8429891ffffffff,285,0
8429895ffffffff,6,0
842989dffffffff,167,0
8429883ffffffff,14,0
842988bffffffff,270,0
841ab1dffffffff,26,0
841ab19ffffffff,33,0
841aa25ffffffff,55,0
841aa21ffffffff,53,0
84275e9ffffffff,49,0
842a959ffffffff,191,0
842a263ffffffff,64,0
842a26bffffffff,150,0
842a245ffffffff,121,0
842a24dffffffff,24,0
8448d69ffffffff,32,0
8446495ffffffff,290,0
8429147ffffffff,3,0
8429141ffffffff,44,0
842914bffffffff,27,0
8429335ffffffff,46,0
8429331ffffffff,1,0
84262b1ffffffff,210,0
84262b5ffffffff,297,0
84260cbffffffff,21,0
84260c9ffffffff,302,0
84260c1ffffffff,160,0
8428a27ffffffff,58,0
8428849ffffffff,76,0
8428a37ffffffff,338,0
8428859ffffffff,73,0
84261b1ffffffff,135,0
8426123ffffffff,56,0
8426127ffffffff,11,0
8426121ffffffff,120,0
842a835ffffffff,168,0
842a823ffffffff,81,0
8444087ffffffff,49,0
8444083ffffffff,115,0
8428e31ffffffff,28,0
8428e3bffffffff,38,0
8428e15ffffffff,7,0
8428e17ffffffff,31,0
8428e11ffffffff,59,0
8444e63ffffffff,64,0
8444e61ffffffff,23,0
8444e65ffffffff,194,0
845d367ffffffff,19,0
845d361ffffffff,29,0
845d36bffffffff,39,0
845d345ffffffff,29,0
845d341ffffffff,11,0
842a8d9ffffffff,454,24
84274b9ffffffff,363,0
8427483ffffffff,273,109
8427495ffffffff,242,0
8444687ffffffff,81,0
8448cc3ffffffff,3,0
842661dffffffff,325,0
8427841ffffffff,30,0
8427843ffffffff,11,0
842784bffffffff,12,0
842785dffffffff,35,0
8427859ffffffff,33,0
8427b33ffffffff,10,0
8427b31ffffffff,50,0
8427b35ffffffff,84,0
8427b27ffffffff,49,0
842a9edffffffff,119,0
842a9e9ffffffff,203,0
844451dffffffff,9,0
8444515ffffffff,90,0
8426245ffffffff,32,0
8426269ffffffff,23,0
84be03bffffffff,42,0
84be039ffffffff,39,0
8412cc5ffffffff,34,0
8412c13ffffffff,69,0
842912dffffffff,43,0
8428525ffffffff,7,0
8428527ffffffff,45,0
8428521ffffffff,48,0
842852bffffffff,40,0
8428507ffffffff,55,12
8448cb5ffffffff,127,0
84269b5ffffffff,236,0
84269b7ffffffff,87,0
84269b1ffffffff,40,0
842b9cdffffffff,31,0
842b9c5ffffffff,18,0
842b913ffffffff,30,0
842b9e9ffffffff,19,0
842a265ffffffff,64,0
842a26dffffffff,53,0
842b197ffffffff,80,0
84289a5ffffffff,116,0
8448eabffffffff,132,0
84289bdffffffff,54,12
84275d7ffffffff,358,0
84265abffffffff,28,0
8426587ffffffff,77,0
8426583ffffffff,92,0
8426595ffffffff,99,0
842790bffffffff,31,0
84489a3ffffffff,186,0
84489a7ffffffff,445,0
8426547ffffffff,99,0
8426555ffffffff,153,0
8427487ffffffff,178,0
84274abffffffff,67,0
84268a1ffffffff,111,0
84268abffffffff,54,0
8426885ffffffff,295,0
842688dffffffff,85,0
8426889ffffffff,236,0
841255bffffffff,42,0
841242dffffffff,40,0
8412421ffffffff,39,0
8412423ffffffff,36,0
841243dffffffff,2,0
842614bffffffff,45,0
8427911ffffffff,141,0
84279c1ffffffff,10,0
842b181ffffffff,32,0
842b189ffffffff,33,0
842b1c7ffffffff,2,0
842b1c3ffffffff,28,0
842b1c1ffffffff,7,0
842b1cbffffffff,23,0
842b1c9ffffffff,7,0
8445655ffffffff,16,0
8445651ffffffff,25,0
84265e9ffffffff,57,0
84265c7ffffffff,92,0
8428b23ffffffff,68,0
8428b35ffffffff,78,0
8428b37ffffffff,68,0
844455bffffffff,432,0
844465dffffffff,7,0
8444651ffffffff,38,0
8444653ffffffff,39,0
8448925ffffffff,39,0
842a955ffffffff,322,0
842a95dffffffff,84,0
8448dc7ffffffff,109,0
8448d8bffffffff,41,0
8448d83ffffffff,5,0
8448d9dffffffff,230,0
8448ce7ffffffff,227,0
8448ce3ffffffff,170,0
8426081ffffffff,130,0
842608bffffffff,130,0
842691bffffffff,86,0
8426911ffffffff,129,0
8428dd1ffffffff,21,0
8428dd3ffffffff,29,0
8428ca5ffffffff,29,0
8426981ffffffff,68,0
842698bffffffff,141,0
84269d7ffffffff,109,0
84269d3ffffffff,92,0
8448997ffffffff,112,0
84489bbffffffff,41,0
8426143ffffffff,70,0
8426159ffffffff,104,0
8426065ffffffff,9,0
842a22dffffffff,72,0
842a35bffffffff,10,0
842a267ffffffff,26,0
84262c5ffffffff,59,0
84268ddffffffff,42,0
8444099ffffffff,28,0
8444725ffffffff,52,0
8444727ffffffff,76,0
8444723ffffffff,95,0
8444f13ffffffff,75,12
8444f11ffffffff,53,0
84262b9ffffffff,212,0
8426287ffffffff,171,51
8426845ffffffff,43,0
842b1b9ffffffff,64,0
842b183ffffffff,88,0
8426f19ffffffff,113,0
8426e25ffffffff,297,0
8426e2dffffffff,209,0
8426e21ffffffff,182,0
8426e29ffffffff,66,0
8426e05ffffffff,2,0
842666bffffffff,349,0
84261bdffffffff,175,0
8444ea9ffffffff,30,0
8444cb9ffffffff,107,0
8444cb1ffffffff,143,0
84298c5ffffffff,126,0
8444e9bffffffff,66,0
84445a5ffffffff,62,0
84445a7ffffffff,130,0
8444587ffffffff,78,0
8426f5dffffffff,119,0
8426f59ffffffff,39,0
8426e15ffffffff,19,0
8426949ffffffff,117,0
8426083ffffffff,131,0
8426087ffffffff,83,77
84260abffffffff,341,14
84260a3ffffffff,95,0
842ab61ffffffff,5,0
8444d89ffffffff,92,0
842885dffffffff,254,0
8426421ffffffff,122,0
8426423ffffffff,72,0
842643dffffffff,77,0
842643bffffffff,56,0
84269ddffffffff,23,0
84281cdffffffff,35,0
84281c5ffffffff,102,0
842818dffffffff,42,0
842aa59ffffffff,154,0
842b8b3ffffffff,175,0
842a16dffffffff,369,0
8426955ffffffff,68,0
8426951ffffffff,37,0
8426953ffffffff,20,0
842695bffffffff,8,0
842682dffffffff,41,0
842b231ffffffff,67,0
841d253ffffffff,2,0
8412b6dffffffff,39,0
8412b61ffffffff,43,0
8412b63ffffffff,33,0
8412b29ffffffff,4,0
842ab53ffffffff,153,0
842aa2dffffffff,116,0
842ab1dffffffff,79,0
842ab19ffffffff,96,0
842bac7ffffffff,116,0
842bac1ffffffff,30,0
842bac9ffffffff,23,0
8444c6bffffffff,47,0
8444c45ffffffff,110,0
8426995ffffffff,62,0
8426991ffffffff,78,0
8426999ffffffff,119,0
84268a5ffffffff,54,0
842752bffffffff,26,0
840cf1bffffffff,10,0
84bef2dffffffff,302,0
84bef21ffffffff,387,0
84bef2bffffffff,27,0
8444d35ffffffff,143,25
8444d3dffffffff,313,0
8444d07ffffffff,350,0
8426c2dffffffff,3,0
8426c21ffffffff,14,0
84bef65ffffffff,539,0
8408829ffffffff,4,0
8408805ffffffff,15,0
8464905ffffffff,40,0
846492bffffffff,45,0
8464907ffffffff,13,0
846493dffffffff,71,0
8464931ffffffff,26,0
841f1abffffffff,45,0
841f1e7ffffffff,90,0
841f1e5ffffffff,10,0
84075abffffffff,28,2
84075a3ffffffff,44,0
8406749ffffffff,9,37
8406741ffffffff,0,1
842db43ffffffff,74,0
842db47ffffffff,124,0
84be5d3ffffffff,235,13
84be5dbffffffff,84,0
8441b1dffffffff,35,0
8441957ffffffff,13,0
8441a31ffffffff,3,0
842b263ffffffff,7,0
842b26bffffffff,31,0
842b245ffffffff,31,0
842b24dffffffff,42,0
842b1b1ffffffff,77,0
842b8edffffffff,90,0
842b811ffffffff,178,0
8427431ffffffff,22,0
84274b1ffffffff,376,12
8426867ffffffff,16,0
8426829ffffffff,44,0
8426863ffffffff,32,0
842680dffffffff,36,0
84269d9ffffffff,26,0
8412c83ffffffff,23,0
8412c87ffffffff,26,0
8412cbdffffffff,37,0
8412cb5ffffffff,26,0
842a803ffffffff,107,0
842bac3ffffffff,30,0
842bacbffffffff,28,0
842b137ffffffff,13,0
842b33dffffffff,22,0
842b339ffffffff,39,0
842b303ffffffff,32,0
842b30bffffffff,24,0
84275c3ffffffff,301,1
84275cbffffffff,335,4
8427437ffffffff,59,0
8428de7ffffffff,20,0
8439b65ffffffff,13,0
84346c9ffffffff,7,0
84346cdffffffff,47,0
84346c1ffffffff,36,0
84346c5ffffffff,34,0
84346c7ffffffff,55,0
84346ebffffffff,13,0
843468dffffffff,57,0
8481895ffffffff,11,0
84818b9ffffffff,35,0
84818bbffffffff,1,0
84818b1ffffffff,11,0
848000dffffffff,26,0
8480005ffffffff,40,0
848002bffffffff,35,3
8480021ffffffff,4,0
8480023ffffffff,13,0
843f59bffffffff,45,0
843e64dffffffff,172,0
843e645ffffffff,110,0
843e66bffffffff,99,0
8420195ffffffff,0,32
8420e6bffffffff,51,0
842c51bffffffff,3,12
8442121ffffffff,173,0
8442129ffffffff,181,0
8442167ffffffff,76,0
8442141ffffffff,58,0
844214dffffffff,34,0
8442327ffffffff,50,0
844389bffffffff,29,0
8442325ffffffff,38,0
842ce11ffffffff,0,15
842ce19ffffffff,7,13
842ce53ffffffff,45,2
8443a1dffffffff,76,0
8443a0bffffffff,91,0
8443a57ffffffff,39,0
8443a55ffffffff,46,0
8443a51ffffffff,60,0
842c9e5ffffffff,220,0
842c9edffffffff,280,0
842c917ffffffff,184,0
842c085ffffffff,100,0
842c0abffffffff,68,0
842c35dffffffff,25,5
842d1b1ffffffff,0,12
842c087ffffffff,22,14
842c825ffffffff,189,0
842c82dffffffff,181,0
842c867ffffffff,139,10
842c863ffffffff,66,0
84be8d9ffffffff,632,57
8409803ffffffff,43,0
8409993ffffffff,108,0
8409815ffffffff,46,0
840981dffffffff,32,0
8408a4dffffffff,7,0
8408a45ffffffff,6,0
8446497ffffffff,241,60
841eb03ffffffff,73,0
841fb09ffffffff,47,7
841fb43ffffffff,81,6
841fb55ffffffff,53,27
8494511ffffffff,8,0
84bcc37ffffffff,35,0
84bcdd9ffffffff,36,0
84bcdd1ffffffff,35,0
84bcdd3ffffffff,15,0
84a7357ffffffff,24,0
84a731dffffffff,90,0
84a7315ffffffff,6,0
84942c1ffffffff,27,0
84942cdffffffff,6,0
8467447ffffffff,62,0
846746bffffffff,154,0
844cd3bffffffff,57,0
844cd31ffffffff,55,0
844cd33ffffffff,1,0
844cd37ffffffff,21,12
84672ddffffffff,0,32
84672d5ffffffff,0,15
8444b5bffffffff,36,0
8444b51ffffffff,26,0
8444b5dffffffff,29,0
8444b43ffffffff,26,0
846d645ffffffff,36,0
846d64dffffffff,73,0
846d649ffffffff,39,0
844534bffffffff,38,0
8445341ffffffff,4,0
845f6b9ffffffff,14,0
845f687ffffffff,37,0
845f685ffffffff,32,0
845f68dffffffff,20,0
845f6e3ffffffff,6,0
845f6ebffffffff,12,0
8466251ffffffff,13,0
8466253ffffffff,1,0
8466257ffffffff,30,0
84674d7ffffffff,26,0
8467499ffffffff,38,0
846749bffffffff,38,0
845f6b3ffffffff,19,0
84be8dbffffffff,212,0
8443aa7ffffffff,103,0
842d965ffffffff,4,44
844d945ffffffff,4,8
84672d1ffffffff,41,0
8439a67ffffffff,0,51
8439b5bffffffff,0,83
8481269ffffffff,15,0
8481261ffffffff,23,0
842a25bffffffff,3,0
842aa3bffffffff,154,0
84945a5ffffffff,20,0
8494ed3ffffffff,60,0
842a967ffffffff,79,0
842758bffffffff,138,0
84275dbffffffff,160,0
84274e7ffffffff,89,0
8427699ffffffff,36,0
842769dffffffff,47,0
842a13dffffffff,271,0
842a9ebffffffff,40,0
842a9e1ffffffff,105,0
842a913ffffffff,144,0
842a911ffffffff,30,0
8444e97ffffffff,29,0
8412553ffffffff,9,0
8412467ffffffff,30,0
8412461ffffffff,39,0
841246bffffffff,9,0
84441a3ffffffff,277,0
84441b5ffffffff,147,0
841eb63ffffffff,16,0
841eb6bffffffff,42,0
841eb45ffffffff,53,0
8439693ffffffff,54,0
841eb4dffffffff,38,0
8418455ffffffff,46,0
841845dffffffff,74,0
841844bffffffff,72,0
8418635ffffffff,39,0
84186a9ffffffff,2,0
84186e3ffffffff,31,0
84186e7ffffffff,23,0
84186e1ffffffff,39,0
84186edffffffff,41,0
841863bffffffff,4,0
8418421ffffffff,14,0
8418429ffffffff,76,0
8418463ffffffff,75,0
841846bffffffff,71,0
8418445ffffffff,6,0
842aa8dffffffff,393,0
842aac7ffffffff,71,0
842b0edffffffff,74,0
842b017ffffffff,95,0
842b011ffffffff,34,0
842b031ffffffff,133,0
842b039ffffffff,139,0
841b9a5ffffffff,5,0
841b9a1ffffffff,32,0
841b9abffffffff,31,0
841b987ffffffff,55,0
841faa9ffffffff,31,0
841fae3ffffffff,46,0
841fae1ffffffff,79,0
841faedffffffff,32,0
84182c9ffffffff,61,0
842690dffffffff,179,0
8418e5bffffffff,6,0
8418565ffffffff,58,0
84180b3ffffffff,60,0
84180bbffffffff,82,0
84194e3ffffffff,74,0
84194e7ffffffff,174,47
84194e5ffffffff,235,0
84195dbffffffff,154,0
84195d9ffffffff,25,0
8412cabffffffff,22,0
8412ca3ffffffff,34,0
8412ca7ffffffff,24,0
8412d9bffffffff,55,0
8429845ffffffff,620,116
84298d9ffffffff,66,0
8429ab3ffffffff,231,0
84489a1ffffffff,120,0
842a165ffffffff,129,0
8426833ffffffff,186,0
84262c7ffffffff,90,0
84262ebffffffff,313,6
8444519ffffffff,139,0
8444ae9ffffffff,333,0
842aa61ffffffff,131,0
842a345ffffffff,275,23
84298ddffffffff,63,0
84298c3ffffffff,66,0
84298c7ffffffff,176,0
84298ebffffffff,108,0
84441edffffffff,75,0
8429a5dffffffff,17,0
8426b6bffffffff,50,0
842b8d9ffffffff,34,0
842a365ffffffff,57,0
842b8dbffffffff,122,0
84489e1ffffffff,406,103
8448981ffffffff,133,0
8426467ffffffff,107,0
842ab09ffffffff,131,0
8426a09ffffffff,19,0
8426a47ffffffff,70,0
8426a6bffffffff,17,0
842a36bffffffff,62,0
842a363ffffffff,59,0
84279e7ffffffff,10,0
8428925ffffffff,97,0
8426035ffffffff,122,0
84261c9ffffffff,109,0
8426027ffffffff,51,0
8426407ffffffff,27,0
8426e51ffffffff,72,9
8426e5dffffffff,4,0
8426e55ffffffff,36,0
8429a3dffffffff,450,0
8429a35ffffffff,56,0
8429abbffffffff,254,0
84489c3ffffffff,414,0
8426b47ffffffff,27,0
8426b0dffffffff,14,0
8426b09ffffffff,35,0
8426b1dffffffff,18,0
8426b35ffffffff,43,0
8426b31ffffffff,62,0
84275c5ffffffff,736,22
842a86bffffffff,57,0
8426013ffffffff,110,0
8426011ffffffff,281,0
8428f3dffffffff,41,0
8426cddffffffff,155,0
8426cd5ffffffff,167,5
8426cd7ffffffff,50,0
8426c8bffffffff,457,100
842672bffffffff,83,0
8426869ffffffff,40,0
8426b15ffffffff,22,0
8427017ffffffff,80,0
84271a1ffffffff,26,0
84271abffffffff,6,0
84299c3ffffffff,114,0
84299c7ffffffff,208,0
842ab01ffffffff,16,0
842aa93ffffffff,11,0
842af45ffffffff,30,0
842af6bffffffff,105,0
8426927ffffffff,141,0
8426925ffffffff,18,0
842a919ffffffff,48,0
842a957ffffffff,448,6
84485bdffffffff,14,0
84262a3ffffffff,119,0
84262bdffffffff,166,0
846619dffffffff,124,0
8448e9bffffffff,49,0
8426967ffffffff,87,0
842692dffffffff,52,0
8427717ffffffff,65,0
842773bffffffff,161,0
8427733ffffffff,6,0
842832dffffffff,62,0
8428325ffffffff,71,0
8429899ffffffff,259,0
842a06dffffffff,67,0
842a065ffffffff,56,0
8439635ffffffff,9,0
8439449ffffffff,22,0
843944bffffffff,21,0
8439441ffffffff,12,0
8439409ffffffff,57,0
843940dffffffff,5,0
841f9b9ffffffff,204,0
842c2e5ffffffff,0,9
842c05bffffffff,5,37
842c051ffffffff,104,10
841ec27ffffffff,61,0
841ec25ffffffff,28,0
841ea97ffffffff,23,0
841eabbffffffff,68,0
841ea95ffffffff,43,0
841eab9ffffffff,31,0
841ea83ffffffff,33,0
841ea87ffffffff,40,0
841eeb3ffffffff,94,6
84262a9ffffffff,66,0
8426285ffffffff,66,0
841869bffffffff,20,0
841f965ffffffff,28,0
843965bffffffff,11,0
841f967ffffffff,13,0
841f92dffffffff,27,0
841f921ffffffff,22,0
843f289ffffffff,108,0
843f2c7ffffffff,118,0
843f2c5ffffffff,53,0
841ef07ffffffff,81,0
841ef05ffffffff,66,0
841ef0dffffffff,74,0
841ef63ffffffff,79,0
841ef6bffffffff,44,0
841ef61ffffffff,67,0
8439691ffffffff,6,0
843969bffffffff,16,0
843f491ffffffff,63,1
843f4c5ffffffff,171,0
843f4c7ffffffff,71,0
843f489ffffffff,43,0
843f48bffffffff,9,0
841ef45ffffffff,42,0
841ede3ffffffff,10,0
841eda9ffffffff,29,0
841edabffffffff,40,0
841edbdffffffff,31,0
841edb5ffffffff,11,0
841e911ffffffff,21,0
841e913ffffffff,55,0
843f627ffffffff,54,0
843f44dffffffff,88,0
843f441ffffffff,82,0
843f443ffffffff,63,0
843f447ffffffff,8,0
843f409ffffffff,61,0
843f40bffffffff,47,0
843f41dffffffff,33,0
842db59ffffffff,0,12
843f493ffffffff,37,24
843f455ffffffff,10,0
843f49dffffffff,24,0
84440adffffffff,37,0
84441d3ffffffff,24,0
8444c47ffffffff,128,0
8444f63ffffffff,304,115
8426f43ffffffff,143,0
8426f55ffffffff,44,0
8426d8dffffffff,112,0
8439843ffffffff,37,0
843985dffffffff,27,0
8439851ffffffff,28,0
843985bffffffff,29,0
843f48dffffffff,26,0
843f4ebffffffff,152,0
843f4c1ffffffff,51,0
843f4cdffffffff,104,0
8439947ffffffff,30,0
843996bffffffff,46,0
8439961ffffffff,31,0
843996dffffffff,14,0
841e2e5ffffffff,69,0
841e2edffffffff,48,0
841e233ffffffff,111,0
841e229ffffffff,53,0
841e22bffffffff,37,0
841e205ffffffff,81,0
84274d5ffffffff,269,0
8426e89ffffffff,169,0
8426e81ffffffff,244,0
8426cb7ffffffff,282,0
8426663ffffffff,166,0
842662bffffffff,83,0
8426eadffffffff,88,0
8426ea5ffffffff,141,0
8448e95ffffffff,579,3
8448e83ffffffff,130,0
8448e81ffffffff,113,0
8448d61ffffffff,98,0
84274b5ffffffff,225,0
84444e1ffffffff,33,0
84444edffffffff,58,0
84444e9ffffffff,75,0
8426c29ffffffff,114,0
8426c2bffffffff,100,0
8426c23ffffffff,100,0
8444443ffffffff,286,0
844446bffffffff,138,12
8426535ffffffff,64,0
8444d3bffffffff,68,0
8426603ffffffff,92,0
842660dffffffff,47,0
8426e37ffffffff,26,0
8426c53ffffffff,186,0
8429a95ffffffff,226,0
84441c5ffffffff,14,0
8426dc1ffffffff,27,13
84265d5ffffffff,80,0
84265d1ffffffff,305,0
84265dbffffffff,138,0
84264e7ffffffff,185,0
84264e3ffffffff,9,0
84489abffffffff,171,16
842a945ffffffff,237,0
842a96dffffffff,135,0
8444683ffffffff,48,0
844895dffffffff,91,0
8448b37ffffffff,79,0
8448b31ffffffff,117,0
8444511ffffffff,168,0
8444517ffffffff,37,0
84445edffffffff,36,0
84445e5ffffffff,38,0
8426469ffffffff,118,0
842646dffffffff,204,0
8426ecbffffffff,91,0
8426ec3ffffffff,128,0
8426ec7ffffffff,142,0
8426e8dffffffff,243,12
844445dffffffff,172,0
8426cc1ffffffff,124,0
8448de1ffffffff,47,0
8448debffffffff,199,0
84260c7ffffffff,103,0
8426c83ffffffff,685,231
844416bffffffff,35,0
8444163ffffffff,111,0
8444167ffffffff,152,0
8426c57ffffffff,124,8
8426c15ffffffff,96,0
8426c39ffffffff,115,0
8426c1dffffffff,103,111
844413dffffffff,201,0
8444135ffffffff,108,0
8444419ffffffff,164,0
842aa65ffffffff,234,0
842ab59ffffffff,401,0
842ab5dffffffff,143,0
8426461ffffffff,101,94
8426745ffffffff,310,12
84bf4cbffffffff,228,8
8430ea7ffffffff,28,0
8430ccdffffffff,26,0
8430cc9ffffffff,22,0
8430cc1ffffffff,49,0
8430cc3ffffffff,56,0
8430cd5ffffffff,30,0
8430cd7ffffffff,4,0
8430c11ffffffff,55,11
8430c1bffffffff,22,0
8430ccbffffffff,4,0
842e291ffffffff,145,0
842e299ffffffff,100,0
842e2d3ffffffff,64,0
8464ae3ffffffff,6,0
844112bffffffff,0,26
8441107ffffffff,0,29
84b9105ffffffff,96,0
84b9163ffffffff,25,0
84b9161ffffffff,623,0
84b9167ffffffff,289,0
84b9129ffffffff,146,0
8446483ffffffff,271,59
8446493ffffffff,183,64
8465b57ffffffff,166,13
8444129ffffffff,147,0
844410dffffffff,57,0
8444147ffffffff,67,0
8430e39ffffffff,145,0
8430e83ffffffff,15,0
8430ebbffffffff,0,10
8430eb3ffffffff,0,66
842e49bffffffff,0,88
842e6a7ffffffff,11,0
842e6a1ffffffff,22,0
842e6a5ffffffff,17,0
842e6adffffffff,77,0
842e453ffffffff,49,0
84529b7ffffffff,6,0
843e68bffffffff,41,29
843e6d7ffffffff,50,7
843e699ffffffff,79,4
842d96dffffffff,90,48
845362bffffffff,80,10
8453605ffffffff,22,0
8453663ffffffff,7,0
8453667ffffffff,46,0
8453665ffffffff,43,0
84536edffffffff,126,4
845363dffffffff,56,0
8442ac3ffffffff,83,0
8460d27ffffffff,43,0
8442d37ffffffff,32,0
8442d3dffffffff,36,0
8442d07ffffffff,14,0
843da0bffffffff,46,0
843da55ffffffff,9,0
843da09ffffffff,29,0
843da43ffffffff,24,0
8460d53ffffffff,13,0
8460c25ffffffff,33,0
8460d1bffffffff,8,0
844210bffffffff,37,0
844211dffffffff,41,0
8442111ffffffff,35,0
8442117ffffffff,15,0
84438a1ffffffff,0,63
8442135ffffffff,42,0
8460d0bffffffff,58,0
8460885ffffffff,183,0
8460887ffffffff,32,0
84608b9ffffffff,79,0
84608bbffffffff,17,0
84608b3ffffffff,78,0
8460d65ffffffff,31,0
846002bffffffff,8,0
8460023ffffffff,27,0
8460035ffffffff,34,0
84601cbffffffff,31,0
84601ddffffffff,21,0
84536ddffffffff,8,0
8443325ffffffff,31,0
8443321ffffffff,35,0
8443307ffffffff,47,47
8442ce1ffffffff,14,0
8442ce9ffffffff,9,0
8442cedffffffff,15,0
8442c17ffffffff,32,0
8442c15ffffffff,42,6
8442c03ffffffff,53,25
8461887ffffffff,32,0
8461881ffffffff,21,0
8461885ffffffff,9,0
846188dffffffff,36,0
84618ebffffffff,94,0
841eeedffffffff,65,0
841eee1ffffffff,44,0
84658a3ffffffff,73,0
8464a5dffffffff,53,0
842c9b3ffffffff,15,0
842c991ffffffff,136,1
8442a57ffffffff,49,13
8442a51ffffffff,128,0
8442a5dffffffff,9,0
8453693ffffffff,25,0
845369dffffffff,100,30
845368bffffffff,84,47
8443301ffffffff,34,37
844330bffffffff,48,50
8443355ffffffff,54,28
842c119ffffffff,0,15
842c111ffffffff,0,36
842c117ffffffff,0,37
842c1edffffffff,0,12
842c927ffffffff,32,0
842c925ffffffff,11,0
842c921ffffffff,21,0
842c92dffffffff,13,0
843e68dffffffff,46,0
843e681ffffffff,24,19
843e689ffffffff,0,2
8431859ffffffff,80,0
843185bffffffff,119,0
8431849ffffffff,42,0
843184bffffffff,47,0
8431a37ffffffff,37,0
8443039ffffffff,2,0
842c567ffffffff,31,0
842ce51ffffffff,94,9
842c911ffffffff,45,0
842c91bffffffff,236,0
8418409ffffffff,4,0
8418451ffffffff,32,0
841845bffffffff,33,0
8453689ffffffff,46,26
842c861ffffffff,47,0
8418237ffffffff,11,0
8418233ffffffff,35,0
84182edffffffff,27,0
84182e1ffffffff,101,21
84182e9ffffffff,2,0
84182ebffffffff,23,0
842c357ffffffff,0,4
843cc67ffffffff,13,0
843cc65ffffffff,2,0
843f50bffffffff,23,0
843f509ffffffff,66,0
843f543ffffffff,100,0
843f541ffffffff,95,0
843f549ffffffff,107,0
843f0c9ffffffff,15,0
843f0cbffffffff,59,0
843f0ddffffffff,71,0
843f0d5ffffffff,24,0
843f0d1ffffffff,34,0
843f281ffffffff,32,0
843f2c1ffffffff,42,0
843f5a7ffffffff,36,0
843f26bffffffff,68,0
843f20dffffffff,24,0
843f205ffffffff,69,0
843f207ffffffff,29,0
8443817ffffffff,7,0
84438edffffffff,8,0
844383bffffffff,63,0
8443809ffffffff,97,0
8443855ffffffff,71,0
844385dffffffff,28,0
844215dffffffff,10,0
84439c9ffffffff,2,0
8443835ffffffff,48,17
8443831ffffffff,33,0
843f53bffffffff,71,0
843f533ffffffff,40,0
843e663ffffffff,65,0
843e605ffffffff,66,10
843e629ffffffff,86,0
843e6a5ffffffff,26,33
843e6adffffffff,57,0
843e45bffffffff,73,0
843e459ffffffff,13,0
843f501ffffffff,62,0
843f507ffffffff,39,0
843f539ffffffff,66,0
843f231ffffffff,26,0
843f233ffffffff,33,0
843f059ffffffff,14,0
843f2e5ffffffff,11,0
843f05bffffffff,32,0
843f2adffffffff,5,0
847b59bffffffff,16,0
847b4a5ffffffff,33,0
847b4a1ffffffff,26,0
847b4adffffffff,4,0
847b4a9ffffffff,42,0
847acb5ffffffff,48,0
847acb7ffffffff,49,0
847acb3ffffffff,28,0
8467443ffffffff,10,0
8467445ffffffff,42,0
8467469ffffffff,6,0
8467713ffffffff,16,0
8467717ffffffff,19,0
842a1a9ffffffff,11,0
842a1e3ffffffff,35,0
842a1ebffffffff,36,0
842a1c5ffffffff,34,0
842a113ffffffff,32,0
8427013ffffffff,9,0
84270e9ffffffff,18,0
84270c5ffffffff,31,0
84270c7ffffffff,37,0
8427089ffffffff,8,0
8428eadffffffff,13,0
8428c53ffffffff,36,0
8428c51ffffffff,22,0
8428c55ffffffff,38,0
8428c09ffffffff,12,0
84124cdffffffff,9,0
84124c9ffffffff,9,0
84124c1ffffffff,27,0
84124cbffffffff,10,0
84124c3ffffffff,27,0
84124ddffffffff,11,0
84124d5ffffffff,24,0
84124d1ffffffff,4,0
844a34dffffffff,3,9
844a34bffffffff,13,17
844b1b7ffffffff,59,4
844b71dffffffff,27,0
844b1cbffffffff,110,0
844b1ddffffffff,46,0
844b037ffffffff,66,0
844b1cdffffffff,8,0
844b1c3ffffffff,23,4
8412c29ffffffff,6,0
8412c67ffffffff,39,0
8412f33ffffffff,36,0
8412f31ffffffff,3,0
840c695ffffffff,19,0
840c687ffffffff,13,0
840c6bdffffffff,7,0
840c6abffffffff,31,0
840c6a1ffffffff,21,0
841ece3ffffffff,12,0
841ec8dffffffff,32,0
841ec81ffffffff,55,0
841ec8bffffffff,43,0
84390e1ffffffff,20,0
84390e5ffffffff,71,0
84391d9ffffffff,71,0
84391d1ffffffff,30,0
84391d5ffffffff,4,0
8418683ffffffff,27,0
84186b9ffffffff,32,0
84186bbffffffff,28,0
84186b1ffffffff,43,0
84186b3ffffffff,80,0
84184d9ffffffff,18,0
841f123ffffffff,93,0
841f13dffffffff,98,0
8439333ffffffff,27,0
843906dffffffff,40,0
8439069ffffffff,41,0
8439045ffffffff,37,0
843904dffffffff,1,0
841f131ffffffff,60,0
841f12bffffffff,55,0
841f105ffffffff,29,0
8419527ffffffff,37,0
8419521ffffffff,58,0
8419529ffffffff,80,0
8419563ffffffff,33,0
841ead1ffffffff,42,0
841eaddffffffff,38,0
841e137ffffffff,30,0
841e135ffffffff,28,0
841e325ffffffff,109,0
841f8d3ffffffff,75,0
841f8d1ffffffff,61,0
841f8d9ffffffff,65,0
841e111ffffffff,228,0
841e11dffffffff,178,0
841e157ffffffff,164,0
841e155ffffffff,97,0
84180e3ffffffff,60,0
84180ebffffffff,66,0
84180c5ffffffff,36,0
8418013ffffffff,11,0
84180cdffffffff,14,0
841973bffffffff,12,0
8419733ffffffff,126,0
8419731ffffffff,40,0
8419735ffffffff,49,0
8419549ffffffff,33,0
8419567ffffffff,67,0
841952dffffffff,72,0
841fae9ffffffff,77,0
841fa13ffffffff,144,0
841e113ffffffff,61,0
8419421ffffffff,79,0
841942dffffffff,46,1
841e33bffffffff,35,0
841e339ffffffff,65,0
841e307ffffffff,56,0
8418287ffffffff,35,0
8418281ffffffff,81,0
8418289ffffffff,76,0
84182c3ffffffff,48,0
8419513ffffffff,248,0
841951bffffffff,276,0
841ed4bffffffff,72,0
841ef35ffffffff,14,0
8419523ffffffff,26,0
841952bffffffff,12,0
84182a3ffffffff,54,0
84182abffffffff,77,0
8418285ffffffff,68,0
841828dffffffff,23,0
841fad9ffffffff,34,0
841f133ffffffff,29,0
841f139ffffffff,3,0
841f8c9ffffffff,13,0
841faa3ffffffff,15,0
841faa7ffffffff,76,18
841faa1ffffffff,41,0
841faadffffffff,33,0
841fae7ffffffff,19,0
84194adffffffff,286,0
84195d3ffffffff,131,0
8418749ffffffff,15,0
84195a3ffffffff,36,0
84195a1ffffffff,17,0
84195abffffffff,9,0
84195a9ffffffff,38,0
84195e3ffffffff,109,0
84194e9ffffffff,74,0
84194edffffffff,110,0
8419433ffffffff,133,0
84392c5ffffffff,41,0
84392c7ffffffff,5,0
84392c1ffffffff,75,0
84392cbffffffff,75,0
8418593ffffffff,68,0
841facdffffffff,120,0
841fa1bffffffff,135,0
841f125ffffffff,78,0
841fa53ffffffff,107,0
841fa43ffffffff,38,0
841fa4bffffffff,27,0
841fa49ffffffff,68,0
84196b3ffffffff,59,0
8419449ffffffff,27,0
841944dffffffff,40,0
8419713ffffffff,44,0
8419717ffffffff,55,0
841e143ffffffff,16,0
841fa5bffffffff,50,0
841fa59ffffffff,22,0
841969bffffffff,39,0
8419691ffffffff,41,0
84180c9ffffffff,5,0
84194d1ffffffff,48,0
84194ddffffffff,95,0
84194d5ffffffff,33,0
84194c3ffffffff,77,0
84195ebffffffff,90,0
84195e9ffffffff,93,0
8419587ffffffff,10,0
8418085ffffffff,29,0
841808dffffffff,42,0
84180c7ffffffff,40,0
84180c1ffffffff,10,0
841fa6bffffffff,7,0
84194dbffffffff,37,0
84194d9ffffffff,47,0
8418095ffffffff,36,0
841942bffffffff,52,0
8439319ffffffff,46,0
8439225ffffffff,82,0
8439221ffffffff,69,0
8439229ffffffff,36,0
8439205ffffffff,8,0
8419687ffffffff,17,0
84196bdffffffff,8,0
841909bffffffff,68,0
841e149ffffffff,18,0
841e327ffffffff,98,0
841e32dffffffff,121,0
841f8dbffffffff,87,0
84195cdffffffff,13,0
84195c9ffffffff,12,0
8419427ffffffff,116,0
841fa33ffffffff,14,0
841fa3bffffffff,91,0
841fa39ffffffff,142,0
841fa07ffffffff,69,0
841fa01ffffffff,135,0
841e10dffffffff,37,0
841e147ffffffff,37,0
841e145ffffffff,28,0
8419425ffffffff,51,0
8418e95ffffffff,32,0
8418e83ffffffff,28,0
8418e8bffffffff,46,0
8418e89ffffffff,15,0
841ec65ffffffff,14,0
841ef33ffffffff,33,0
841ef3bffffffff,72,0
841ef39ffffffff,79,0
84196b7ffffffff,63,0
84194cbffffffff,3,0
841946dffffffff,31,0
841e161ffffffff,58,0
841e16dffffffff,41,0
841f897ffffffff,14,0
841f8bbffffffff,13,0
841f895ffffffff,99,0
841f883ffffffff,73,0
84180a1ffffffff,13,0
84180a9ffffffff,42,0
84195d7ffffffff,86,0
84195d1ffffffff,111,0
84195ddffffffff,106,0
8419437ffffffff,70,0
8419503ffffffff,38,0
8419501ffffffff,8,0
8419507ffffffff,30,0
8419505ffffffff,45,0
8461181ffffffff,48,4
8461189ffffffff,15,0
84be88bffffffff,424,77
84bee59ffffffff,30,0
841871dffffffff,38,0
8418757ffffffff,52,0
8418755ffffffff,56,0
841875dffffffff,50,0
841f813ffffffff,55,0
841f811ffffffff,67,0
841f819ffffffff,109,0
841f857ffffffff,41,0
841fb07ffffffff,56,0
841fb01ffffffff,77,0
841fb31ffffffff,36,0
841fb39ffffffff,36,0
841fb03ffffffff,37,0
841fb0bffffffff,60,0
841860dffffffff,55,0
8418647ffffffff,67,0
8418645ffffffff,39,0
841864dffffffff,63,0
84194a7ffffffff,63,0
841f8c5ffffffff,17,0
841f81bffffffff,61,0
841851bffffffff,10,0
8418425ffffffff,40,0
841842dffffffff,35,0
841855bffffffff,19,0
8418467ffffffff,10,0
8418465ffffffff,7,0
841f8b9ffffffff,5,0
841f881ffffffff,43,0
841f88dffffffff,7,0
84194abffffffff,182,0
84194a1ffffffff,96,0
84194a9ffffffff,150,0
8419431ffffffff,34,0
8419435ffffffff,47,0
8418615ffffffff,10,0
8418603ffffffff,43,0
8418601ffffffff,33,0
8418609ffffffff,75,0
8418687ffffffff,18,0
8418681ffffffff,31,0
8418685ffffffff,6,0
841868dffffffff,39,0
84186ebffffffff,6,0
841fa03ffffffff,84,0
841fa0dffffffff,98,0
841f995ffffffff,77,0
841fb4bffffffff,49,0
8419497ffffffff,31,0
84194bbffffffff,16,0
841fa51ffffffff,38,0
841fa5dffffffff,19,0
841f801ffffffff,6,0
841f80dffffffff,29,0
841f847ffffffff,33,0
841f845ffffffff,37,0
841f84dffffffff,17,0
84185ebffffffff,20,0
84185c7ffffffff,11,0
84185c5ffffffff,31,0
84185c1ffffffff,7,0
84185cdffffffff,35,0
84185c9ffffffff,3,0
8418427ffffffff,14,0
841f8e5ffffffff,31,0
841f8edffffffff,53,0
841f833ffffffff,92,0
841f83bffffffff,43,0
841f839ffffffff,23,0
841959bffffffff,88,0
84194a5ffffffff,186,0
843964dffffffff,28,0
84186bdffffffff,11,0
8419585ffffffff,32,0
8439661ffffffff,42,0
8439669ffffffff,36,0
8439645ffffffff,12,0
84184dbffffffff,24,0
8439621ffffffff,26,0
843962dffffffff,10,0
8439629ffffffff,37,0
843966bffffffff,6,0
841e127ffffffff,36,0
841e121ffffffff,44,0
841e125ffffffff,37,0
841e12dffffffff,41,0
841ea5bffffffff,16,0
841fa2dffffffff,69,0
841fb5bffffffff,75,0
841fa65ffffffff,37,0
841949bffffffff,57,0
8419593ffffffff,14,0
841fb5dffffffff,40,0
8419493ffffffff,35,0
841f9a5ffffffff,21,0
841f9adffffffff,29,0
84396dbffffffff,34,2
841f9e5ffffffff,43,0
8434617ffffffff,30,0
8434611ffffffff,37,0
843461bffffffff,5,0
8434619ffffffff,31,0
8439b6dffffffff,11,0
8434653ffffffff,7,0
8439a59ffffffff,3,0
843569bffffffff,62,0
8439165ffffffff,8,0
843916dffffffff,78,0
8439169ffffffff,41,0
8439145ffffffff,12,0
84195d5ffffffff,72,0
841ed11ffffffff,46,0
841ed17ffffffff,42,0
841ede9ffffffff,15,0
841ededffffffff,9,0
841ede1ffffffff,36,0
84195cbffffffff,13,0
841eb43ffffffff,33,0
841eb41ffffffff,45,0
841f9a7ffffffff,14,0
841ea93ffffffff,31,0
841ea9bffffffff,131,0
841ea99ffffffff,96,0
841fb1bffffffff,29,0
841fa25ffffffff,34,0
841fb53ffffffff,36,0
8439295ffffffff,4,0
8439291ffffffff,22,0
8419491ffffffff,59,0
8419495ffffffff,82,0
84194b9ffffffff,44,0
8419487ffffffff,13,0
8444903ffffffff,10,0
844491dffffffff,19,0
8444919ffffffff,28,0
8467897ffffffff,23,0
8466169ffffffff,41,0
846616bffffffff,40,0
846610dffffffff,38,0
843e6e1ffffffff,10,2
843e6ebffffffff,27,10
8443b13ffffffff,154,0
8443845ffffffff,137,0
844386bffffffff,64,0
8443847ffffffff,40,0
844380dffffffff,73,0
842a25dffffffff,16,0
842a255ffffffff,35,0
842a209ffffffff,34,0
842a201ffffffff,36,0
84290ebffffffff,3,0
842908dffffffff,22,0
84290e3ffffffff,10,0
8444953ffffffff,1,0
8444825ffffffff,21,0
844482dffffffff,23,0
8444829ffffffff,38,0
84299b3ffffffff,54,0
84c2e33ffffffff,77,0
84c2e8dffffffff,6,0
84c3583ffffffff,42,0
84c3595ffffffff,32,0
84c2c05ffffffff,31,4
84c2c0dffffffff,32,0
84c2c47ffffffff,27,0
84c2c43ffffffff,48,0
84c2c4bffffffff,16,0
849d01bffffffff,34,0
849c04bffffffff,75,0
849c043ffffffff,42,0
84b912dffffffff,127,0
84b91adffffffff,8,49
84b9adbffffffff,19,37
84b91e5ffffffff,0,10
84a7a1dffffffff,21,0
84a7a0bffffffff,49,0
844b655ffffffff,14,0
844b653ffffffff,34,0
842e765ffffffff,5,51
842e0d9ffffffff,72,30
842e0ddffffffff,114,0
842e6e1ffffffff,79,0
842e6edffffffff,100,0
842e63bffffffff,87,0
842e639ffffffff,11,0
8443351ffffffff,24,5
8443137ffffffff,74,0
8443135ffffffff,1,0
8443131ffffffff,39,0
844313dffffffff,32,0
8443139ffffffff,30,0
8443107ffffffff,13,0
8443103ffffffff,3,0
8443aa9ffffffff,75,20
8443ae3ffffffff,55,43
8443aebffffffff,326,37
84438dbffffffff,37,0
844232dffffffff,32,0
8442a53ffffffff,53,0
842d351ffffffff,66,10
842d357ffffffff,68,67
8443acbffffffff,131,0
8413915ffffffff,28,0
8413917ffffffff,19,0
8429a89ffffffff,299,0
840c739ffffffff,492,17
840c715ffffffff,105,0
8449aa3ffffffff,332,0
8449aa7ffffffff,64,0
8429b01ffffffff,115,0
8429b57ffffffff,154,0
84298e5ffffffff,87,0
84298e1ffffffff,66,0
8426a67ffffffff,63,0
8426b5bffffffff,81,0
8426b59ffffffff,84,0
84279b7ffffffff,61,0
8426983ffffffff,196,0
8426987ffffffff,192,0
8427919ffffffff,51,0
8429b5bffffffff,270,0
8444acdffffffff,269,0
84298d1ffffffff,143,0
84298d5ffffffff,247,0
8429889ffffffff,363,0
842b143ffffffff,50,0
842b14bffffffff,104,0
842b337ffffffff,11,0
842b335ffffffff,47,0
842b331ffffffff,32,0
844b951ffffffff,25,0
844b959ffffffff,25,0
844b865ffffffff,36,0
844b861ffffffff,32,0
844b863ffffffff,24,0
8426b51ffffffff,18,0
8426a65ffffffff,38,0
8426a61ffffffff,37,0
8445017ffffffff,32,0
84450e9ffffffff,37,0
84450ebffffffff,37,0
844508dffffffff,15,0
842a98bffffffff,72,0
842a9d5ffffffff,53,0
842a9d7ffffffff,51,0
842a9d1ffffffff,121,0
842e64bffffffff,34,0
840c467ffffffff,81,0
840c429ffffffff,25,0
840c463ffffffff,24,0
840c405ffffffff,41,0
840c401ffffffff,72,0
84414d5ffffffff,26,12
84414d1ffffffff,5,0
8441081ffffffff,19,0
8430da9ffffffff,7,0
8430dabffffffff,23,0
8430d87ffffffff,22,0
8469965ffffffff,13,1
848c9a1ffffffff,32,6
848c9a9ffffffff,34,3
8428947ffffffff,23,0
8428943ffffffff,37,0
8428955ffffffff,28,0
8428951ffffffff,107,0
8444f57ffffffff,110,0
84269c9ffffffff,29,2
84269c1ffffffff,95,0
84269cdffffffff,197,0
84269ebffffffff,26,0
8444485ffffffff,26,0
844448dffffffff,40,0
8426715ffffffff,73,74
842673bffffffff,75,0
8429a47ffffffff,1555,0
8426135ffffffff,2,0
842613bffffffff,16,0
84261e9ffffffff,62,0
8428067ffffffff,273,0
8428065ffffffff,78,0
8465239ffffffff,141,0
8426815ffffffff,124,0
8448c39ffffffff,27,0
8448c3bffffffff,36,0
8448c17ffffffff,40,0
8448ce9ffffffff,28,0
8426f0dffffffff,90,0
84489dbffffffff,49,0
84489d9ffffffff,59,0
84489d1ffffffff,18,0
84489ddffffffff,162,0
8426c0dffffffff,17,0
84261abffffffff,123,0
8426187ffffffff,129,21
8426181ffffffff,82,0
842618bffffffff,3,0
842a989ffffffff,57,0
8426a93ffffffff,102,0
84261a7ffffffff,119,0
8444b63ffffffff,21,0
8444b05ffffffff,27,0
8444b01ffffffff,45,0
8444b0bffffffff,57,0
8444b1dffffffff,15,0
8444e2bffffffff,42,0
8444e3dffffffff,95,0
8444e31ffffffff,88,0
8444e33ffffffff,54,0
8426e41ffffffff,50,0
8426e45ffffffff,36,0
8444661ffffffff,44,0
8444663ffffffff,77,0
842a9a1ffffffff,69,0
8444c31ffffffff,110,0
8444c33ffffffff,83,0
8444d43ffffffff,73,0
8444d47ffffffff,96,0
8444d45ffffffff,136,0
8444893ffffffff,155,0
844ce65ffffffff,49,19
844ce67ffffffff,50,9
844ce63ffffffff,16,0
844ce05ffffffff,32,0
842a8e5ffffffff,15,0
842a813ffffffff,113,0
844424dffffffff,99,0
8444241ffffffff,66,0
842699dffffffff,120,0
842ad4dffffffff,4,0
8429acbffffffff,714,64
84448c7ffffffff,12,0
84448ebffffffff,12,0
8429857ffffffff,23,0
842981dffffffff,81,0
8429811ffffffff,171,0
842981bffffffff,23,0
84489adffffffff,115,0
8444cc1ffffffff,37,0
84268d3ffffffff,33,0
84265d9ffffffff,95,0
84264e5ffffffff,159,0
84264e1ffffffff,132,0
84264ebffffffff,91,0
844409dffffffff,61,0
8444865ffffffff,29,0
8444867ffffffff,36,0
844482bffffffff,19,0
8412895ffffffff,0,30
84c996bffffffff,15,0
84c9945ffffffff,68,0
84c994dffffffff,28,0
84be493ffffffff,140,34
841e1c7ffffffff,58,0
841e189ffffffff,31,0
841e181ffffffff,101,0
841e183ffffffff,30,0
841e1b9ffffffff,49,0
841fac5ffffffff,20,0
841ec89ffffffff,3,0
841ec83ffffffff,48,0
841eea5ffffffff,61,0
841eea7ffffffff,33,0
841eccdffffffff,72,0
841ed43ffffffff,28,0
841edcbffffffff,52,0
841edc9ffffffff,39,0
841ec23ffffffff,33,0
841ec21ffffffff,66,0
841e517ffffffff,10,0
841e513ffffffff,14,33
843f68dffffffff,281,0
843f6c7ffffffff,62,0
841e557ffffffff,21,0
841e519ffffffff,57,0
841941dffffffff,15,0
8419419ffffffff,33,0
84196a5ffffffff,34,0
84196a1ffffffff,33,0
84196abffffffff,6,0
842c055ffffffff,43,0
841eecbffffffff,23,0
841eeddffffffff,32,0
841eed5ffffffff,62,1
841eed7ffffffff,96,0
841ee9dffffffff,66,5
84390d7ffffffff,4,0
84390d1ffffffff,6,0
84390d3ffffffff,24,0
84390dbffffffff,22,0
843972dffffffff,9,0
8439767ffffffff,33,0
8439763ffffffff,23,0
841f121ffffffff,35,0
841e561ffffffff,0,25
841e56dffffffff,38,28
841e0bbffffffff,108,0
840d891ffffffff,1,0
840d897ffffffff,34,0
840d8bbffffffff,28,0
840d8b3ffffffff,37,0
840d8b7ffffffff,21,0
840105bffffffff,15,0
8401059ffffffff,24,0
8401233ffffffff,30,0
8401231ffffffff,26,0
8401239ffffffff,25,1
841e083ffffffff,20,0
841e0b9ffffffff,48,0
841e565ffffffff,56,0
84ba297ffffffff,21,0
84ba295ffffffff,30,0
84ba29dffffffff,44,0
84ba2d7ffffffff,26,0
843f6ebffffffff,109,0
843f6e3ffffffff,134,0
843f6a9ffffffff,120,0
843f6abffffffff,103,0
84488e9ffffffff,239,0
8429125ffffffff,243,0
842b8e3ffffffff,113,18
842b8c7ffffffff,146,0
84276b1ffffffff,55,0
84276bbffffffff,60,0
8427697ffffffff,62,0
8427693ffffffff,1,0
84276d5ffffffff,94,0
84276d1ffffffff,60,0
842b9adffffffff,7,0
8412c4bffffffff,7,0
8412e31ffffffff,44,0
8412e3bffffffff,32,0
8412cd3ffffffff,18,0
8412cdbffffffff,26,0
8427b2dffffffff,64,0
8427b29ffffffff,64,0
841f18bffffffff,0,161
841f949ffffffff,37,0
841f941ffffffff,35,0
841f947ffffffff,34,0
841f909ffffffff,6,0
841f90dffffffff,24,0
8419259ffffffff,11,0
840916dffffffff,26,0
841925dffffffff,1,0
841924bffffffff,36,0
8419241ffffffff,36,0
8419245ffffffff,11,0
8418227ffffffff,15,0
841831bffffffff,11,0
8418225ffffffff,38,0
8418353ffffffff,43,0
8418351ffffffff,30,0
842a369ffffffff,11,0
842ba93ffffffff,26,0
842a34dffffffff,52,0
842ba9bffffffff,13,0
842b1a7ffffffff,63,0
842b1a1ffffffff,67,0
8409ac5ffffffff,22,0
8409acdffffffff,33,0
8409127ffffffff,34,0
8409121ffffffff,16,16
8460a63ffffffff,24,0
8427423ffffffff,182,19
8443a11ffffffff,123,15
84c2edbffffffff,10,34
84c2ed1ffffffff,11,15
84c2eddffffffff,34,24
84751d1ffffffff,2,0
84751d5ffffffff,33,0
8475189ffffffff,30,0
84751c7ffffffff,19,0
84751ebffffffff,33,0
84751e1ffffffff,4,0
8494539ffffffff,49,4
842b25bffffffff,67,0
841ab4dffffffff,63,0
841ab49ffffffff,67,0
8441b1bffffffff,13,0
84a7317ffffffff,113,0
84a7069ffffffff,39,0
843e4cbffffffff,0,24
843e4c1ffffffff,0,7
843e4c9ffffffff,0,15
843e6a7ffffffff,0,8
844da07ffffffff,23,0
8439a47ffffffff,16,0
8439a43ffffffff,12,0
84122b7ffffffff,23,0
8427357ffffffff,15,0
840f8b3ffffffff,3,0
845e431ffffffff,3,0
845e5d9ffffffff,26,0
8468589ffffffff,62,0
8468511ffffffff,55,1
846851dffffffff,22,0
8469417ffffffff,289,3
846958dffffffff,49,40
8469589ffffffff,92,0
841f265ffffffff,31,0
841f35bffffffff,36,0
841f22dffffffff,51,0
84bb507ffffffff,43,0
84bb52bffffffff,76,0
84bb5ebffffffff,65,0
841e9a5ffffffff,28,0
841e9adffffffff,43,0
841e9e7ffffffff,40,0
841e9e5ffffffff,10,0
842c01bffffffff,148,65
842c013ffffffff,31,64
841ee49ffffffff,59,0
841ee4bffffffff,31,0
841ee5dffffffff,87,0
842ca27ffffffff,81,0
842ca21ffffffff,14,0
842ca2bffffffff,121,0
842ca05ffffffff,68,0
843cc31ffffffff,7,0
8460ab3ffffffff,41,0
8460abbffffffff,66,0
8460ab9ffffffff,60,0
8460a83ffffffff,115,0
8460a81ffffffff,62,0
8442147ffffffff,16,0
8442143ffffffff,15,0
8442109ffffffff,28,0
8442155ffffffff,8,0
842728bffffffff,6,0
8427281ffffffff,28,0
8427289ffffffff,11,0
842728dffffffff,27,0
84272c7ffffffff,27,0
84272ebffffffff,14,0
848cd65ffffffff,49,0
848c8b3ffffffff,43,0
848c8bbffffffff,44,0
848c895ffffffff,24,0
848c165ffffffff,30,0
848c129ffffffff,126,2
848d8ebffffffff,54,0
848d8bdffffffff,31,0
848ca51ffffffff,8,0
848ca57ffffffff,18,0
848ca55ffffffff,42,0
848ca09ffffffff,47,0
848ca4dffffffff,54,0
848ca49ffffffff,24,0
848ca41ffffffff,29,0
848d9bbffffffff,12,0
848d9b1ffffffff,34,0
848d9bdffffffff,81,0
848d9a3ffffffff,28,0
848d9a1ffffffff,17,0
848d99bffffffff,25,0
842f4a5ffffffff,39,0
842f59dffffffff,46,33
8443a41ffffffff,45,0
8443a43ffffffff,50,0
8443b03ffffffff,5,0
8443b15ffffffff,32,0
8443b3bffffffff,25,0
844386dffffffff,33,0
8443865ffffffff,18,0
8443867ffffffff,18,0
8443829ffffffff,65,0
8443821ffffffff,35,0
84262d3ffffffff,122,0
84275a5ffffffff,89,12
84275adffffffff,67,0
84275a1ffffffff,96,0
84275abffffffff,55,0
842660bffffffff,571,14
8426717ffffffff,206,4
84264d7ffffffff,259,0
8426465ffffffff,94,0
8426733ffffffff,6,0
846716dffffffff,19,0
8445b69ffffffff,25,0
8445b6bffffffff,20,0
8445b63ffffffff,34,0
8445b29ffffffff,22,0
8467895ffffffff,26,0
846789dffffffff,44,0
84a8101ffffffff,352,18
84a8103ffffffff,122,29
84a8129ffffffff,10,0
84a812dffffffff,56,0
84a8a53ffffffff,111,0
84a8a57ffffffff,62,4
84a8a01ffffffff,92,0
84a8a0bffffffff,38,0
84a82c5ffffffff,3,4
84a82e9ffffffff,19,16
84a82edffffffff,35,0
84a8233ffffffff,2,0
84a8c25ffffffff,107,38
84a8d19ffffffff,137,0
84a8d1bffffffff,82,14
84a8c27ffffffff,19,0
84a8105ffffffff,97,0
84a8123ffffffff,151,14
84a8135ffffffff,85,0
84a8ac9ffffffff,140,0
84a8ac1ffffffff,102,0
84a8195ffffffff,44,0
84a819dffffffff,60,0
84a818bffffffff,57,0
84a813bffffffff,132,0
84a81d9ffffffff,3,0
84a81ddffffffff,42,0
84a81cbffffffff,13,0
84a81c3ffffffff,10,0
84a81c1ffffffff,43,0
84a81c5ffffffff,10,0
84a8a3dffffffff,56,0
84a8a23ffffffff,35,0
84a8849ffffffff,55,0
84a884dffffffff,15,0
84a8aa3ffffffff,83,3
84a8aabffffffff,108,16
84a8a85ffffffff,71,0
84a88cdffffffff,21,75
84a88c9ffffffff,0,18
84a89b1ffffffff,32,0
84a89b5ffffffff,10,0
84a8a87ffffffff,40,0
84a8a8dffffffff,12,0
84a8167ffffffff,84,0
84a8163ffffffff,134,0
84a810dffffffff,121,0
84a8d53ffffffff,44,4
8481147ffffffff,17,0
848114bffffffff,57,0
8481337ffffffff,40,0
84a9891ffffffff,20,0
84a9897ffffffff,33,0
84a98bbffffffff,25,0
84a98b3ffffffff,37,0
84a8a59ffffffff,6,0
8481301ffffffff,5,0
8481309ffffffff,40,0
8481343ffffffff,35,8
848134bffffffff,28,5
84a8a2bffffffff,62,0
84a8a15ffffffff,47,0
84a8a11ffffffff,3,0
84a8153ffffffff,93,0
84a8119ffffffff,56,0
84a8ac7ffffffff,54,0
84a8aebffffffff,68,0
84a8ae3ffffffff,45,0
84a8aadffffffff,12,0
84c2c01ffffffff,22,0
84c2c09ffffffff,34,0
84c2c5dffffffff,28,0
84c2d19ffffffff,52,0
84c2d1dffffffff,54,0
84c2d15ffffffff,68,0
84c2d39ffffffff,1,0
84811c9ffffffff,5,0
84811cbffffffff,6,0
84811c1ffffffff,33,0
84811c3ffffffff,10,0
84811c7ffffffff,29,0
8481189ffffffff,14,0
848118dffffffff,47,0
84a89a3ffffffff,24,0
8481349ffffffff,41,0
8481341ffffffff,40,0
8481347ffffffff,16,0
84a8829ffffffff,13,0
84120bdffffffff,74,0
8428db1ffffffff,4,0
8428db3ffffffff,61,0
841299bffffffff,56,0
8448b63ffffffff,34,0
8448b67ffffffff,34,0
8448b65ffffffff,30,0
84454d9ffffffff,43,0
846d24dffffffff,11,0
844566dffffffff,37,0
8445669ffffffff,27,0
846d697ffffffff,87,0
846d691ffffffff,166,0
8429ab1ffffffff,131,0
844cd0bffffffff,9,0
844cd1dffffffff,23,0
844cd19ffffffff,29,0
844cd1bffffffff,39,0
844cdcdffffffff,21,0
842e2adffffffff,13,0
842e2a1ffffffff,16,0
842e2a9ffffffff,11,0
842e2abffffffff,33,0
842e287ffffffff,36,0
842e283ffffffff,12,0
842e059ffffffff,16,1
842e237ffffffff,12,16
842e04bffffffff,0,36
842e041ffffffff,0,36
842e045ffffffff,0,4
844bb61ffffffff,38,0
84122abffffffff,15,12
8412287ffffffff,27,0
84122b9ffffffff,17,0
84651cbffffffff,22,0
84651c9ffffffff,37,6
8465027ffffffff,24,1
84651cdffffffff,12,25
846511bffffffff,37,18
848e62dffffffff,91,0
8426507ffffffff,35,0
8426505ffffffff,138,0
8426563ffffffff,378,0
8430ea5ffffffff,15,0
8430eadffffffff,39,0
8430ee7ffffffff,23,0
8430ee5ffffffff,42,0
8430eedffffffff,2,0
840c711ffffffff,40,0
840c71bffffffff,75,0
840c627ffffffff,48,0
840c621ffffffff,53,0
844b355ffffffff,22,0
840ce43ffffffff,23,0
840ce5dffffffff,35,0
841ee09ffffffff,64,0
841ee0bffffffff,40,0
841ee1dffffffff,119,0
8412f07ffffffff,29,0
8412f05ffffffff,30,0
8412f29ffffffff,26,0
8412f63ffffffff,1,0
8412f67ffffffff,35,0
8426329ffffffff,30,0
8426367ffffffff,34,0
84278dbffffffff,25,0
8426365ffffffff,1,0
84278d9ffffffff,31,0
842aa15ffffffff,228,0
84bea9bffffffff,61,0
844ccc9ffffffff,6,0
844ccc1ffffffff,14,0
844cccbffffffff,16,0
844ccc3ffffffff,18,0
844ccddffffffff,12,0
844ccd5ffffffff,22,0
844ccd1ffffffff,9,0
844ccd7ffffffff,24,0
8467365ffffffff,13,0
8428301ffffffff,380,155
8446491ffffffff,46,0
844649bffffffff,82,0
845d327ffffffff,83,0
845d2e5ffffffff,38,0
84268b5ffffffff,14,0
8448db5ffffffff,131,0
8448db1ffffffff,50,0
8448dbbffffffff,50,0
845d349ffffffff,13,0
84464bbffffffff,142,0
845d147ffffffff,208,0
845d229ffffffff,54,0
845d205ffffffff,58,0
8429097ffffffff,21,0
845db19ffffffff,27,0
840ce21ffffffff,16,0
84464bdffffffff,31,0
84464abffffffff,89,0
845d323ffffffff,63,0
845d32bffffffff,38,0
845d307ffffffff,42,0
8426b19ffffffff,34,0
841e023ffffffff,60,0
841e021ffffffff,26,0
841aa55ffffffff,0,50
841aa09ffffffff,15,32
8431835ffffffff,56,0
8466269ffffffff,11,0
849c235ffffffff,262,0
842a8abffffffff,144,0
844cd83ffffffff,10,0
844cdb9ffffffff,16,0
844cdbbffffffff,39,0
846766dffffffff,25,0
8467665ffffffff,25,0
844cd4dffffffff,0,34
8443a13ffffffff,188,0
84536bdffffffff,430,1
8442367ffffffff,5,0
8443a89ffffffff,144,0
8445953ffffffff,8,0
8441021ffffffff,56,0
8441067ffffffff,12,0
8469459ffffffff,8,0
8469453ffffffff,47,0
8469419ffffffff,19,0
844ba53ffffffff,40,0
844b101ffffffff,12,0
844bb0dffffffff,10,0
844bb0bffffffff,34,0
844bb57ffffffff,70,0
844bb69ffffffff,5,0
844b61bffffffff,75,0
8430f5dffffffff,0,8
8430f43ffffffff,0,30
846530dffffffff,27,0
8465309ffffffff,32,0
842763dffffffff,22,0
8430c23ffffffff,0,26
8430c27ffffffff,14,10
8430c63ffffffff,64,43
843d8cbffffffff,0,1
842e4d3ffffffff,0,12
84a736bffffffff,45,0
84a7361ffffffff,49,0
84a7365ffffffff,27,0
843e44dffffffff,11,0
843e627ffffffff,66,0
849d0b5ffffffff,17,0
8426e35ffffffff,101,0
84b8855ffffffff,61,0
84b8809ffffffff,70,0
84b8801ffffffff,10,0
8467501ffffffff,7,36
8467509ffffffff,1,35
84678b5ffffffff,18,3
848e743ffffffff,0,16
848e755ffffffff,1,37
8467a63ffffffff,13,0
8466a1dffffffff,121,0
8448d91ffffffff,90,0
8448d99ffffffff,140,0
84291cdffffffff,35,0
8429113ffffffff,51,0
84128e9ffffffff,0,24
84128ebffffffff,4,33
841288dffffffff,11,27
8412881ffffffff,11,11
8465187ffffffff,152,0
84651abffffffff,60,0
8427711ffffffff,30,0
842744dffffffff,6,0
8427627ffffffff,19,0
8465b19ffffffff,139,45
8441607ffffffff,33,36
844160bffffffff,76,0
8441655ffffffff,103,0
8465b2bffffffff,65,37
8465b21ffffffff,25,68
8465b1dffffffff,13,2
8465b03ffffffff,32,0
8465b01ffffffff,31,0
8465b07ffffffff,34,31
8465b05ffffffff,48,0
8465b29ffffffff,56,1
8441603ffffffff,57,0
8441639ffffffff,15,0
8465b63ffffffff,60,0
8441659ffffffff,5,0
8441651ffffffff,30,0
8441657ffffffff,13,0
842c0e9ffffffff,0,11
844ba31ffffffff,48,0
844ba37ffffffff,25,0
844b84bffffffff,56,0
844b843ffffffff,25,0
844b847ffffffff,12,0
842c0ebffffffff,13,75
8441321ffffffff,12,5
844132bffffffff,12,23
8441307ffffffff,0,15
846932bffffffff,18,0
844165dffffffff,22,0
84394e5ffffffff,17,0
84394e7ffffffff,34,0
84394e3ffffffff,26,0
8439485ffffffff,40,0
8439487ffffffff,4,0
841f1a5ffffffff,17,0
841f1a7ffffffff,56,0
841e349ffffffff,35,0
841e34bffffffff,34,0
8443b49ffffffff,23,0
843f34dffffffff,37,0
846184dffffffff,16,0
8461b1bffffffff,36,0
8461b19ffffffff,23,0
8481267ffffffff,2,0
84356b7ffffffff,24,0
8466f13ffffffff,24,0
8466e27ffffffff,32,0
8467453ffffffff,4,0
84676adffffffff,20,0
84676e7ffffffff,33,0
84676e1ffffffff,28,0
84676ebffffffff,22,0
84676c5ffffffff,14,0
8418cb7ffffffff,1,0
843564bffffffff,35,0
8435641ffffffff,38,0
8434139ffffffff,14,23
8435647ffffffff,4,0
8435645ffffffff,29,0
8434115ffffffff,15,5
845e5adffffffff,1,0
845eed3ffffffff,30,0
845ee99ffffffff,31,0
845ee9dffffffff,21,20
84672d9ffffffff,20,0
8439a63ffffffff,20,18
842e2dbffffffff,42,0
8444c39ffffffff,52,0
8444c15ffffffff,87,0
842a219ffffffff,3,0
842a257ffffffff,12,0
842b567ffffffff,34,0
842b561ffffffff,10,0
843f2c3ffffffff,60,0
843f2d5ffffffff,75,0
8455221ffffffff,53,7
845522dffffffff,44,0
8455267ffffffff,23,0
84390e9ffffffff,13,0
84390c5ffffffff,39,0
84390cbffffffff,174,0
8439423ffffffff,77,0
8439421ffffffff,40,0
843942dffffffff,47,0
843955bffffffff,8,0
8439737ffffffff,38,0
843954bffffffff,40,0
8439541ffffffff,40,0
8439545ffffffff,3,0
842a2e1ffffffff,24,0
842a2e5ffffffff,28,0
842a05bffffffff,44,0
842a053ffffffff,25,0
8429b13ffffffff,139,0
8429a27ffffffff,101,7
842a261ffffffff,93,0
8438663ffffffff,20,0
8438661ffffffff,43,0
843866dffffffff,43,0
84395bbffffffff,15,0
842e631ffffffff,78,0
842e633ffffffff,57,0
843f341ffffffff,28,0
843f343ffffffff,116,0
840f989ffffffff,16,0
840f981ffffffff,50,0
840f985ffffffff,24,0
840f9abffffffff,31,0
84075d9ffffffff,59,0
84075d1ffffffff,222,0
8412f01ffffffff,26,0
8412f0bffffffff,34,0
8412f57ffffffff,34,0
8412f53ffffffff,35,0
8412e2dffffffff,10,0
842b327ffffffff,43,0
842b149ffffffff,43,0
842b141ffffffff,44,0
840e5d9ffffffff,23,0
840e5dbffffffff,9,0
840e5d1ffffffff,26,0
840e5d3ffffffff,36,0
840e599ffffffff,19,0
840e4e7ffffffff,30,0
840e4a9ffffffff,18,0
840e4adffffffff,13,0
840e4a1ffffffff,43,0
840e4a7ffffffff,17,0
8412539ffffffff,11,0
8412515ffffffff,11,0
8412503ffffffff,40,0
841251dffffffff,60,0
8412557ffffffff,81,0
8412551ffffffff,34,0
8412ce3ffffffff,32,0
8412ca9ffffffff,39,0
8412ca5ffffffff,45,0
8412d99ffffffff,3,0
84260c5ffffffff,98,0
84260cdffffffff,171,0
8426157ffffffff,43,0
842610bffffffff,45,0
8426101ffffffff,33,0
8412e2bffffffff,23,0
8412e55ffffffff,3,0
8412d53ffffffff,34,0
8412d57ffffffff,22,0
8444d2bffffffff,83,0
8444d05ffffffff,53,0
8444d0dffffffff,65,0
8444d6bffffffff,36,0
842b36dffffffff,37,0
842b361ffffffff,78,0
842b367ffffffff,84,0
840ee87ffffffff,2,0
840eebdffffffff,43,0
840eeb5ffffffff,43,0
840eccbffffffff,33,0
842c237ffffffff,46,0
842c231ffffffff,66,0
842c23dffffffff,57,4
842c207ffffffff,8,29
842c205ffffffff,1,0
8419769ffffffff,242,0
842b315ffffffff,2,0
842b311ffffffff,27,0
842b22dffffffff,3,0
8442dadffffffff,25,0
8460d25ffffffff,62,0
8443b19ffffffff,68,0
8443b11ffffffff,57,0
8443b1bffffffff,14,0
8442123ffffffff,125,0
8442ac9ffffffff,129,2
8461a2dffffffff,6,0
8461a21ffffffff,23,4
8461a27ffffffff,25,7
8461849ffffffff,32,8
846184bffffffff,0,2
84651d1ffffffff,1,0
846503bffffffff,36,1
843cf27ffffffff,42,0
8460a9dffffffff,18,0
8460ad7ffffffff,41,0
8460ad1ffffffff,62,0
8460ad9ffffffff,54,0
8460d29ffffffff,9,0
846084bffffffff,38,0
8460849ffffffff,79,0
84608e9ffffffff,59,0
84608e1ffffffff,62,0
84608e3ffffffff,276,0
84608abffffffff,54,0
843db63ffffffff,24,0
843db0dffffffff,20,0
843db09ffffffff,8,0
8460f6dffffffff,0,5
843d969ffffffff,25,23
843d96bffffffff,12,40
843d90dffffffff,27,29
8442c47ffffffff,0,51
8442c09ffffffff,0,69
8442c01ffffffff,0,14
8442c0bffffffff,0,38
8442c1dffffffff,4,0
8442c11ffffffff,38,0
8442c13ffffffff,41,0
8443813ffffffff,167,0
8442a5bffffffff,29,0
8442ac1ffffffff,48,0
8465203ffffffff,111,0
8465201ffffffff,140,0
8465209ffffffff,119,0
846520dffffffff,25,0
8460b1bffffffff,49,0
8460b13ffffffff,8,0
843dae9ffffffff,27,0
843dae1ffffffff,45,0
843dae3ffffffff,2,1
843db53ffffffff,16,20
843da2dffffffff,15,21
84608e7ffffffff,34,0
843db27ffffffff,2,0
8442c9bffffffff,36,0
8442c91ffffffff,36,0
843d86bffffffff,0,22
843d861ffffffff,10,2
843d867ffffffff,24,51
843d82dffffffff,0,3
84618c3ffffffff,82,7
84618ddffffffff,32,0
8460dcdffffffff,56,0
8460dc1ffffffff,31,0
843c8e3ffffffff,35,0
843c8e7ffffffff,40,0
843c9dbffffffff,40,0
843c9d1ffffffff,6,0
843c837ffffffff,17,0
843c9ddffffffff,10,0
843c9cbffffffff,29,0
8460339ffffffff,48,0
84608ebffffffff,49,0
8460abdffffffff,20,0
8460a87ffffffff,27,0
8460a85ffffffff,31,0
8460a8dffffffff,40,0
8460ac7ffffffff,26,0
843da21ffffffff,25,0
843da27ffffffff,16,0
8442cadffffffff,22,0
8442ce7ffffffff,31,0
843cf67ffffffff,37,0
8460a57ffffffff,39,0
8460a1dffffffff,55,0
8460a11ffffffff,41,0
8442cabffffffff,12,0
8442c87ffffffff,36,0
8442c8bffffffff,2,0
8442c9dffffffff,30,0
8442db3ffffffff,49,0
8442db1ffffffff,55,0
8442dbbffffffff,21,0
846081bffffffff,30,1
84608cdffffffff,31,0
84608c5ffffffff,25,0
84608c7ffffffff,26,0
8460a93ffffffff,19,0
8460f6bffffffff,5,0
8460f0dffffffff,64,0
8460f01ffffffff,29,0
8460a17ffffffff,36,0
8460ae9ffffffff,52,0
843cf65ffffffff,22,0
843cf0dffffffff,24,0
8460a91ffffffff,19,0
8460167ffffffff,26,0
843c8e5ffffffff,27,0
843c9d9ffffffff,38,0
8442db9ffffffff,57,0
8442d95ffffffff,38,0
8442d9dffffffff,25,0
8442d99ffffffff,6,0
843d95bffffffff,0,1
8460a67ffffffff,3,0
8460331ffffffff,42,0
8460335ffffffff,3,0
84618e1ffffffff,53,0
846095bffffffff,21,0
8460867ffffffff,34,0
8460861ffffffff,23,0
846086bffffffff,14,0
8460869ffffffff,13,0
8460125ffffffff,11,0
8460a19ffffffff,11,0
8460a1bffffffff,34,0
8460a13ffffffff,36,0
846189dffffffff,37,0
846188bffffffff,47,0
8461889ffffffff,37,0
8460a43ffffffff,22,0
843c8d1ffffffff,40,0
843c8ddffffffff,39,0
843c8c3ffffffff,12,0
84bef5dffffffff,42,0
84bef51ffffffff,79,0
8427519ffffffff,18,0
8427425ffffffff,68,0
842751bffffffff,95,0
84275ddffffffff,152,0
842741bffffffff,372,0
8427419ffffffff,132,0
8427581ffffffff,346,0
8427587ffffffff,408,0
843f6cdffffffff,72,0
843f6c5ffffffff,56,0
841f403ffffffff,5,0
841f407ffffffff,11,22
841f405ffffffff,0,7
841f429ffffffff,0,36
841f551ffffffff,0,6
842b2a5ffffffff,6,0
842b2a1ffffffff,59,0
842b2a9ffffffff,99,0
842b2e3ffffffff,95,0
842b2ebffffffff,70,0
84268c9ffffffff,517,0
8428a53ffffffff,62,0
842812dffffffff,90,0
8428a5bffffffff,49,0
8428167ffffffff,128,0
8428161ffffffff,73,0
8454337ffffffff,14,0
8454331ffffffff,18,0
84a5b51ffffffff,41,0
84a5b59ffffffff,26,0
84a5a65ffffffff,34,0
84a5a6dffffffff,20,0
841ec53ffffffff,57,0
841ec51ffffffff,48,0
841ec5dffffffff,41,0
8454103ffffffff,22,0
84be6c7ffffffff,18,0
84be68dffffffff,67,0
841e90dffffffff,11,0
841e963ffffffff,24,0
845e4b9ffffffff,24,0
845e4bdffffffff,25,0
845e487ffffffff,24,0
845e4abffffffff,43,0
845e485ffffffff,2,0
845e4a9ffffffff,3,0
845e429ffffffff,33,17
844cde9ffffffff,33,0
844cd17ffffffff,13,0
840c8e1ffffffff,34,0
844b757ffffffff,87,0
8465117ffffffff,34,0
846513bffffffff,12,0
842e767ffffffff,0,33
844b625ffffffff,390,0
842e751ffffffff,0,3
842e70dffffffff,0,11
842e2b5ffffffff,85,15
842f5a7ffffffff,0,116
844b453ffffffff,12,0
844b457ffffffff,29,3
844b1b9ffffffff,41,0
844b1b3ffffffff,31,0
842ef45ffffffff,121,0
842896dffffffff,121,0
84186c7ffffffff,13,0
84186c1ffffffff,39,0
84186c9ffffffff,35,0
841fb65ffffffff,9,0
841fb67ffffffff,19,0
841fb61ffffffff,6,0
842e087ffffffff,24,0
842e081ffffffff,78,0
842e089ffffffff,38,0
842e0d5ffffffff,1,0
842e295ffffffff,21,0
842e297ffffffff,6,0
842e0d3ffffffff,22,0
842e0d7ffffffff,25,0
842e08bffffffff,24,0
842e1b5ffffffff,70,0
842e1a3ffffffff,11,0
842e1bbffffffff,53,0
842e1b1ffffffff,60,0
844b6d9ffffffff,8,0
842f5ebffffffff,35,0
842e19dffffffff,114,0
8465267ffffffff,52,0
844b6b9ffffffff,35,0
844b695ffffffff,63,0
842e2b7ffffffff,102,0
84be0a3ffffffff,40,0
84be0a7ffffffff,28,0
84bee49ffffffff,16,0
84bee4dffffffff,38,0
84bee45ffffffff,70,0
842e1c9ffffffff,24,0
842e1cdffffffff,81,0
842e113ffffffff,31,0
840cf49ffffffff,76,16
840cf4dffffffff,18,0
842e1d3ffffffff,40,0
842e1d7ffffffff,52,0
842e1c5ffffffff,28,0
84536b1ffffffff,137,2
844b66dffffffff,71,0
842f581ffffffff,180,0
844b663ffffffff,72,0
844b60dffffffff,67,0
844b601ffffffff,27,0
844b60bffffffff,25,0
842e653ffffffff,58,0
840ce2dffffffff,9,0
840ce25ffffffff,5,0
840cf53ffffffff,37,0
840cf57ffffffff,40,0
840cf0bffffffff,30,0
840c613ffffffff,12,0
840c617ffffffff,20,10
840c63bffffffff,34,0
840c631ffffffff,42,0
840c635ffffffff,18,0
848c125ffffffff,2,0
848ca19ffffffff,39,0
848ca1dffffffff,36,1
848ca03ffffffff,40,0
848ca07ffffffff,3,0
84464a9ffffffff,68,0
84464e7ffffffff,65,0
84464e5ffffffff,34,0
84465d9ffffffff,15,0
842e6bdffffffff,32,0
844b693ffffffff,28,0
842f4b1ffffffff,61,0
844b1bdffffffff,6,0
844b1b5ffffffff,22,0
844b1a3ffffffff,27,0
844b1a7ffffffff,34,0
844ba9bffffffff,20,4
848f5e5ffffffff,68,0
848f533ffffffff,61,2
848f531ffffffff,36,3
848f539ffffffff,24,0
8466e2dffffffff,63,0
8466e21ffffffff,6,0
84b24c9ffffffff,61,0
84b24cdffffffff,50,0
848f5cbffffffff,18,0
848f5c3ffffffff,15,18
848f5d5ffffffff,4,37
848f58bffffffff,0,29
8444407ffffffff,15,0
8444403ffffffff,132,0
844441dffffffff,53,0
84276a3ffffffff,46,0
84276b5ffffffff,147,0
84276bdffffffff,76,0
84276b9ffffffff,27,0
842a1c3ffffffff,85,0
842a1d5ffffffff,38,0
842a18bffffffff,31,0
842a19dffffffff,4,0
8444d69ffffffff,43,0
8426c93ffffffff,168,0
842a1e9ffffffff,42,0
842a1e1ffffffff,41,0
842a1e7ffffffff,38,0
844d9e7ffffffff,0,32
8444927ffffffff,4,13
844d937ffffffff,11,0
844cc49ffffffff,44,0
844ce35ffffffff,39,0
844cc59ffffffff,19,0
842a1a7ffffffff,3,0
842a1a1ffffffff,1,0
842a1a5ffffffff,20,0
842a1adffffffff,37,0
842aadbffffffff,29,0
842a1e5ffffffff,67,0
842a133ffffffff,121,0
84449b9ffffffff,1,1
84449bbffffffff,30,0
8444d41ffffffff,32,0
842a11bffffffff,14,0
842a111ffffffff,69,0
8444ac1ffffffff,636,0
8444addffffffff,118,0
8444adbffffffff,122,0
842aa83ffffffff,128,0
842aaddffffffff,10,0
8448cbbffffffff,95,0
8448cb9ffffffff,65,0
8448cb1ffffffff,114,0
84448abffffffff,17,0
84448bdffffffff,31,0
84448b7ffffffff,22,0
8444a85ffffffff,138,0
8444ae3ffffffff,145,0
8444ae1ffffffff,47,0
8444aedffffffff,13,0
8444ae5ffffffff,47,0
844485bffffffff,71,0
842a89dffffffff,35,0
8448db9ffffffff,66,0
8448dbdffffffff,37,0
84268b7ffffffff,3,0
84278ebffffffff,34,0
84278e1ffffffff,39,0
84279dbffffffff,37,0
8427651ffffffff,26,0
8427657ffffffff,47,0
842760bffffffff,13,0
844cd49ffffffff,28,0
844cf23ffffffff,13,0
844cf27ffffffff,24,0
844cf21ffffffff,35,4
844cf29ffffffff,4,15
844cf67ffffffff,0,28
842aa11ffffffff,185,0
842a189ffffffff,5,0
842a1cdffffffff,68,0
842acadffffffff,19,0
842aca5ffffffff,6,20
842ad9bffffffff,23,18
842ad93ffffffff,21,0
845e629ffffffff,2,0
845e62bffffffff,28,0
845e623ffffffff,13,0
845e63dffffffff,10,0
845e635ffffffff,30,0
845e637ffffffff,34,0
845e459ffffffff,4,0
842ad83ffffffff,18,0
842ad81ffffffff,11,0
842ad85ffffffff,25,0
842ad8dffffffff,14,0
842ade3ffffffff,26,0
842adebffffffff,20,0
8426299ffffffff,66,0
84261b3ffffffff,53,0
842aa09ffffffff,144,0
842996dffffffff,22,0
8429969ffffffff,106,0
8448c93ffffffff,118,0
842994dffffffff,175,0
842aa6bffffffff,76,0
844ce23ffffffff,7,0
8427549ffffffff,46,0
8427093ffffffff,10,0
842ae39ffffffff,9,0
842ae15ffffffff,13,0
842ae3bffffffff,12,22
842aeedffffffff,28,27
842aee1ffffffff,26,1
842af07ffffffff,9,0
842af3dffffffff,37,0
842af35ffffffff,36,0
842af37ffffffff,2,0
842ad5dffffffff,9,0
842b82bffffffff,35,0
84298dbffffffff,303,0
842988dffffffff,70,0
842a1ddffffffff,19,0
84275a9ffffffff,70,0
84262dbffffffff,21,0
84262d1ffffffff,18,0
842992dffffffff,106,0
842aa0dffffffff,31,0
846771dffffffff,13,0
846770bffffffff,5,0
8467757ffffffff,32,0
8467751ffffffff,33,0
8467759ffffffff,18,0
844cf5dffffffff,30,0
844cf41ffffffff,21,0
8426483ffffffff,19,0
8428893ffffffff,142,0
84660e9ffffffff,23,0
84660edffffffff,5,0
8466017ffffffff,26,0
846606bffffffff,34,0
8466189ffffffff,62,0
846618bffffffff,126,0
84a7a91ffffffff,103,0
84a7a93ffffffff,87,0
84c35cbffffffff,0,21
84c35c3ffffffff,4,36
84c358bffffffff,0,27
84c3581ffffffff,32,9
84c3427ffffffff,4,20
84c3425ffffffff,15,18
84a9667ffffffff,4,2
84a962dffffffff,20,13
84a9753ffffffff,2,0
84a9625ffffffff,25,0
84a9719ffffffff,23,1
84a971bffffffff,0,4
84a9711ffffffff,0,22
84c3587ffffffff,4,0
84c2d3bffffffff,45,0
84c2d31ffffffff,35,0
84c2d37ffffffff,29,0
84a92cbffffffff,25,0
84a92c3ffffffff,12,0
842b1bbffffffff,15,0
844b661ffffffff,116,0
844b665ffffffff,25,0
8444c57ffffffff,22,0
8444c0bffffffff,65,0
8444c03ffffffff,119,0
8444c07ffffffff,167,0
8426e9dffffffff,102,0
8426e83ffffffff,104,7
842ad35ffffffff,194,0
8444cb5ffffffff,60,0
842b8c3ffffffff,71,0
84266d5ffffffff,331,0
8444f05ffffffff,365,0
84266b3ffffffff,43,0
842a963ffffffff,162,0
842a90dffffffff,273,0
8444c83ffffffff,115,0
842a8dbffffffff,138,0
842e293ffffffff,35,0
8430cdbffffffff,0,73
8430e31ffffffff,68,0
8430e3bffffffff,78,0
844ba3bffffffff,76,0
844ba15ffffffff,228,0
842e18bffffffff,42,0
842e1d1ffffffff,39,0
842e69dffffffff,7,0
842e6c3ffffffff,30,0
844b6e9ffffffff,23,0
84be087ffffffff,160,0
84be0bdffffffff,137,0
84be0b5ffffffff,32,0
8430c9dffffffff,18,0
8430c91ffffffff,27,0
8430c9bffffffff,14,0
842e45bffffffff,28,0
842e6e5ffffffff,18,0
842e459ffffffff,9,0
8430ce9ffffffff,0,1
8430cebffffffff,24,12
8430c8dffffffff,26,0
8430c89ffffffff,20,0
8430c81ffffffff,6,0
8430c8bffffffff,29,0
8430c15ffffffff,124,0
842642bffffffff,145,0
84be611ffffffff,31,0
84be619ffffffff,55,0
84d8925ffffffff,115,0
844899bffffffff,50,0
8448999ffffffff,70,0
8448991ffffffff,3,0
844899dffffffff,116,0
8448983ffffffff,34,0
84299e1ffffffff,152,0
84299ebffffffff,180,0
84be459ffffffff,56,0
84be45bffffffff,16,0
84a71a5ffffffff,25,0
84a7a9bffffffff,42,0
84be137ffffffff,19,0
84be135ffffffff,28,0
84beac9ffffffff,28,0
84bea1bffffffff,11,0
849484bffffffff,6,0
8494a35ffffffff,38,0
8494a3dffffffff,28,0
8494a2bffffffff,31,0
8494a05ffffffff,18,0
849d011ffffffff,8,0
849d017ffffffff,37,0
849d0e9ffffffff,26,0
849d0edffffffff,9,0
849d0e1ffffffff,41,0
84da869ffffffff,104,0
84da86dffffffff,50,0
84dab33ffffffff,40,0
84bb541ffffffff,54,0
84da815ffffffff,233,0
849d709ffffffff,4,0
849d701ffffffff,34,0
849d705ffffffff,36,0
849d72bffffffff,47,0
84be19bffffffff,76,0
84be0a5ffffffff,90,0
84be0a1ffffffff,66,0
84be1b1ffffffff,122,0
84be1b7ffffffff,28,0
84be1b5ffffffff,85,0
84bef4bffffffff,91,0
84bef49ffffffff,93,0
84bef4dffffffff,150,0
84bea93ffffffff,97,0
84be627ffffffff,162,0
84be449ffffffff,138,0
84be703ffffffff,82,0
84be71dffffffff,123,0
84be711ffffffff,84,0
84be719ffffffff,11,0
84be71bffffffff,150,0
84bee6bffffffff,92,0
84bee43ffffffff,67,0
84bede1ffffffff,5,0
84bed3bffffffff,24,0
84bed15ffffffff,15,0
84bed39ffffffff,9,0
84bed03ffffffff,28,0
84bed01ffffffff,8,0
84be4abffffffff,4,0
84be4a3ffffffff,68,0
84be4b5ffffffff,55,0
84b9a4bffffffff,25,0
84b9a5dffffffff,23,0
84bf599ffffffff,30,0
84bf591ffffffff,93,0
84bf595ffffffff,65,0
84bf5bbffffffff,50,0
84bf59bffffffff,4,0
84be497ffffffff,165,0
84be495ffffffff,47,0
84be4b9ffffffff,11,0
84be483ffffffff,18,0
84be487ffffffff,15,0
84be49dffffffff,30,0
84be48bffffffff,45,0
84be489ffffffff,44,0
84be4c7ffffffff,2,0
84be0a9ffffffff,171,0
849d0c9ffffffff,38,0
849d0c1ffffffff,58,0
849d0c5ffffffff,16,0
849d0c7ffffffff,19,0
84bed2dffffffff,18,0
84bed67ffffffff,34,0
84bed65ffffffff,13,0
84bed61ffffffff,40,0
84bed6dffffffff,57,0
849d05bffffffff,62,0
849d053ffffffff,48,0
849d019ffffffff,38,0
849d2ebffffffff,51,0
849d2e9ffffffff,8,0
849d2c5ffffffff,18,0
849d213ffffffff,24,0
849d2cdffffffff,3,0
849d21bffffffff,56,0
84be409ffffffff,27,0
849d765ffffffff,14,0
849d0d9ffffffff,38,0
849d0dbffffffff,2,0
849d0d1ffffffff,44,0
849d0d7ffffffff,23,0
848cac5ffffffff,5,3
848cacdffffffff,22,28
848c127ffffffff,68,6
84b86d9ffffffff,88,0
84b86dbffffffff,92,0
84c9969ffffffff,41,0
842984dffffffff,275,87
8448c9bffffffff,64,0
8429b27ffffffff,100,0
8429b23ffffffff,58,0
842689dffffffff,41,0
8426891ffffffff,10,0
8429a23ffffffff,207,0
84298cbffffffff,91,0
844b0b9ffffffff,35,0
844b0bdffffffff,35,0
844b0a3ffffffff,34,0
844b0a7ffffffff,14,0
844b667ffffffff,48,0
844b62dffffffff,60,0
844b753ffffffff,50,0
844a25dffffffff,20,0
844a245ffffffff,68,0
844b687ffffffff,12,0
841ef4dffffffff,28,0
841e1a7ffffffff,31,0
841e1a5ffffffff,78,0
841e1adffffffff,53,0
841e267ffffffff,10,0
841e263ffffffff,16,0
841e261ffffffff,32,0
841e269ffffffff,37,0
841f193ffffffff,26,0
84b9a81ffffffff,14,0
84b9a8dffffffff,59,0
84b9ac7ffffffff,48,0
84a784bffffffff,13,0
84a7a35ffffffff,26,0
84a7a31ffffffff,47,0
84a7a39ffffffff,29,0
84a7a15ffffffff,6,0
84b9a13ffffffff,56,25
84b9acdffffffff,60,0
84b9a1bffffffff,43,0
84b9127ffffffff,30,0
84be1b3ffffffff,55,0
84bee6dffffffff,225,0
84b8491ffffffff,13,0
84b8497ffffffff,7,0
84b8495ffffffff,20,0
84b84bbffffffff,36,0
84b84b1ffffffff,41,0
84b84b5ffffffff,4,0
842a8e9ffffffff,86,0
8426e2bffffffff,264,0
84498a9ffffffff,68,0
8426edbffffffff,93,0
84a726dffffffff,552,0
84536e1ffffffff,0,37
84536e3ffffffff,0,35
845368dffffffff,25,40
8453685ffffffff,0,25
8453681ffffffff,4,13
8412dddffffffff,21,0
8412dc1ffffffff,38,0
8428dabffffffff,16,0
8428da9ffffffff,25,0
842b88dffffffff,68,0
842b881ffffffff,97,0
842b9b7ffffffff,38,0
842ab43ffffffff,70,0
842768bffffffff,22,0
8427689ffffffff,93,0
8427685ffffffff,66,0
842a16bffffffff,175,0
842a169ffffffff,316,0
842c937ffffffff,61,0
842c9e1ffffffff,198,0
842d84bffffffff,0,26
842d855ffffffff,0,1
842d809ffffffff,37,1
842d801ffffffff,1,0
8442ae3ffffffff,25,0
8442aa9ffffffff,3,0
8442ae1ffffffff,13,0
8442ae9ffffffff,12,0
8460337ffffffff,25,0
846015dffffffff,38,0
8460155ffffffff,30,0
8460157ffffffff,27,0
846011dffffffff,1,0
841b9a9ffffffff,11,0
841b985ffffffff,60,0
841b981ffffffff,51,0
842d065ffffffff,12,0
842d159ffffffff,0,7
842d15bffffffff,0,14
8442ad3ffffffff,78,3
84600e7ffffffff,27,0
84600e5ffffffff,16,0
8460817ffffffff,11,5
843e653ffffffff,37,0
843e65bffffffff,37,35
842db4dffffffff,37,30
842db49ffffffff,69,0
845d141ffffffff,70,0
845d14dffffffff,7,0
840cabdffffffff,9,0
840c1bdffffffff,143,32
840c1a3ffffffff,36,58
840c569ffffffff,40,0
840c097ffffffff,1,0
840c56dffffffff,29,0
840c0bbffffffff,28,0
840c0b3ffffffff,15,0
840c0b1ffffffff,29,0
840c0b7ffffffff,1,0
840c0b5ffffffff,19,0
840ce41ffffffff,23,0
840ce45ffffffff,5,0
840cad7ffffffff,2,0
840cad5ffffffff,37,0
840ca89ffffffff,40,0
840ca8dffffffff,41,0
840cae3ffffffff,1,0
840c703ffffffff,28,0
840c707ffffffff,98,0
8413845ffffffff,27,0
8413b13ffffffff,29,0
8413b11ffffffff,5,12
8430c31ffffffff,110,2
8430c3dffffffff,9,0
8430c35ffffffff,32,18
8448331ffffffff,93,0
844833bffffffff,31,0
8427623ffffffff,77,0
8427621ffffffff,9,0
84bed33ffffffff,10,25
84bed37ffffffff,39,0
849d2ddffffffff,33,0
849d2c3ffffffff,14,0
8430d19ffffffff,0,18
8430d57ffffffff,9,0
848c9bbffffffff,46,0
848c9bdffffffff,35,3
848c9a3ffffffff,15,2
8465355ffffffff,10,0
8430e23ffffffff,83,0
8420e63ffffffff,6,8
8420e0dffffffff,0,15
8420e05ffffffff,0,2
844ce8bffffffff,63,0
84279c7ffffffff,68,0
844450dffffffff,226,0
8444563ffffffff,76,0
8427069ffffffff,43,0
8427061ffffffff,27,0
845e523ffffffff,24,0
845eec9ffffffff,36,0
845eecdffffffff,14,0
845eec5ffffffff,14,0
8441613ffffffff,11,0
844161bffffffff,29,1
84416cdffffffff,1,0
8465927ffffffff,9,32
8465923ffffffff,0,5
8428d2dffffffff,161,0
849d22bffffffff,21,0
849d229ffffffff,52,0
849d263ffffffff,27,0
849d261ffffffff,21,0
84bb50bffffffff,41,0
84260b9ffffffff,217,1
840f8adffffffff,35,0
840f8e7ffffffff,29,0
840f8e3ffffffff,30,0
842755bffffffff,171,4
8427467ffffffff,6,0
8453755ffffffff,61,14
8453709ffffffff,90,16
8453747ffffffff,71,32
845376bffffffff,11,0
8453745ffffffff,31,7
8453769ffffffff,0,39
843e631ffffffff,85,0
841b92dffffffff,13,11
84279c5ffffffff,2,0
84279e3ffffffff,36,0
84279a9ffffffff,36,0
84279a1ffffffff,43,0
842752dffffffff,84,0
8427529ffffffff,41,0
8427505ffffffff,100,22
842750dffffffff,16,0
8427501ffffffff,77,0
8427509ffffffff,53,0
8412ecdffffffff,47,0
8412523ffffffff,38,0
8466d25ffffffff,33,0
8466d61ffffffff,0,10
8420a51ffffffff,27,0
8420a57ffffffff,76,0
8420a19ffffffff,36,0
8420a1bffffffff,35,0
8420acdffffffff,36,0
843cac1ffffffff,19,0
843cac7ffffffff,41,0
843ca8dffffffff,63,0
843ca81ffffffff,37,0
841eecdffffffff,70,0
841ee1bffffffff,77,0
844216bffffffff,29,0
842c521ffffffff,17,0
8443181ffffffff,30,0
844318bffffffff,13,0
845370bffffffff,26,0
8453757ffffffff,87,0
8453719ffffffff,31,0
8453625ffffffff,45,0
8453621ffffffff,21,0
8464a6dffffffff,15,0
84659b3ffffffff,32,0
8464b5dffffffff,42,0
843f345ffffffff,2,0
843f347ffffffff,43,0
843f30dffffffff,61,0
8494589ffffffff,17,0
844219dffffffff,20,0
8442195ffffffff,13,0
84424c7ffffffff,2,0
84424c5ffffffff,29,0
8443811ffffffff,63,0
8442091ffffffff,0,6
8442093ffffffff,0,26
8442545ffffffff,0,5
8442541ffffffff,0,10
8442547ffffffff,0,31
8453741ffffffff,29,0
8453743ffffffff,31,0
8426261ffffffff,158,0
842af2bffffffff,53,0
842af23ffffffff,75,0
842755dffffffff,40,0
842672dffffffff,55,12
8426725ffffffff,31,0
84279e5ffffffff,39,0
84279e1ffffffff,39,0
84120cdffffffff,12,0
843568bffffffff,32,0
84356d7ffffffff,27,0
8435699ffffffff,27,0
84bcc23ffffffff,35,0
84bcc27ffffffff,2,0
84bcdc9ffffffff,27,0
84bcdcdffffffff,44,0
84bcdc5ffffffff,13,0
8426e0dffffffff,220,0
840c559ffffffff,194,66
840c465ffffffff,60,0
8427159ffffffff,24,0
842715dffffffff,4,0
8427335ffffffff,43,0
8427323ffffffff,10,0
84be883ffffffff,190,0
845e407ffffffff,32,0
845e405ffffffff,66,0
845e40dffffffff,9,0
8426591ffffffff,173,83
84b2e37ffffffff,12,45
84c2c33ffffffff,1,0
84c2dd9ffffffff,36,0
84c2d89ffffffff,17,0
84c2d8dffffffff,9,0
84b2c43ffffffff,45,0
84b2691ffffffff,10,15
84b269bffffffff,0,35
84a965bffffffff,0,24
84a9651ffffffff,0,33
84a9657ffffffff,0,4
84342dbffffffff,26,5
84342d3ffffffff,42,0
8434299ffffffff,8,0
84a8c91ffffffff,1,12
84a8c97ffffffff,7,29
848b96dffffffff,0,3
84346a3ffffffff,28,0
84344c9ffffffff,40,0
84344c1ffffffff,43,0
84344c7ffffffff,35,0
84a9013ffffffff,97,0
84b251bffffffff,21,22
8439abbffffffff,2,0
843836dffffffff,39,0
8438361ffffffff,53,0
843836bffffffff,34,0
843830dffffffff,60,0
841ea11ffffffff,70,0
841ea17ffffffff,55,0
8438681ffffffff,8,0
8438685ffffffff,29,0
84386abffffffff,50,0
84386a3ffffffff,34,0
841e9e9ffffffff,24,0
841e9edffffffff,45,0
841e933ffffffff,23,0
84386d9ffffffff,11,0
84384c5ffffffff,28,0
84384e9ffffffff,45,0
84384e1ffffffff,18,0
841e8d5ffffffff,46,0
841e8d1ffffffff,89,0
841e8d9ffffffff,54,0
84be881ffffffff,43,0
841b98bffffffff,1,0
8448565ffffffff,64,0
8448e5bffffffff,32,0
8448e59ffffffff,51,0
8427a29ffffffff,19,0
84674cdffffffff,38,2
84676a7ffffffff,32,3
84676a3ffffffff,24,12
8448a27ffffffff,258,0
8448a61ffffffff,39,0
8448a67ffffffff,81,0
8448a29ffffffff,119,0
8448b03ffffffff,42,0
8448b07ffffffff,114,0
8448b3dffffffff,109,0
8445509ffffffff,30,0
844550dffffffff,35,0
844556bffffffff,17,0
8445563ffffffff,14,0
8445561ffffffff,13,0
8449861ffffffff,125,0
8449867ffffffff,82,0
84446b3ffffffff,46,0
84444d9ffffffff,43,0
84444d1ffffffff,42,0
84bef27ffffffff,152,0
842a131ffffffff,124,3
848d9a5ffffffff,10,0
84532d3ffffffff,51,0
842c96dffffffff,42,0
842c961ffffffff,64,0
847c64dffffffff,0,12
847d5b7ffffffff,0,12
847c0ebffffffff,0,11
843f49bffffffff,14,11
8421353ffffffff,29,0
8421357ffffffff,22,0
842b755ffffffff,32,0
842982dffffffff,16,0
8429825ffffffff,38,0
842991bffffffff,38,0
848f2ddffffffff,1,30
848f2c3ffffffff,0,1
848b9c9ffffffff,25,0
848b827ffffffff,40,0
848b825ffffffff,31,0
848b82dffffffff,25,0
84458c9ffffffff,29,0
84458c3ffffffff,37,0
84458d5ffffffff,41,0
8460315ffffffff,41,0
846031dffffffff,17,0
8460303ffffffff,8,0
846030bffffffff,24,0
84652cdffffffff,28,0
848cd27ffffffff,40,0
848cd25ffffffff,31,0
848ca11ffffffff,22,0
848ca17ffffffff,43,0
848ca3bffffffff,16,0
8465253ffffffff,33,0
846525bffffffff,44,0
8465245ffffffff,104,0
848c993ffffffff,5,0
846524dffffffff,38,0
848d813ffffffff,21,0
848d8c1ffffffff,27,0
848d8c9ffffffff,8,0
848cac9ffffffff,32,0
848cb63ffffffff,11,0
843f62dffffffff,8,0
843f625ffffffff,28,0
843f445ffffffff,2,0
843f6a3ffffffff,132,0
843f6b5ffffffff,10,0
842b9abffffffff,30,0
841e0e1ffffffff,5,0
841e0e9ffffffff,43,0
841e013ffffffff,11,0
842b34bffffffff,24,0
848e6b5ffffffff,44,0
848e6a3ffffffff,52,0
848e6a1ffffffff,13,0
84b330dffffffff,44,0
84b336bffffffff,37,0
84b3361ffffffff,36,0
84b336dffffffff,4,0
848f5e7ffffffff,31,0
848e623ffffffff,41,0
848e621ffffffff,98,0
848e62bffffffff,26,0
848e75bffffffff,7,0
848e751ffffffff,6,0
848e759ffffffff,27,11
848e75dffffffff,8,1
848f5b7ffffffff,23,16
848f5b5ffffffff,22,0
84b3309ffffffff,50,0
84b3355ffffffff,24,0
84b24e5ffffffff,21,8
848e4d1ffffffff,7,12
848e4c9ffffffff,14,0
848f40dffffffff,28,0
848f405ffffffff,42,0
848f42bffffffff,32,0
848f43dffffffff,19,0
8466e25ffffffff,39,0
848f513ffffffff,40,0
848f5c5ffffffff,12,0
848f5e9ffffffff,12,0
848f5ebffffffff,46,0
848f5e3ffffffff,11,0
8467547ffffffff,20,0
846750dffffffff,35,0
8467505ffffffff,36,0
846752bffffffff,30,0
846d733ffffffff,26,0
846d46dffffffff,21,0
84392a5ffffffff,29,0
8439053ffffffff,38,0
8439051ffffffff,33,0
8439055ffffffff,21,0
8466b6dffffffff,12,0
8466b61ffffffff,37,0
8466b63ffffffff,42,0
8466b05ffffffff,35,0
8444a5bffffffff,10,0
848e627ffffffff,45,0
848e625ffffffff,39,0
84bef69ffffffff,156,0
84bef45ffffffff,101,0
84be0bbffffffff,244,0
84be097ffffffff,110,0
84be56bffffffff,34,0
84be545ffffffff,217,0
84be541ffffffff,121,0
84458b3ffffffff,25,0
84458bbffffffff,85,0
8445895ffffffff,91,0
8445891ffffffff,9,0
844589dffffffff,36,0
8445213ffffffff,5,0
84452e9ffffffff,38,0
84452ebffffffff,40,0
84452e3ffffffff,17,0
8444031ffffffff,34,0
844403bffffffff,12,0
8444039ffffffff,67,0
8448a51ffffffff,30,0
8448a55ffffffff,3,0
8466a4bffffffff,25,0
8467b35ffffffff,29,0
84661a1ffffffff,7,0
84661a3ffffffff,36,0
84661bdffffffff,27,0
84661b1ffffffff,41,0
84661bbffffffff,10,0
8444d23ffffffff,370,0
842ad37ffffffff,237,0
8426459ffffffff,42,0
84266e7ffffffff,84,0
84266e3ffffffff,133,0
84266e1ffffffff,55,0
8426607ffffffff,70,0
84a8199ffffffff,10,0
84a81d7ffffffff,16,0
84a81d5ffffffff,1,0
84a8189ffffffff,41,0
84a81edffffffff,39,0
84a81e1ffffffff,67,0
84a81e3ffffffff,78,0
84484b9ffffffff,53,0
8469411ffffffff,10,0
8469413ffffffff,53,0
846941bffffffff,97,0
84696a7ffffffff,63,0
843f6c1ffffffff,76,0
843f6c9ffffffff,35,0
842d365ffffffff,57,3
844103bffffffff,6,0
842a137ffffffff,71,0
8428f69ffffffff,12,0
8428a97ffffffff,170,0
8428a91ffffffff,101,13
8428a9dffffffff,25,0
8428a99ffffffff,25,0
8444f5dffffffff,170,0
8449abbffffffff,82,0
8449ab9ffffffff,6,0
8449ab1ffffffff,108,0
8448da7ffffffff,29,0
8426d21ffffffff,10,0
8444cd5ffffffff,146,0
8444cc3ffffffff,55,0
84289edffffffff,19,0
84289e1ffffffff,44,0
84289e3ffffffff,65,0
84289a9ffffffff,25,0
842610dffffffff,24,0
8426163ffffffff,126,0
8412993ffffffff,21,0
8428d95ffffffff,40,0
842aa47ffffffff,47,0
84269cbffffffff,33,0
84299e5ffffffff,92,0
8412db5ffffffff,38,0
8428b31ffffffff,3,0
8428b3bffffffff,67,0
84289a3ffffffff,8,0
8428f67ffffffff,47,0
8428f63ffffffff,87,11
841aa2bffffffff,36,0
841aa3dffffffff,12,0
841aa07ffffffff,125,0
841aa39ffffffff,66,0
841aa03ffffffff,23,0
842b8e7ffffffff,47,1
842b8adffffffff,91,0
842b999ffffffff,114,0
8448c95ffffffff,101,0
84261e7ffffffff,12,0
84261adffffffff,18,0
84274a5ffffffff,224,0
84be54dffffffff,35,0
84be09bffffffff,48,0
84be727ffffffff,7,0
8465b47ffffffff,17,0
840e6b9ffffffff,13,0
8412b47ffffffff,22,0
8412b09ffffffff,26,0
841ed01ffffffff,16,0
841ed09ffffffff,12,0
841ed0dffffffff,44,0
841ed6bffffffff,46,0
841ed69ffffffff,3,0
841f9bdffffffff,43,0
841f9a3ffffffff,37,0
841f9a1ffffffff,28,0
841ef03ffffffff,68,0
841ef01ffffffff,126,0
841ed19ffffffff,36,0
841ed1dffffffff,43,0
8439465ffffffff,29,0
8439559ffffffff,44,0
843955dffffffff,41,0
8439543ffffffff,7,0
84391a5ffffffff,30,0
8439a99ffffffff,69,0
8439a91ffffffff,32,0
8439a95ffffffff,20,0
844b44dffffffff,5,0
8412e95ffffffff,61,0
8412eb9ffffffff,94,0
841e0adffffffff,1,0
841e0a7ffffffff,35,0
84be08bffffffff,191,0
84be081ffffffff,97,0
8461aa3ffffffff,37,0
8461aabffffffff,28,0
8461aa9ffffffff,18,0
846504dffffffff,36,0
8465313ffffffff,37,0
846531bffffffff,20,0
8465311ffffffff,92,0
8465319ffffffff,66,0
846531dffffffff,64,0
846530bffffffff,15,0
842853dffffffff,11,0
842851dffffffff,0,6
8465315ffffffff,79,0
8465339ffffffff,50,0
848c8a7ffffffff,40,0
8465181ffffffff,37,0
846518bffffffff,12,0
84a732dffffffff,3,0
849c28dffffffff,7,15
849c2e3ffffffff,12,40
849c2e1ffffffff,24,23
8441a49ffffffff,130,0
8441a4bffffffff,48,0
8441a43ffffffff,7,0
844bb53ffffffff,140,0
8441a41ffffffff,20,0
84be0d5ffffffff,180,0
84be0c3ffffffff,44,0
84be0ddffffffff,2,0
841ecadffffffff,35,0
841eca1ffffffff,38,0
841eca3ffffffff,39,0
841ecb5ffffffff,16,0
842c919ffffffff,31,0
842c95bffffffff,36,1
842c953ffffffff,37,0
843f599ffffffff,39,0
843f59dffffffff,44,0
843f5b9ffffffff,29,0
846521bffffffff,28,0
84b9139ffffffff,15,0
84b9131ffffffff,0,46
84be633ffffffff,41,0
84be6edffffffff,81,0
843cae3ffffffff,1,0
843ca85ffffffff,40,0
841e1b1ffffffff,36,0
841e1b3ffffffff,29,0
841ef59ffffffff,53,0
841ef5bffffffff,115,0
841ec3bffffffff,61,0
841ec33ffffffff,62,0
841ece5ffffffff,47,0
841eddbffffffff,25,0
841e5e5ffffffff,2,0
841eed9ffffffff,37,0
841eed1ffffffff,26,11
841eed3ffffffff,11,0
841ee99ffffffff,8,0
841ec1bffffffff,71,0
841ecc5ffffffff,13,0
841ee05ffffffff,103,0
841ee07ffffffff,75,0
841ee3dffffffff,124,0
841ee31ffffffff,44,0
841ec03ffffffff,37,0
841ec39ffffffff,82,0
841e0cdffffffff,15,0
84319ebffffffff,25,0
844ba03ffffffff,21,0
8426417ffffffff,82,0
8426415ffffffff,39,0
84be099ffffffff,132,0
84be091ffffffff,19,0
844880dffffffff,97,0
8448955ffffffff,213,10
8448957ffffffff,113,0
8448b39ffffffff,289,0
840e695ffffffff,54,0
84bef63ffffffff,103,0
842ade1ffffffff,30,0
842ade9ffffffff,55,0
842ad11ffffffff,28,0
84c9915ffffffff,5,83
84c9917ffffffff,15,18
84274cbffffffff,235,17
84274c3ffffffff,60,0
842a893ffffffff,34,0
84bf4c3ffffffff,162,0
841e815ffffffff,13,0
841e817ffffffff,40,0
841e8e9ffffffff,36,0
841e8e1ffffffff,30,0
841e8e3ffffffff,2,0
841e92dffffffff,23,0
841e967ffffffff,11,0
841e803ffffffff,72,0
841e839ffffffff,51,0
841e83bffffffff,32,0
841e833ffffffff,25,0
841fabdffffffff,63,0
841fa85ffffffff,69,0
841e329ffffffff,90,0
841e363ffffffff,104,0
841e361ffffffff,25,0
841e36bffffffff,53,0
841e369ffffffff,70,0
841e323ffffffff,29,0
841fabbffffffff,52,0
841e36dffffffff,19,0
841ef09ffffffff,69,0
841ef47ffffffff,38,0
841ef41ffffffff,95,0
841f89bffffffff,5,0
841e365ffffffff,9,0
843f4a9ffffffff,78,0
843f4a1ffffffff,102,0
843f4a7ffffffff,123,0
843e719ffffffff,0,13
843e705ffffffff,0,3
843e69dffffffff,0,13
843e63bffffffff,4,14
841e0a3ffffffff,46,0
841e0abffffffff,70,0
841e0a9ffffffff,32,0
843e60dffffffff,62,0
84532d1ffffffff,26,0
845334bffffffff,9,12
845335dffffffff,0,21
84532c3ffffffff,0,13
843f5d3ffffffff,20,0
841ea0bffffffff,85,0
841ea1dffffffff,56,0
841eae9ffffffff,1,0
843f469ffffffff,4,0
843f461ffffffff,25,0
8453623ffffffff,47,0
8453631ffffffff,56,6
8453633ffffffff,54,32
8453297ffffffff,0,16
8443897ffffffff,79,0
842c965ffffffff,40,0
845374dffffffff,13,0
8453749ffffffff,45,0
845374bffffffff,38,0
842b28dffffffff,6,0
842b2c7ffffffff,21,0
841e169ffffffff,63,0
841e163ffffffff,30,0
841e129ffffffff,71,0
841e12bffffffff,12,0
844cc09ffffffff,11,0
8444dbbffffffff,56,0
8444c99ffffffff,177,0
84be505ffffffff,63,0
84be563ffffffff,39,0
844c1b3ffffffff,45,8
8468a59ffffffff,36,0
8449943ffffffff,49,0
84699a3ffffffff,11,0
84699a1ffffffff,47,0
84699adffffffff,30,0
848c92dffffffff,33,0
849d45bffffffff,14,0
849d453ffffffff,44,0
849d6a5ffffffff,52,0
849d6a7ffffffff,11,0
84b9b0bffffffff,0,45
84b9b1dffffffff,0,7
84b9b11ffffffff,0,10
84a711bffffffff,23,0
84a7111ffffffff,10,0
84a7113ffffffff,23,0
84a7117ffffffff,8,0
84a71e9ffffffff,28,0
84a71edffffffff,2,0
84a71e1ffffffff,27,0
846523bffffffff,33,0
848c885ffffffff,6,0
848c887ffffffff,18,0
848c8abffffffff,13,0
848c8bdffffffff,32,0
846524bffffffff,14,0
846500dffffffff,23,0
8465063ffffffff,44,0
8465067ffffffff,40,0
846502dffffffff,11,0
846515bffffffff,3,0
842aabbffffffff,15,0
842a361ffffffff,57,0
8444439ffffffff,37,0
8426ee1ffffffff,140,0
8426eebffffffff,166,0
8426ec1ffffffff,59,0
8426da9ffffffff,17,0
848c9c9ffffffff,2,14
848c835ffffffff,0,9
848d885ffffffff,21,0
848d8e3ffffffff,12,0
840c705ffffffff,276,0
840c763ffffffff,539,0
842633dffffffff,76,0
8426323ffffffff,56,0
840c511ffffffff,186,0
8444e1dffffffff,79,0
840d5e5ffffffff,142,0
84122ddffffffff,5,0
8413537ffffffff,28,0
84122cbffffffff,6,0
8413535ffffffff,51,0
8413523ffffffff,31,0
84268e7ffffffff,101,0
84268ebffffffff,64,0
84268c5ffffffff,244,0
8428303ffffffff,474,54
8426b25ffffffff,45,0
8426257ffffffff,45,0
8426d4dffffffff,93,0
842689bffffffff,108,0
8426f53ffffffff,45,0
8426f57ffffffff,55,0
8444de5ffffffff,43,0
842ad25ffffffff,97,0
842ad2dffffffff,11,0
84444bbffffffff,14,0
84444b1ffffffff,105,0
8426025ffffffff,75,0
8426021ffffffff,46,0
84268a3ffffffff,112,0
8444e51ffffffff,62,0
8444e5bffffffff,216,19
84464e1ffffffff,334,155
84455b9ffffffff,0,20
84489c7ffffffff,113,41
84289adffffffff,49,0
8427925ffffffff,63,0
8427927ffffffff,9,0
8448ea7ffffffff,2,0
8448ea3ffffffff,30,0
8426f51ffffffff,47,0
8426f5bffffffff,69,0
8426e31ffffffff,157,0
844452bffffffff,375,0
8429941ffffffff,108,0
8429947ffffffff,189,12
8444e11ffffffff,457,0
8428d0bffffffff,780,62
8426ee7ffffffff,176,0
8428f57ffffffff,130,0
8428f19ffffffff,17,0
8426eb1ffffffff,1,0
8426ebbffffffff,33,0
8426e95ffffffff,23,4
84264edffffffff,133,12
84262adffffffff,215,0
844883bffffffff,121,0
8426e23ffffffff,167,0
8426a8dffffffff,59,0
8426a89ffffffff,36,0
8426a8bffffffff,87,0
8426a9dffffffff,76,0
8426243ffffffff,127,0
8444eddffffffff,100,0
8448931ffffffff,168,0
8429ae7ffffffff,116,0
840cee9ffffffff,230,5
8448895ffffffff,191,0
8448891ffffffff,118,0
844889bffffffff,31,0
84446c9ffffffff,488,0
84139e9ffffffff,88,0
8426241ffffffff,41,0
84281abffffffff,101,0
840c551ffffffff,101,0
840c55bffffffff,0,85
842a9a3ffffffff,27,0
8448d01ffffffff,19,0
8448d03ffffffff,64,0
8444de7ffffffff,24,0
8444de1ffffffff,90,0
8428801ffffffff,223,0
8428f27ffffffff,65,0
8428f21ffffffff,29,0
8428f25ffffffff,189,0
84288d3ffffffff,43,0
84288d1ffffffff,181,0
842ad31ffffffff,123,0
8427567ffffffff,41,0
8426b63ffffffff,48,0
844c8b7ffffffff,22,0
844c8b1ffffffff,27,0
844c8bdffffffff,10,0
844c8b9ffffffff,13,0
844c887ffffffff,26,0
844c881ffffffff,23,0
8426c9dffffffff,375,0
8445153ffffffff,14,0
840c729ffffffff,74,0
844891bffffffff,124,0
842813dffffffff,4,0
84268adffffffff,36,0
84445ddffffffff,61,0
84444e7ffffffff,44,0
84444e3ffffffff,1,0
840cec5ffffffff,181,0
8426c63ffffffff,141,0
842748dffffffff,143,0
842a9c3ffffffff,87,0
842a9cbffffffff,236,0
840c76bffffffff,100,0
840c761ffffffff,145,0
84139edffffffff,83,61
8426d2bffffffff,116,0
840c70dffffffff,40,0
8429abdffffffff,94,0
8429aabffffffff,132,0
84276b7ffffffff,76,0
84298d7ffffffff,272,0
8444aebffffffff,441,22
8444e85ffffffff,9,0
840d585ffffffff,86,0
840d58dffffffff,35,0
84444ebffffffff,13,0
842b1adffffffff,94,0
84266e9ffffffff,98,0
84265bbffffffff,114,0
84265b1ffffffff,231,0
8448a95ffffffff,26,0
8444ad3ffffffff,299,0
84260bdffffffff,326,12
840cad1ffffffff,65,0
841a94dffffffff,12,0
840c557ffffffff,81,0
8426839ffffffff,139,0
8426c8dffffffff,107,0
842889dffffffff,80,0
842989bffffffff,133,0
840ce3bffffffff,78,0
840ce17ffffffff,27,0
8429135ffffffff,153,0
8429ae9ffffffff,268,0
8428825ffffffff,5,0
8428827ffffffff,103,0
84289c9ffffffff,67,0
842655bffffffff,26,0
8428109ffffffff,68,0
842b997ffffffff,150,0
8444e01ffffffff,49,0
842b161ffffffff,72,0
8426019ffffffff,160,0
842745bffffffff,34,0
8426239ffffffff,93,5
8426e6bffffffff,39,0
8428ab3ffffffff,59,0
84288d9ffffffff,59,0
84298d3ffffffff,49,0
840c519ffffffff,21,0
840c51dffffffff,79,0
8466315ffffffff,22,0
8466303ffffffff,41,0
84275d9ffffffff,181,0
8427965ffffffff,25,0
8427963ffffffff,67,0
842a827ffffffff,47,0
842a91bffffffff,108,0
842881dffffffff,1,0
8428857ffffffff,2,0
842880bffffffff,42,0
8428847ffffffff,34,0
84298b9ffffffff,18,0
8429ad5ffffffff,509,0
8426e17ffffffff,10,0
8426e11ffffffff,50,0
842615bffffffff,19,0
8426067ffffffff,34,0
8426061ffffffff,13,0
842606bffffffff,35,0
8428b03ffffffff,65,0
8428b01ffffffff,48,0
8448b3bffffffff,60,0
8448b17ffffffff,8,0
844886dffffffff,99,0
8448869ffffffff,5,0
840c509ffffffff,56,255
840c555ffffffff,420,47
840cec3ffffffff,0,64
8448c5bffffffff,2,0
8429963ffffffff,71,0
842a031ffffffff,30,0
842a03dffffffff,7,0
842a039ffffffff,25,0
842a007ffffffff,14,0
842a003ffffffff,19,0
842a001ffffffff,21,0
842a00bffffffff,5,0
842759dffffffff,257,12
840c55dffffffff,307,48
840c543ffffffff,364,37
84266a7ffffffff,205,2
8444567ffffffff,204,0
8427aa5ffffffff,37,0
840c74dffffffff,85,0
8465057ffffffff,75,0
8465053ffffffff,18,0
8429849ffffffff,313,0
840d5a5ffffffff,102,0
840d5adffffffff,46,0
84499bdffffffff,73,0
8429817ffffffff,19,0
8426d11ffffffff,18,0
8426d15ffffffff,341,0
8429b51ffffffff,146,0
8429b53ffffffff,36,0
840cad3ffffffff,9,0
8426259ffffffff,126,0
842601dffffffff,118,0
8426057ffffffff,232,3
842600bffffffff,153,0
8428901ffffffff,61,0
8428907ffffffff,83,0
842893dffffffff,14,0
84261c5ffffffff,15,0
8426f21ffffffff,43,0
8448d25ffffffff,23,0
8426de7ffffffff,114,0
8426de1ffffffff,63,0
84139e3ffffffff,9,0
84262a1ffffffff,182,4
8428889ffffffff,118,0
8448d63ffffffff,40,0
84261dbffffffff,102,0
846716bffffffff,12,0
8428a65ffffffff,13,0
8428b59ffffffff,68,0
842aa43ffffffff,59,0
84298bdffffffff,34,0
842685bffffffff,186,0
8426851ffffffff,65,0
8444b6bffffffff,28,0
84445c1ffffffff,114,0
84489b9ffffffff,54,0
8448995ffffffff,105,0
8426501ffffffff,87,0
8412da3ffffffff,26,0
84268a7ffffffff,120,0
84260b5ffffffff,254,8
8426e49ffffffff,38,0
84265bdffffffff,36,0
8427585ffffffff,127,0
8428107ffffffff,105,0
8429aedffffffff,121,0
8428d4dffffffff,52,0
8428187ffffffff,9,0
8428181ffffffff,81,0
8412de7ffffffff,11,0
8428d25ffffffff,289,0
8426c05ffffffff,2,0
8426c3dffffffff,81,0
842af61ffffffff,40,0
842af67ffffffff,86,0
8444ad7ffffffff,75,0
8448ccbffffffff,32,0
842a93dffffffff,39,0
8427183ffffffff,74,0
84270b7ffffffff,94,0
8428f17ffffffff,41,0
8427715ffffffff,195,0
840d5a9ffffffff,336,3
8444ed3ffffffff,29,0
8426b23ffffffff,38,0
84369b5ffffffff,29,0
8427537ffffffff,85,0
8426ad7ffffffff,42,0
8426a83ffffffff,31,0
8429addffffffff,438,2
842a851ffffffff,34,0
843f307ffffffff,46,0
843f305ffffffff,20,0
8429ac3ffffffff,331,0
8429137ffffffff,355,56
8429943ffffffff,66,0
8429945ffffffff,62,0
842a9c1ffffffff,65,0
8426345ffffffff,10,0
8426369ffffffff,119,0
8427989ffffffff,46,0
84122a9ffffffff,22,0
840c1adffffffff,96,0
840c1a9ffffffff,25,0
8429881ffffffff,12,0
84269e9ffffffff,83,0
84281b1ffffffff,186,0
84281b7ffffffff,72,0
8428b51ffffffff,27,12
842816bffffffff,122,0
8429923ffffffff,108,0
8429927ffffffff,96,0
84269e1ffffffff,21,0
842aad7ffffffff,49,0
842aa99ffffffff,72,0
8445765ffffffff,23,0
84450d9ffffffff,39,0
84450ddffffffff,37,0
840c531ffffffff,77,7
840c539ffffffff,87,6
8428159ffffffff,85,0
8428817ffffffff,16,0
8428815ffffffff,58,0
842605bffffffff,113,0
842691dffffffff,8,0
842a93bffffffff,12,0
840c767ffffffff,53,0
84a8f6dffffffff,2,0
8426d35ffffffff,11,0
844994bffffffff,67,0
844990dffffffff,38,0
840ceedffffffff,171,0
8429ad7ffffffff,227,0
8426413ffffffff,57,16
8448915ffffffff,58,0
84262e9ffffffff,30,0
842623bffffffff,105,0
8427561ffffffff,17,0
84266abffffffff,89,0
84276abffffffff,34,0
840c1abffffffff,51,0
842a807ffffffff,56,0
840c53dffffffff,183,0
840c52bffffffff,62,0
840c507ffffffff,112,0
8444e13ffffffff,135,1
8448423ffffffff,13,0
8444583ffffffff,102,0
844459bffffffff,15,0
842811bffffffff,121,0
84489cdffffffff,97,0
8448827ffffffff,63,0
8444e17ffffffff,117,0
8426819ffffffff,40,0
845f469ffffffff,2,0
845f46bffffffff,23,0
845f445ffffffff,5,0
845f447ffffffff,38,0
845f443ffffffff,33,0
845f455ffffffff,6,0
8444f33ffffffff,82,0
8426c17ffffffff,97,0
8444703ffffffff,17,0
844471bffffffff,10,0
84288e7ffffffff,85,5
8428d09ffffffff,196,0
84266ebffffffff,306,0
8444c1dffffffff,10,0
84281b9ffffffff,180,0
8428195ffffffff,49,0
84281bbffffffff,69,0
8426549ffffffff,133,0
8428845ffffffff,201,0
8426f1bffffffff,49,0
842716dffffffff,5,0
8427161ffffffff,35,0
842716bffffffff,19,0
842710dffffffff,71,0
8428149ffffffff,211,0
8448db7ffffffff,35,0
842aab3ffffffff,184,0
8426e99ffffffff,146,31
8426893ffffffff,19,0
8426d45ffffffff,156,0
84489c5ffffffff,325,106
842af33ffffffff,72,0
8444ac9ffffffff,130,0
844805dffffffff,0,7
8448043ffffffff,0,34
8448041ffffffff,0,32
8448045ffffffff,0,13
8445549ffffffff,0,19
8445093ffffffff,0,37
8445097ffffffff,25,0
8426997ffffffff,71,0
842a9c5ffffffff,73,0
8426dd3ffffffff,40,0
8426cadffffffff,3,0
8429915ffffffff,101,0
84281ddffffffff,25,0
8428b0bffffffff,159,1
8429acdffffffff,573,0
8426e47ffffffff,113,0
8412db1ffffffff,55,0
8412db3ffffffff,273,0
8480251ffffffff,20,0
8480257ffffffff,30,0
848021dffffffff,40,0
8480215ffffffff,23,0
84441e9ffffffff,3,0
842a9d3ffffffff,116,0
8444c4dffffffff,61,0
8444f1bffffffff,62,0
844a26bffffffff,121,0
8426c65ffffffff,37,0
8426c61ffffffff,102,0
8426f01ffffffff,45,0
84265d3ffffffff,81,0
84264a9ffffffff,50,0
84264abffffffff,71,0
8448a6bffffffff,8,0
8448a63ffffffff,115,0
8429165ffffffff,6,0
8429a5bffffffff,33,0
8448b15ffffffff,113,0
840d0c9ffffffff,18,0
8429b25ffffffff,111,12
84260a7ffffffff,27,0
8428911ffffffff,43,0
8428913ffffffff,37,0
84289cdffffffff,5,0
84289c5ffffffff,18,0
84289c1ffffffff,37,0
84289c3ffffffff,14,0
8448923ffffffff,47,0
84268e3ffffffff,34,0
844890bffffffff,89,0
8426581ffffffff,104,0
842658bffffffff,83,0
842aeadffffffff,14,0
842aee7ffffffff,20,0
842ae17ffffffff,14,0
84488b1ffffffff,32,0
84488b5ffffffff,89,0
842a801ffffffff,15,0
84299bdffffffff,16,0
84299b9ffffffff,27,0
84299d7ffffffff,8,0
844c1a1ffffffff,0,21
844c1a3ffffffff,0,33
844c1b5ffffffff,0,27
844c1b1ffffffff,0,31
84278b3ffffffff,5,0
8444a31ffffffff,49,0
8444a3bffffffff,170,0
8428341ffffffff,354,0
8449865ffffffff,61,0
8428f6dffffffff,172,0
8445595ffffffff,0,2
8445591ffffffff,0,18
8445593ffffffff,18,38
8448c47ffffffff,29,0
8426ec9ffffffff,54,0
8412d85ffffffff,67,0
84450a3ffffffff,76,0
840c8d7ffffffff,29,0
84489e9ffffffff,196,0
84129cdffffffff,16,0
842ad39ffffffff,83,0
8427539ffffffff,169,0
842ad09ffffffff,76,0
842ad01ffffffff,62,0
84446b1ffffffff,111,0
8428153ffffffff,123,0
842aad1ffffffff,64,0
842aad9ffffffff,102,0
842a1edffffffff,7,0
842a13bffffffff,110,0
842a117ffffffff,81,0
8448d5dffffffff,61,0
8448d43ffffffff,31,0
8444e03ffffffff,69,0
8426263ffffffff,85,0
8444c89ffffffff,19,0
842a30dffffffff,57,12
8444521ffffffff,465,0
8466abdffffffff,5,0
8466ab1ffffffff,13,0
8429ac1ffffffff,279,0
8429919ffffffff,15,0
842e201ffffffff,4,0
84269a1ffffffff,42,0
844455dffffffff,121,0
840c533ffffffff,6,0
840c53bffffffff,125,0
8428a95ffffffff,107,0
8429847ffffffff,54,0
842b147ffffffff,34,0
8426599ffffffff,85,0
8426d59ffffffff,32,0
8428b6bffffffff,3,0
8426857ffffffff,55,0
842895dffffffff,23,0
840d5e7ffffffff,61,0
840c2dbffffffff,10,0
84489edffffffff,101,0
840d035ffffffff,16,0
8428941ffffffff,21,0
842894dffffffff,41,0
842ad07ffffffff,57,0
84264b5ffffffff,22,0
842ad27ffffffff,28,0
842ad23ffffffff,66,0
842ad3dffffffff,28,0
8426c49ffffffff,93,0
840c501ffffffff,77,0
840c503ffffffff,52,0
842632bffffffff,136,0
8472db3ffffffff,23,0
84265a9ffffffff,116,0
84678d5ffffffff,7,0
8426aa5ffffffff,191,0
841f8a5ffffffff,2,0
841f8a7ffffffff,41,0
841f8a1ffffffff,3,0
841f8a3ffffffff,40,0
841f8abffffffff,4,0
8428f5dffffffff,19,4
84269b3ffffffff,168,0
842a85bffffffff,9,0
840d0c7ffffffff,25,0
842699bffffffff,65,0
8448887ffffffff,109,0
842760dffffffff,15,0
8444ad1ffffffff,78,0
84262abffffffff,20,0
8427583ffffffff,195,4
8428113ffffffff,15,0
8426141ffffffff,106,0
8426145ffffffff,2,0
8426e27ffffffff,50,0
8466895ffffffff,0,9
84668bbffffffff,0,29
84274edffffffff,30,0
84274e9ffffffff,66,0
84274e1ffffffff,60,0
8448b2bffffffff,88,0
842b991ffffffff,92,0
84262b7ffffffff,15,0
84446edffffffff,155,0
8444633ffffffff,123,0
842a311ffffffff,112,0
84264b1ffffffff,13,0
84488bbffffffff,34,0
8444e15ffffffff,118,0
84498abffffffff,16,0
8427453ffffffff,67,0
8427447ffffffff,79,0
8444525ffffffff,296,12
8429b4bffffffff,49,0
8428101ffffffff,38,0
8428029ffffffff,165,0
84289d3ffffffff,156,0
84652e9ffffffff,49,0
8465213ffffffff,12,0
846d667ffffffff,9,0
846d665ffffffff,82,0
844524dffffffff,36,0
844524bffffffff,89,0
842890bffffffff,24,0
842890dffffffff,38,0
8428963ffffffff,3,0
842896bffffffff,21,0
8428961ffffffff,5,0
8429561ffffffff,17,0
8426a3dffffffff,19,0
8426a23ffffffff,67,0
842ad69ffffffff,11,0
8426e8bffffffff,84,0
8426ed3ffffffff,86,0
84266e5ffffffff,101,0
84266edffffffff,11,0
8426eddffffffff,113,0
8428a83ffffffff,58,0
8426c3bffffffff,28,0
8426a43ffffffff,37,0
8426a5dffffffff,39,0
8426a59ffffffff,51,0
84279b1ffffffff,34,0
84279bdffffffff,93,0
8427987ffffffff,33,0
84262a5ffffffff,76,0
842992bffffffff,70,0
84264a7ffffffff,26,0
84298c9ffffffff,75,0
8429aa7ffffffff,0,3
846d743ffffffff,32,0
8426e09ffffffff,69,0
8427421ffffffff,3,0
842601bffffffff,54,0
840c505ffffffff,61,0
840c521ffffffff,7,0
8444527ffffffff,55,0
8426a87ffffffff,89,0
8426aabffffffff,31,0
8426805ffffffff,32,0
8426807ffffffff,76,0
8426803ffffffff,59,0
8427a8bffffffff,49,0
8427ad7ffffffff,16,0
84445b9ffffffff,158,0
8429b21ffffffff,96,1
8428d03ffffffff,60,0
8428115ffffffff,67,0
8466191ffffffff,36,0
8448da9ffffffff,31,0
8448d85ffffffff,49,0
8448d87ffffffff,41,0
8428d01ffffffff,25,0
840c299ffffffff,64,0
841d20dffffffff,13,0
846d76bffffffff,118,0
846d747ffffffff,79,0
846d70dffffffff,7,0
846d709ffffffff,37,0
846d70bffffffff,25,0
846d757ffffffff,19,0
840e6bbffffffff,14,0
840e69dffffffff,18,0
8428821ffffffff,25,0
8428823ffffffff,50,0
8428835ffffffff,75,0
8428837ffffffff,67,0
8428d67ffffffff,179,0
840c523ffffffff,61,0
8448d81ffffffff,8,0
8429841ffffffff,71,0
840c29dffffffff,9,0
840c283ffffffff,20,0
840c28bffffffff,37,0
840c289ffffffff,23,0
840e697ffffffff,9,0
842b369ffffffff,34,0
842b759ffffffff,3,0
842b751ffffffff,28,0
84279d5ffffffff,37,0
842798bffffffff,30,0
8427981ffffffff,9,0
842b863ffffffff,26,0
842b80dffffffff,27,0
8418415ffffffff,24,0
8418411ffffffff,34,0
841841bffffffff,33,0
84186a7ffffffff,30,0
842f5d5ffffffff,14,0
842f5c7ffffffff,1,0
841240bffffffff,27,0
841241dffffffff,58,0
8448c63ffffffff,127,0
842b86dffffffff,5,0
842bb3bffffffff,36,0
842bb33ffffffff,33,0
842bb31ffffffff,69,0
842719dffffffff,93,0
842718bffffffff,32,0
844cd59ffffffff,24,0
844cf37ffffffff,33,0
844cf35ffffffff,26,0
84b8455ffffffff,6,0
84b8443ffffffff,84,0
84b8447ffffffff,21,0
8407455ffffffff,17,0
8407451ffffffff,8,0
840745dffffffff,30,0
8407637ffffffff,26,0
8407631ffffffff,13,0
841ec31ffffffff,10,0
841ec37ffffffff,75,0
841edddffffffff,83,0
841edd1ffffffff,47,0
841edd5ffffffff,51,0
841edd7ffffffff,42,0
84be631ffffffff,265,12
84390c7ffffffff,30,0
842a35dffffffff,73,0
842b1a9ffffffff,112,1
844413bffffffff,7,0
849d29dffffffff,10,0
849d295ffffffff,37,0
849d297ffffffff,67,0
849d76dffffffff,19,0
842ad61ffffffff,8,0
842ad63ffffffff,32,0
842ad29ffffffff,47,0
842ad2bffffffff,79,0
8426729ffffffff,31,0
8444635ffffffff,67,0
8444631ffffffff,54,0
8444e99ffffffff,107,0
8444a8bffffffff,14,0
842aa25ffffffff,161,0
8444b57ffffffff,22,0
8444a25ffffffff,25,0
8429949ffffffff,120,0
8429901ffffffff,51,0
8444b55ffffffff,7,0
8444b09ffffffff,14,0
8444b47ffffffff,35,0
842a833ffffffff,123,0
8444d1dffffffff,2,0
8426f05ffffffff,76,0
8426f29ffffffff,90,0
8426f2dffffffff,140,0
841219bffffffff,16,0
8412193ffffffff,78,0
8412197ffffffff,13,0
8412e69ffffffff,14,0
843e695ffffffff,19,24
843e687ffffffff,9,4
843e685ffffffff,10,19
843f713ffffffff,37,0
843f71bffffffff,30,0
843f719ffffffff,38,0
843f753ffffffff,16,0
840d0cbffffffff,88,0
8464a23ffffffff,40,0
8464849ffffffff,14,0
8464b69ffffffff,24,27
84658d7ffffffff,54,0
84658d3ffffffff,4,0
84658d1ffffffff,53,0
8464361ffffffff,14,0
846589bffffffff,44,0
8464327ffffffff,28,0
8464321ffffffff,10,0
843f727ffffffff,87,0
841e8d3ffffffff,103,0
841ef25ffffffff,80,0
841e89bffffffff,24,0
841ed4dffffffff,18,0
841e95dffffffff,31,0
841e94bffffffff,12,0
841e943ffffffff,14,0
841e941ffffffff,48,0
841e945ffffffff,16,0
842b2d1ffffffff,2,0
842b2d9ffffffff,33,0
841ab27ffffffff,33,0
841ab23ffffffff,28,0
841ab35ffffffff,15,0
841ab3dffffffff,41,0
841eeb1ffffffff,37,0
842d249ffffffff,22,0
842d241ffffffff,35,0
8494803ffffffff,37,0
842630bffffffff,8,0
8426357ffffffff,39,0
8426353ffffffff,29,0
8426225ffffffff,29,0
8426221ffffffff,16,0
84be603ffffffff,41,0
84be601ffffffff,76,0
84bf487ffffffff,15,0
84bf4abffffffff,60,0
84bf4bdffffffff,17,0
84bf4a3ffffffff,29,0
840b941ffffffff,27,0
840b96bffffffff,38,0
840b963ffffffff,22,0
84b910dffffffff,165,0
84b9109ffffffff,236,0
84a7a87ffffffff,16,0
84a7aabffffffff,27,0
84a7aa3ffffffff,33,0
84a78c9ffffffff,28,0
84a78cdffffffff,17,0
84a7301ffffffff,64,0
84a7305ffffffff,26,0
84a732bffffffff,26,0
84a6343ffffffff,6,0
84a6309ffffffff,34,0
84a6301ffffffff,33,0
84a6307ffffffff,34,0
84a633dffffffff,14,0
84a7265ffffffff,50,0
84a7353ffffffff,15,0
84a7319ffffffff,35,0
84a7311ffffffff,31,0
84a706dffffffff,9,0
8410e2dffffffff,0,33
8410e25ffffffff,0,34
8410e27ffffffff,0,34
8410c4dffffffff,0,15
8410dd9ffffffff,3,0
8410ce5ffffffff,11,0
8410c33ffffffff,8,16
8410c39ffffffff,7,12
840bb67ffffffff,51,4
8410d53ffffffff,0,13
8410c25ffffffff,0,25
8410c27ffffffff,0,9
8410dcdffffffff,0,27
840892bffffffff,0,1
849c233ffffffff,43,31
849c23bffffffff,46,1
84695d5ffffffff,34,0
84695e3ffffffff,2,0
841b835ffffffff,5,0
841b9c9ffffffff,17,0
8430c17ffffffff,17,0
8430c13ffffffff,17,12
842a5d5ffffffff,30,2
842a58bffffffff,30,0
842a581ffffffff,20,0
842a583ffffffff,15,0
84075ddffffffff,55,0
8444ab1ffffffff,138,0
841250bffffffff,1,0
84279b5ffffffff,87,0
84279a3ffffffff,72,0
842c805ffffffff,100,5
842c82bffffffff,26,0
842c821ffffffff,31,0
8443339ffffffff,21,0
8442127ffffffff,22,0
8460d15ffffffff,20,0
8460d1dffffffff,5,0
8460d03ffffffff,14,0
8460a8bffffffff,32,0
8460a89ffffffff,88,0
8460ac3ffffffff,40,0
8460acbffffffff,4,0
842d943ffffffff,36,6
842d909ffffffff,31,6
8442d3bffffffff,48,0
8442d33ffffffff,33,0
84be715ffffffff,0,101
843cf13ffffffff,15,0
843cf17ffffffff,10,0
843cf11ffffffff,34,0
843cf15ffffffff,53,0
843cf39ffffffff,9,0
84424d1ffffffff,38,17
84424ddffffffff,46,0
84424c3ffffffff,44,4
846011bffffffff,4,3
8460067ffffffff,25,0
846002dffffffff,42,0
849c25dffffffff,107,0
849d0b7ffffffff,14,0
8426a85ffffffff,72,0
8426a81ffffffff,19,0
84b9147ffffffff,55,0
840c625ffffffff,5,0
840c62bffffffff,23,0
840eda7ffffffff,19,0
842729bffffffff,66,0
8427045ffffffff,50,0
8427047ffffffff,10,0
842706bffffffff,60,0
84272b1ffffffff,52,0
84272bbffffffff,53,0
842776dffffffff,1,0
8427057ffffffff,26,0
842701dffffffff,2,0
842700bffffffff,40,0
8427003ffffffff,53,0
8446435ffffffff,44,0
8446427ffffffff,5,0
8446421ffffffff,28,0
8428cb7ffffffff,9,1
8468645ffffffff,22,0
8468647ffffffff,27,0
846860dffffffff,23,17
846963bffffffff,8,14
8469615ffffffff,0,27
84696a3ffffffff,19,0
84685e3ffffffff,31,31
844b191ffffffff,3,0
844b195ffffffff,25,0
844102bffffffff,12,0
8441063ffffffff,27,0
8441061ffffffff,43,0
844b841ffffffff,29,0
844b849ffffffff,14,0
844ba35ffffffff,10,0
844ba23ffffffff,31,0
844ba2bffffffff,19,0
848c89bffffffff,0,43
848c893ffffffff,0,12
848cd45ffffffff,10,13
848cd6bffffffff,15,0
848d8e5ffffffff,9,0
848d8edffffffff,17,0
848d8e1ffffffff,9,0
848d8e9ffffffff,37,0
848c9c7ffffffff,29,0
848c98dffffffff,40,0
848d82dffffffff,32,0
8412d47ffffffff,68,0
8412d09ffffffff,33,0
8426eb7ffffffff,5,0
8410d8bffffffff,47,0
8410d99ffffffff,20,0
84214d5ffffffff,0,25
84214d1ffffffff,0,3
84214d7ffffffff,0,41
8421499ffffffff,0,33
840b859ffffffff,0,6
840b85bffffffff,0,23
840b851ffffffff,20,8
842a167ffffffff,20,0
842aa5bffffffff,55,0
8444ce3ffffffff,100,0
84266ddffffffff,193,0
842b889ffffffff,33,0
842e0c5ffffffff,0,24
842e0e9ffffffff,0,49
842e0edffffffff,0,12
8426853ffffffff,150,0
8442193ffffffff,0,34
844219bffffffff,0,34
8442199ffffffff,24,15
84421d7ffffffff,11,3
8411a6bffffffff,0,12
841ec43ffffffff,28,0
841ee35ffffffff,71,0
8411a29ffffffff,0,25
841f443ffffffff,0,15
841f40dffffffff,0,29
841f463ffffffff,0,36
841f467ffffffff,0,4
841f735ffffffff,12,11
841fa17ffffffff,68,0
841e8e7ffffffff,9,0
841e8a9ffffffff,37,0
841e8abffffffff,27,0
841e887ffffffff,29,0
841e8b9ffffffff,19,0
843f6a1ffffffff,50,0
843f4c9ffffffff,77,0
843f63dffffffff,60,0
843f631ffffffff,75,0
841e30dffffffff,41,0
841fa93ffffffff,23,0
841fa97ffffffff,6,0
841fa91ffffffff,4,0
8411857ffffffff,0,9
841f13bffffffff,33,0
841f1edffffffff,37,0
841e2a3ffffffff,19,0
841e2abffffffff,32,0
841e287ffffffff,27,0
841e281ffffffff,37,0
841e289ffffffff,6,0
84194c9ffffffff,29,0
84196b5ffffffff,34,0
84196b1ffffffff,34,0
84196bbffffffff,21,0
842c2a9ffffffff,14,12
841e301ffffffff,33,0
841e305ffffffff,1,0
8410815ffffffff,0,9
841ef53ffffffff,63,0
841ee25ffffffff,77,0
841ef1bffffffff,94,0
841ec4dffffffff,64,0
841ee45ffffffff,46,0
841ee6bffffffff,41,0
841ee63ffffffff,33,0
843830bffffffff,33,0
8438357ffffffff,13,0
843831dffffffff,9,0
8438319ffffffff,31,0
843831bffffffff,35,0
8420129ffffffff,8,0
842012bffffffff,37,0
843e6ddffffffff,5,13
842db25ffffffff,31,0
842db27ffffffff,0,21
842db63ffffffff,0,12
841e193ffffffff,63,0
841e191ffffffff,43,0
841e19dffffffff,32,0
841e1d7ffffffff,12,0
842da21ffffffff,73,8
843e44bffffffff,34,0
843e45dffffffff,88,0
843e455ffffffff,35,0
843e451ffffffff,19,3
843e457ffffffff,28,12
841e00bffffffff,106,0
841e01dffffffff,52,0
841e003ffffffff,23,0
841e015ffffffff,40,0
841e0edffffffff,11,0
849d211ffffffff,39,0
84bed25ffffffff,31,0
844215bffffffff,53,0
8442067ffffffff,36,0
8442029ffffffff,25,0
8442005ffffffff,39,0
8442007ffffffff,1,0
84a7307ffffffff,1,0
84a7303ffffffff,4,0
84a7339ffffffff,62,0
84a7331ffffffff,55,0
848c8ddffffffff,22,31
848cab7ffffffff,18,40
848cf25ffffffff,0,6
848cac1ffffffff,29,0
8468aebffffffff,29,0
848c889ffffffff,15,0
84c9927ffffffff,23,18
84be569ffffffff,132,0
84be56dffffffff,60,0
8466035ffffffff,15,0
849d24bffffffff,25,0
842b989ffffffff,53,0
842baedffffffff,16,0
842b859ffffffff,45,0
842b835ffffffff,53,0
842b827ffffffff,21,0
8427759ffffffff,12,0
8427a57ffffffff,24,0
84276d7ffffffff,32,0
8427a59ffffffff,79,0
8427165ffffffff,27,0
8427167ffffffff,35,0
842ab69ffffffff,72,0
8412eb5ffffffff,46,0
8448c91ffffffff,45,0
8448c83ffffffff,54,0
84a8a05ffffffff,59,0
84b2e33ffffffff,0,11
84b2c59ffffffff,0,1
84a8f6bffffffff,27,0
84a8151ffffffff,39,0
84a8159ffffffff,73,0
84a8333ffffffff,11,0
842685dffffffff,74,0
842684bffffffff,48,0
84a8351ffffffff,39,0
84a8357ffffffff,16,0
84a831bffffffff,44,0
842bb2bffffffff,53,0
842bb29ffffffff,68,0
84264b3ffffffff,54,0
84812c1ffffffff,35,0
84a8d39ffffffff,0,36
84a8d3dffffffff,19,9
84a8359ffffffff,23,0
84a91b5ffffffff,49,0
84a8a5bffffffff,29,0
84344e7ffffffff,13,0
84344e1ffffffff,45,0
84344e9ffffffff,51,0
84344c5ffffffff,168,0
842b227ffffffff,6,0
842b31bffffffff,60,0
848181dffffffff,34,0
84945ddffffffff,12,0
84a8069ffffffff,9,0
84a8313ffffffff,223,0
84818a9ffffffff,6,0
84818a1ffffffff,25,0
84818a5ffffffff,105,0
8481999ffffffff,67,0
8481991ffffffff,65,0
84a8a09ffffffff,50,0
84818adffffffff,44,0
8481289ffffffff,17,0
84812c3ffffffff,66,0
84812ddffffffff,33,0
8480a39ffffffff,33,25
84a88e1ffffffff,0,12
84a88ebffffffff,0,29
84a88c5ffffffff,0,88
8427617ffffffff,32,0
84276c1ffffffff,44,0
84276c5ffffffff,65,0
8427613ffffffff,12,0
84a810bffffffff,0,7
84a8157ffffffff,0,47
845e421ffffffff,28,0
845e427ffffffff,24,0
845e425ffffffff,3,0
845e51bffffffff,33,0
841ab47ffffffff,46,0
841ab43ffffffff,35,0
841ab55ffffffff,34,0
841ab51ffffffff,6,0
84262a7ffffffff,44,0
8448cd5ffffffff,24,0
8448cd1ffffffff,49,0
8448cdbffffffff,73,0
8429b67ffffffff,251,0
84b84e9ffffffff,5,12
84b84c5ffffffff,20,4
841f915ffffffff,57,0
842ca57ffffffff,3,18
842c167ffffffff,28,0
842c163ffffffff,5,0
84be067ffffffff,15,0
84be065ffffffff,25,0
84be159ffffffff,39,0
84b9a1dffffffff,15,0
84b9a11ffffffff,43,0
84b9a17ffffffff,27,0
84b9ae9ffffffff,36,0
84bed0dffffffff,16,0
84bed6bffffffff,28,0
84bed45ffffffff,41,0
84be893ffffffff,78,0
84bb42dffffffff,18,0
84bb553ffffffff,41,0
84bb557ffffffff,47,0
84beabdffffffff,21,0
84bea87ffffffff,25,0
84bea85ffffffff,28,0
84bea8dffffffff,30,0
84beaebffffffff,17,0
842c215ffffffff,0,26
842c2edffffffff,14,23
84be013ffffffff,5,0
84be0c7ffffffff,20,0
84be089ffffffff,350,1
84be187ffffffff,66,0
84be1abffffffff,158,0
84bef6bffffffff,50,0
84bef41ffffffff,23,0
84be0abffffffff,48,0
84be1bbffffffff,111,0
84be195ffffffff,62,0
84bee5dffffffff,19,0
84b86c9ffffffff,6,0
84b86cbffffffff,45,0
84b86ddffffffff,55,0
84b86d1ffffffff,43,0
84b91b1ffffffff,0,14
84b91bdffffffff,0,36
84b91abffffffff,0,37
84b91a1ffffffff,0,6
84b91a9ffffffff,15,5
84be4c1ffffffff,4,0
84be4cbffffffff,21,0
84be4c3ffffffff,5,0
84be4ddffffffff,40,0
84be4d1ffffffff,40,0
84be4d3ffffffff,11,0
84bedd3ffffffff,32,0
84bed99ffffffff,25,0
842824dffffffff,37,0
8428245ffffffff,50,0
8429193ffffffff,1,0
8428269ffffffff,88,0
842826dffffffff,74,0
84291b3ffffffff,52,0
84be4e7ffffffff,125,0
84be4a9ffffffff,38,0
84be43dffffffff,32,0
84be423ffffffff,5,0
84c9b25ffffffff,21,0
84b9361ffffffff,8,0
84b9367ffffffff,25,0
84b9363ffffffff,21,0
84b9329ffffffff,16,0
84b9305ffffffff,30,0
84b932bffffffff,6,0
84b9307ffffffff,15,0
849d769ffffffff,31,0
849d761ffffffff,56,0
849d767ffffffff,22,0
84be4e1ffffffff,19,0
84be4adffffffff,38,0
84be4a1ffffffff,35,0
84be4a5ffffffff,5,0
84be445ffffffff,51,0
84be469ffffffff,165,0
84be46dffffffff,42,0
84c9925ffffffff,40,0
84a734bffffffff,36,0
84a7341ffffffff,22,0
84beecdffffffff,72,0
84beec9ffffffff,55,0
84be535ffffffff,31,0
84be537ffffffff,13,0
849c29bffffffff,0,11
849c2dbffffffff,0,25
849d5e5ffffffff,2,10
84be1a1ffffffff,255,0
84be083ffffffff,167,0
84bf5a3ffffffff,14,0
84bf5bdffffffff,27,0
84bf587ffffffff,40,0
84bf583ffffffff,39,0
84bf58bffffffff,1,0
849d23bffffffff,85,0
849d2edffffffff,40,0
849d233ffffffff,30,0
849d2e5ffffffff,41,0
849d085ffffffff,36,0
849d08dffffffff,35,0
84be0d1ffffffff,41,0
84be0d3ffffffff,276,0
84be72dffffffff,200,0
84be4b1ffffffff,43,0
84be4bdffffffff,42,0
84be5c3ffffffff,15,0
84be5d5ffffffff,43,0
84be5d1ffffffff,39,0
84b883dffffffff,26,0
84b8831ffffffff,1,0
84b8835ffffffff,36,0
84b89cbffffffff,46,0
84b89c3ffffffff,5,0
84b8829ffffffff,22,0
84b8863ffffffff,39,0
84b886bffffffff,40,0
84b8845ffffffff,20,0
84bef47ffffffff,48,0
84bef43ffffffff,24,0
84be725ffffffff,13,0
84be0d7ffffffff,173,0
84be54bffffffff,63,0
84be735ffffffff,74,0
84be8bdffffffff,37,19
84be8d3ffffffff,40,0
849d543ffffffff,33,0
849d541ffffffff,38,2
849d545ffffffff,0,25
849c051ffffffff,0,18
849c05dffffffff,21,12
84b910bffffffff,31,0
84b9101ffffffff,60,0
84be1a5ffffffff,65,0
84bea99ffffffff,12,0
84bf4bbffffffff,53,1
84bf4b1ffffffff,69,0
84bf4b3ffffffff,146,1
84bf4b7ffffffff,19,0
84424d3ffffffff,38,0
84218b7ffffffff,12,0
8420a5dffffffff,39,0
843199bffffffff,15,0
8428e1bffffffff,37,0
8428523ffffffff,6,0
84261d9ffffffff,41,0
84261cbffffffff,5,0
8453603ffffffff,44,4
843f019ffffffff,24,0
843f00bffffffff,37,0
843f057ffffffff,2,0
843f01dffffffff,14,0
843f01bffffffff,67,0
8442023ffffffff,16,0
8442021ffffffff,36,0
844202dffffffff,26,0
8442153ffffffff,52,0
8442151ffffffff,16,0
8442f3dffffffff,0,13
8442f05ffffffff,0,2
8442f63ffffffff,0,36
8428ad9ffffffff,20,0
8428ad1ffffffff,1,0
8428ad3ffffffff,54,0
84532d5ffffffff,11,0
844218dffffffff,61,0
8442181ffffffff,71,11
8442187ffffffff,35,2
8442183ffffffff,43,1
84421b9ffffffff,69,6
84421bbffffffff,36,1
843f70dffffffff,17,0
843f701ffffffff,37,0
843f703ffffffff,35,0
843f739ffffffff,7,0
843f715ffffffff,25,0
847acbbffffffff,35,0
847acb1ffffffff,2,0
842c165ffffffff,34,37
842c161ffffffff,26,61
844204dffffffff,32,0
8442227ffffffff,76,0
844231bffffffff,30,0
8442225ffffffff,42,0
8442319ffffffff,12,0
8442353ffffffff,47,0
8460f67ffffffff,26,0
843f725ffffffff,28,0
843f723ffffffff,22,0
843f735ffffffff,34,0
843f737ffffffff,2,0
8453649ffffffff,107,0
843d915ffffffff,19,0
843d903ffffffff,26,0
843d907ffffffff,5,0
843d901ffffffff,32,0
842d907ffffffff,5,0
842d939ffffffff,24,0
842d93dffffffff,11,0
842d931ffffffff,21,0
842d935ffffffff,31,0
8453269ffffffff,29,0
841eeb7ffffffff,11,0
842d24dffffffff,37,1
842c841ffffffff,19,0
84438adffffffff,5,39
84438a5ffffffff,0,27
8442049ffffffff,61,0
8442041ffffffff,44,0
844204bffffffff,10,0
8442043ffffffff,28,0
8461183ffffffff,39,0
8442a11ffffffff,31,0
8442019ffffffff,58,0
8442057ffffffff,71,0
8442055ffffffff,38,0
8465845ffffffff,0,34
8465b13ffffffff,12,19
8465b1bffffffff,0,30
8453655ffffffff,15,0
8453657ffffffff,4,0
8453611ffffffff,31,1
8453613ffffffff,4,0
84a8a21ffffffff,25,0
843cdcbffffffff,3,0
842d261ffffffff,0,13
8442013ffffffff,27,0
8442011ffffffff,29,0
844201dffffffff,2,0
842ca01ffffffff,78,0
842ca0bffffffff,53,57
842ca55ffffffff,0,26
8431a27ffffffff,12,0
842ca51ffffffff,57,13
842ca5bffffffff,47,47
842c16bffffffff,0,12
843f0cdffffffff,37,0
843f0c1ffffffff,29,0
8443161ffffffff,20,0
8443163ffffffff,31,0
8443129ffffffff,24,0
8443105ffffffff,1,0
844312bffffffff,35,0
8464a51ffffffff,39,0
8464a53ffffffff,38,0
8464125ffffffff,14,0
844389dffffffff,71,0
846026dffffffff,6,0
843e659ffffffff,23,0
843e651ffffffff,36,0
843e619ffffffff,29,0
8460311ffffffff,12,0
8453695ffffffff,3,0
8428865ffffffff,34,0
8428861ffffffff,29,0
8428863ffffffff,42,0
8428805ffffffff,16,0
84288dbffffffff,9,0
840d5a7ffffffff,39,0
8428dc3ffffffff,7,0
8428dc9ffffffff,36,0
8428c21ffffffff,16,0
8412989ffffffff,21,0
841291bffffffff,14,0
84288c3ffffffff,32,0
84288cdffffffff,19,0
8428813ffffffff,36,0
8428811ffffffff,14,0
84281c7ffffffff,56,0
84182e7ffffffff,22,0
842b8a9ffffffff,121,0
84b916dffffffff,72,9
8410c6bffffffff,0,18
8410c0dffffffff,0,43
8410c05ffffffff,0,33
8410c07ffffffff,12,15
8428103ffffffff,16,0
842810bffffffff,38,0
8481335ffffffff,4,0
8481331ffffffff,39,0
8481339ffffffff,41,0
8481303ffffffff,1,0
8453753ffffffff,18,2
841ea49ffffffff,76,0
841f8b5ffffffff,34,0
845534bffffffff,35,0
8455341ffffffff,7,0
8455343ffffffff,28,0
8455347ffffffff,20,24
845530dffffffff,7,0
8439829ffffffff,37,0
843982dffffffff,45,0
8439953ffffffff,39,0
8455227ffffffff,15,2
845504dffffffff,0,28
8444e1bffffffff,57,0
84444b3ffffffff,64,0
8426e93ffffffff,86,0
8426e97ffffffff,79,0
843e6e5ffffffff,2,0
843e6edffffffff,12,0
843e633ffffffff,35,0
8427913ffffffff,8,0
840c461ffffffff,11,0
84464a1ffffffff,35,0
84464adffffffff,35,0
84465d3ffffffff,7,0
842adb1ffffffff,28,0
842adb7ffffffff,88,0
8428333ffffffff,51,0
842833bffffffff,103,0
843f269ffffffff,54,0
843f263ffffffff,26,0
843f22bffffffff,13,0
841f8e1ffffffff,0,10
841ec93ffffffff,151,0
841ec97ffffffff,30,0
842d367ffffffff,25,0
842d363ffffffff,37,0
842d30dffffffff,33,0
842d347ffffffff,24,0
842d343ffffffff,2,0
843f301ffffffff,13,0
843f36bffffffff,32,0
843f361ffffffff,29,0
842c923ffffffff,37,0
842c935ffffffff,58,0
84beab7ffffffff,130,0
8464167ffffffff,2,0
8464129ffffffff,24,0
846412dffffffff,14,0
8464121ffffffff,32,0
8464127ffffffff,73,0
8464a1bffffffff,5,1
8464acdffffffff,31,15
842ca15ffffffff,1,0
8444561ffffffff,8,0
843f6a7ffffffff,51,0
842d35dffffffff,44,0
842da29ffffffff,5,16
842da43ffffffff,0,19
842da47ffffffff,1,21
842b1e9ffffffff,39,0
842b1cdffffffff,19,0
842b8e1ffffffff,7,0
842b8e9ffffffff,38,0
842b8ddffffffff,5,0
8444003ffffffff,37,0
8444001ffffffff,27,0
8444009ffffffff,19,0
8427a25ffffffff,36,0
8427157ffffffff,5,0
842b257ffffffff,19,0
842b251ffffffff,23,0
841ab41ffffffff,23,0
8468461ffffffff,61,0
8446423ffffffff,14,0
842ba91ffffffff,47,0
842a9cdffffffff,36,0
846753dffffffff,6,0
8467507ffffffff,17,19
8466033ffffffff,19,0
849d251ffffffff,58,0
849d257ffffffff,63,0
8412481ffffffff,16,0
8412487ffffffff,6,0
8412485ffffffff,37,0
84124abffffffff,58,0
84124a1ffffffff,4,0
84695b3ffffffff,29,0
8468759ffffffff,34,0
8438751ffffffff,22,0
8438753ffffffff,72,0
8438627ffffffff,55,0
8438623ffffffff,19,0
849774dffffffff,25,0
84bcda7ffffffff,37,0
84bcda1ffffffff,39,0
84bcda9ffffffff,20,0
8410cb7ffffffff,14,0
8410cb5ffffffff,37,0
8421649ffffffff,16,0
8410ca3ffffffff,10,0
84be643ffffffff,32,0
84be609ffffffff,86,0
84be6a9ffffffff,53,0
84be685ffffffff,39,0
84be6abffffffff,6,0
84be687ffffffff,23,0
84d8965ffffffff,14,0
84b911dffffffff,96,0
84b9111ffffffff,12,0
849d5cbffffffff,26,12
849d5ddffffffff,56,5
84be1d7ffffffff,93,0
84be1d5ffffffff,7,0
84be093ffffffff,21,0
84be721ffffffff,21,0
84be72bffffffff,60,0
84be73dffffffff,40,0
8439685ffffffff,45,0
84396a9ffffffff,39,0
84396e7ffffffff,20,0
84396adffffffff,6,0
841874bffffffff,31,0
84195b5ffffffff,43,0
84182d9ffffffff,69,0
8419537ffffffff,86,0
84182cbffffffff,81,0
8418459ffffffff,30,0
8418441ffffffff,5,0
8418449ffffffff,9,0
841fb59ffffffff,42,0
8419483ffffffff,2,0
841860bffffffff,37,0
8418641ffffffff,4,0
8419515ffffffff,37,0
8419511ffffffff,59,0
8419727ffffffff,170,121
841948dffffffff,11,0
841e801ffffffff,35,0
841e809ffffffff,27,0
8439a9dffffffff,44,0
8439a83ffffffff,31,0
8439ab9ffffffff,16,0
84396c3ffffffff,20,0
84396c7ffffffff,33,0
843968dffffffff,35,0
84396e3ffffffff,33,0
841e86dffffffff,63,0
841eb3bffffffff,42,0
841eb17ffffffff,19,0
841eb15ffffffff,38,0
841eb1dffffffff,26,0
8439647ffffffff,11,0
8439607ffffffff,6,0
843962bffffffff,25,0
843963dffffffff,3,0
8419519ffffffff,40,0
841951dffffffff,28,0
84390b5ffffffff,30,0
84390b1ffffffff,30,0
84390b3ffffffff,18,0
84390bbffffffff,9,0
843956dffffffff,30,0
8439097ffffffff,4,0
84195e5ffffffff,26,0
8419581ffffffff,32,0
841958dffffffff,64,0
8419589ffffffff,57,0
84195c3ffffffff,65,0
8439435ffffffff,15,0
84395c9ffffffff,55,19
8418623ffffffff,18,0
841862bffffffff,77,0
8418605ffffffff,69,0
84195e1ffffffff,28,0
84195e7ffffffff,6,0
841fa4dffffffff,25,0
841fb57ffffffff,18,0
841fb51ffffffff,39,0
841f853ffffffff,58,0
841f85bffffffff,54,0
8419559ffffffff,22,0
843f615ffffffff,23,0
843f639ffffffff,35,0
843f63bffffffff,14,0
8434669ffffffff,56,1
8434645ffffffff,0,6
843466bffffffff,48,5
8434647ffffffff,5,0
8412da5ffffffff,227,0
841ea9dffffffff,54,0
841ea8bffffffff,59,0
842b1e3ffffffff,34,0
8408b69ffffffff,5,0
841f25bffffffff,39,0
841f253ffffffff,35,0
840bb57ffffffff,67,1
840bb1dffffffff,121,0
840bb0bffffffff,50,0
840bb63ffffffff,35,0
840bb29ffffffff,9,24
840bb2dffffffff,0,12
840b959ffffffff,39,0
840b951ffffffff,82,0
840ba29ffffffff,16,0
840ba2dffffffff,6,0
840ba21ffffffff,35,0
840ba25ffffffff,10,0
840ba27ffffffff,29,0
840bb1bffffffff,14,0
840b84dffffffff,11,0
8421491ffffffff,28,0
8421497ffffffff,27,5
840bb4bffffffff,33,10
840bb43ffffffff,18,0
8425401ffffffff,0,8
842540dffffffff,15,14
840b82bffffffff,4,0
840b807ffffffff,4,0
840b805ffffffff,25,0
840b801ffffffff,36,0
840b809ffffffff,83,0
840b843ffffffff,41,0
842c605ffffffff,23,13
8414d65ffffffff,51,0
8414d6dffffffff,47,0
8414897ffffffff,14,0
840b9e7ffffffff,5,0
840bb11ffffffff,47,0
840bb13ffffffff,44,0
840b845ffffffff,20,0
8425713ffffffff,50,28
842571bffffffff,2,2
8426f15ffffffff,128,0
8426ed1ffffffff,4,0
8427511ffffffff,25,0
8427515ffffffff,48,0
8426321ffffffff,46,0
8428aabffffffff,3,0
8428aa9ffffffff,39,0
8428ae7ffffffff,75,0
842885bffffffff,23,0
8428ae5ffffffff,30,0
8426de9ffffffff,44,0
8426dc5ffffffff,32,0
8412ad9ffffffff,27,0
84121e5ffffffff,27,0
8412adbffffffff,4,0
84121e7ffffffff,39,0
84121a9ffffffff,49,0
84125b5ffffffff,13,0
84125a3ffffffff,45,0
84125a1ffffffff,28,0
84125a5ffffffff,35,0
8448917ffffffff,37,0
84bb29bffffffff,111,0
84da807ffffffff,73,0
84da82bffffffff,73,0
8410f39ffffffff,0,38
8410f15ffffffff,0,62
840b85dffffffff,35,0
840ba37ffffffff,14,0
842ed33ffffffff,2,0
842ed37ffffffff,21,0
842ed31ffffffff,22,0
842ed3dffffffff,31,0
842ed2bffffffff,31,0
842ed29ffffffff,14,0
842da2dffffffff,7,0
842da67ffffffff,21,21
842da63ffffffff,31,17
842da0dffffffff,14,10
843d101ffffffff,40,0
843d10bffffffff,24,0
843d155ffffffff,33,0
8453637ffffffff,24,0
8453635ffffffff,52,3
8453449ffffffff,35,0
845344dffffffff,36,0
841e055ffffffff,34,0
841e043ffffffff,32,0
842e64dffffffff,2,0
8427a37ffffffff,6,0
8427a35ffffffff,37,0
8427849ffffffff,27,0
8427a23ffffffff,6,0
8427a27ffffffff,42,0
849d437ffffffff,26,0
849d5d9ffffffff,67,0
84b9acbffffffff,4,0
84b9ac9ffffffff,50,0
84b9123ffffffff,67,0
8445889ffffffff,11,0
842edc1ffffffff,2,0
842edcdffffffff,33,0
842ed13ffffffff,49,0
842ed17ffffffff,33,0
842ed15ffffffff,4,0
842ec25ffffffff,5,0
842ec21ffffffff,31,0
842ec23ffffffff,90,0
842ec35ffffffff,68,0
842ec27ffffffff,12,0
842ec31ffffffff,31,0
8465055ffffffff,115,0
8465229ffffffff,84,0
84b981dffffffff,0,7
84b9857ffffffff,18,26
84b9851ffffffff,19,0
84b985dffffffff,30,0
84be451ffffffff,32,0
84be457ffffffff,36,0
84be419ffffffff,29,0
84be411ffffffff,2,0
848c9d3ffffffff,25,0
848c9d1ffffffff,27,0
848c9d9ffffffff,50,10
848c837ffffffff,43,0
842c017ffffffff,112,2
8442601ffffffff,0,11
842c015ffffffff,72,0
8494a55ffffffff,20,3
8494a1dffffffff,16,0
8494a0bffffffff,20,0
842ce57ffffffff,26,0
842ce55ffffffff,37,0
842ce4bffffffff,36,0
842c01dffffffff,93,0
842c043ffffffff,10,1
8465269ffffffff,59,0
846526dffffffff,23,0
848c997ffffffff,14,0
8465357ffffffff,17,0
8465353ffffffff,46,0
846522dffffffff,37,0
8428d07ffffffff,9,0
8428d2bffffffff,15,0
8428d05ffffffff,13,0
8465303ffffffff,18,0
8465301ffffffff,30,0
84695ddffffffff,22,0
84695c3ffffffff,42,0
84695c7ffffffff,38,0
848d9c1ffffffff,20,0
848d9cdffffffff,27,0
848d827ffffffff,32,0
848d825ffffffff,30,0
848d821ffffffff,9,0
848d9cbffffffff,26,0
848d9c3ffffffff,16,0
8465243ffffffff,8,0
846520bffffffff,45,0
8426887ffffffff,22,0
84268bdffffffff,34,0
842ee4dffffffff,10,0
842e0a7ffffffff,39,0
842e0a3ffffffff,40,0
842e0bdffffffff,28,0
842e0cbffffffff,81,0
848d9ebffffffff,27,0
848ca47ffffffff,82,0
848ca6bffffffff,37,0
848ca69ffffffff,49,1
848d953ffffffff,21,0
848d957ffffffff,24,14
848d91dffffffff,0,12
848dab7ffffffff,45,0
848d8ddffffffff,33,0
848ca1bffffffff,1,0
848d889ffffffff,4,0
848c123ffffffff,31,0
8465285ffffffff,40,0
846528dffffffff,30,0
84652ebffffffff,36,0
84652c5ffffffff,2,0
8428349ffffffff,17,0
844b82dffffffff,22,0
84bb707ffffffff,46,0
84bb701ffffffff,32,0
84bb2bbffffffff,259,4
84b2dd9ffffffff,4,0
84b2c37ffffffff,23,0
84b2c33ffffffff,6,0
84b2c31ffffffff,38,0
84b2c39ffffffff,40,0
84b2c03ffffffff,10,0
84c2e13ffffffff,25,0
84c2ec5ffffffff,29,0
84c2ec1ffffffff,36,0
84c2ec3ffffffff,24,0
84c2d91ffffffff,0,29
84c2d99ffffffff,0,4
84c2d9bffffffff,0,20
84c2ca5ffffffff,0,18
84c2ca7ffffffff,0,14
84c2ca1ffffffff,5,26
84ceaa7ffffffff,14,0
84ce8cdffffffff,35,2
84ce8c5ffffffff,12,0
84ce8ebffffffff,0,14
8428851ffffffff,43,0
84289ebffffffff,25,0
844858dffffffff,35,0
8429867ffffffff,37,0
8429953ffffffff,31,0
8448d9bffffffff,28,0
8428d45ffffffff,2,0
8426f17ffffffff,32,0
8428903ffffffff,17,0
842891dffffffff,33,0
842891bffffffff,70,0
842a999ffffffff,8,0
842a9d9ffffffff,2,0
842a9ddffffffff,28,0
8426b5dffffffff,2,0
8426913ffffffff,19,0
8426903ffffffff,46,0
8426435ffffffff,42,0
84270b3ffffffff,20,0
842625bffffffff,27,0
8426c5bffffffff,99,0
8426325ffffffff,35,0
842789bffffffff,38,0
84446b5ffffffff,60,0
84444cbffffffff,61,0
8429907ffffffff,58,0
8429903ffffffff,49,0
844882bffffffff,32,0
8448823ffffffff,87,0
84289ddffffffff,9,0
84289d9ffffffff,9,0
8426ac7ffffffff,49,0
8426ac5ffffffff,3,0
8426667ffffffff,131,0
84288e3ffffffff,57,0
8426cc7ffffffff,42,0
8448943ffffffff,16,0
844894bffffffff,29,0
8448b35ffffffff,44,0
8448b23ffffffff,49,0
8426a69ffffffff,24,0
8427997ffffffff,41,0
8427995ffffffff,42,0
8427983ffffffff,14,0
8426aadffffffff,53,0
8426859ffffffff,9,0
8426e01ffffffff,46,0
8428165ffffffff,17,0
8426db3ffffffff,1,0
8426db7ffffffff,82,0
84445cdffffffff,32,0
8427aa1ffffffff,34,0
8427aadffffffff,49,0
84262e3ffffffff,78,0
8428b45ffffffff,22,0
842600dffffffff,43,0
84274e5ffffffff,15,0
84268a9ffffffff,64,0
8426e91ffffffff,30,0
848e6c9ffffffff,34,0
848e6cdffffffff,52,0
848e61bffffffff,18,0
848e6d5ffffffff,13,0
848e6c3ffffffff,46,0
848e6c7ffffffff,44,0
848e6c5ffffffff,18,0
8466b29ffffffff,30,0
8466b2bffffffff,42,0
8466b3dffffffff,24,0
8466b35ffffffff,20,0
846619bffffffff,2,0
8466193ffffffff,14,24
8466e69ffffffff,6,25
8466e63ffffffff,16,0
844b097ffffffff,10,14
844b0bbffffffff,14,14
842f4a3ffffffff,32,0
844a269ffffffff,46,0
84445e1ffffffff,38,0
84445e7ffffffff,83,0
8444ed9ffffffff,48,22
8426105ffffffff,19,0
8449953ffffffff,80,10
8449b31ffffffff,29,0
8449b3dffffffff,28,0
8449b23ffffffff,42,0
84499b7ffffffff,35,0
8448b5dffffffff,21,0
8448927ffffffff,33,0
8448921ffffffff,34,0
844892bffffffff,43,0
8448905ffffffff,1,0
84456cdffffffff,30,0
8449927ffffffff,27,0
8449925ffffffff,25,0
841ea2bffffffff,19,0
841ea29ffffffff,44,0
841ea63ffffffff,58,0
84a788bffffffff,18,0
84a78d5ffffffff,32,0
84a78ddffffffff,30,0
84a78cbffffffff,2,0
844b66bffffffff,58,0
844b56dffffffff,21,0
844a261ffffffff,40,0
842e61dffffffff,19,0
84384dbffffffff,69,0
84384d9ffffffff,85,0
842b213ffffffff,22,0
842b21bffffffff,37,0
841ab65ffffffff,48,0
841ab61ffffffff,14,0
846844dffffffff,63,0
8468637ffffffff,32,0
8468633ffffffff,68,0
84686edffffffff,20,0
846863bffffffff,38,0
8468615ffffffff,62,0
8468603ffffffff,17,0
84b9ac5ffffffff,9,0
84b9aebffffffff,39,0
84b9ae3ffffffff,40,0
84b9aa9ffffffff,33,0
8427119ffffffff,18,0
84485b7ffffffff,88,0
84281bdffffffff,58,0
842c6b7ffffffff,13,0
842c4c9ffffffff,40,0
842c4cdffffffff,22,0
842d1c7ffffffff,0,12
843f681ffffffff,68,0
843f68bffffffff,48,0
841eac3ffffffff,26,0
841ea89ffffffff,22,0
843e409ffffffff,0,5
84411c9ffffffff,52,0
843e41dffffffff,35,12
843e413ffffffff,0,11
8453495ffffffff,0,17
8453493ffffffff,4,25
8443b51ffffffff,8,13
8460a9bffffffff,37,0
84601a5ffffffff,38,0
84439d5ffffffff,0,12
84439ddffffffff,0,31
84439cbffffffff,0,26
8443823ffffffff,19,0
844382bffffffff,2,0
8453491ffffffff,0,8
8453497ffffffff,0,15
8443b5dffffffff,4,27
8442cb3ffffffff,23,0
84609a7ffffffff,21,0
84609a5ffffffff,35,0
843d92dffffffff,29,0
843d925ffffffff,13,0
844380bffffffff,35,0
841eda5ffffffff,8,0
843f2d3ffffffff,43,0
843f2dbffffffff,32,0
843f2d9ffffffff,34,0
841ed33ffffffff,12,0
844381dffffffff,34,0
8494585ffffffff,48,0
84218b3ffffffff,0,2
8420a59ffffffff,0,12
842131bffffffff,19,0
840b823ffffffff,14,0
840b9c9ffffffff,31,0
840b9cdffffffff,30,0
840b9c1ffffffff,1,0
840b9c5ffffffff,40,0
840b9ebffffffff,5,0
8444a3dffffffff,1,0
842609bffffffff,125,0
8426727ffffffff,141,0
8444655ffffffff,6,0
8444609ffffffff,78,0
8444643ffffffff,21,0
8444647ffffffff,93,0
8444641ffffffff,12,0
8444645ffffffff,61,23
844898bffffffff,104,0
8426527ffffffff,10,0
8444c95ffffffff,23,0
8426de5ffffffff,37,0
8426d33ffffffff,28,0
8428a19ffffffff,36,0
8426b2bffffffff,33,0
8426b21ffffffff,56,0
8428a9bffffffff,40,0
8444d31ffffffff,43,0
842650dffffffff,181,0
8426509ffffffff,100,0
8428ab5ffffffff,24,0
8428ab7ffffffff,26,0
8428f65ffffffff,101,0
8426597ffffffff,45,0
8444597ffffffff,89,0
8444417ffffffff,27,0
8444413ffffffff,50,0
8444411ffffffff,66,0
8426993ffffffff,37,0
842825bffffffff,11,0
8429565ffffffff,22,0
8429567ffffffff,17,0
8429563ffffffff,4,12
842956bffffffff,23,0
8448c07ffffffff,34,0
8444cc7ffffffff,39,0
8448885ffffffff,31,0
8448cadffffffff,38,0
842af65ffffffff,12,0
84448ddffffffff,22,0
84448d5ffffffff,38,0
844488bffffffff,38,0
8444883ffffffff,23,0
84444adffffffff,31,0
84445d3ffffffff,8,0
84445e3ffffffff,34,0
84445a9ffffffff,2,0
8444585ffffffff,31,0
84445bdffffffff,1,0
8444593ffffffff,164,0
8448883ffffffff,90,0
84265c9ffffffff,40,0
84265cdffffffff,42,0
8426e65ffffffff,17,0
8426e67ffffffff,45,0
8426e61ffffffff,25,0
8426e63ffffffff,69,0
8426d17ffffffff,42,0
844ce61ffffffff,11,0
842af21ffffffff,52,0
8426cedffffffff,32,0
8426957ffffffff,23,0
8426909ffffffff,83,0
84488e7ffffffff,20,0
8426935ffffffff,8,0
84299edffffffff,49,0
8429b2bffffffff,60,0
842ad57ffffffff,22,0
842ad3bffffffff,25,0
84448cbffffffff,12,0
8444ab7ffffffff,40,0
84288a5ffffffff,46,0
84265a7ffffffff,23,0
84298cdffffffff,37,0
84298c1ffffffff,15,0
8429ab7ffffffff,93,0
84489d5ffffffff,16,0
8426c67ffffffff,27,0
8448c69ffffffff,28,0
8444ed5ffffffff,48,0
8429b09ffffffff,49,0
8429b0dffffffff,8,0
842644bffffffff,36,0
84299c1ffffffff,39,0
84299cdffffffff,34,0
8448c97ffffffff,26,0
8426151ffffffff,6,0
8426155ffffffff,22,0
8426147ffffffff,43,0
84299e9ffffffff,37,0
8426095ffffffff,27,0
8444255ffffffff,2,0
844421dffffffff,30,0
8444219ffffffff,27,7
844421bffffffff,5,15
8429921ffffffff,12,0
842609dffffffff,25,0
84290a3ffffffff,15,0
8428249ffffffff,30,0
8428359ffffffff,16,0
845d14bffffffff,72,0
8444c3bffffffff,2,0
84260d7ffffffff,53,0
8448dc1ffffffff,2,0
84268edffffffff,17,0
8426585ffffffff,33,0
8427889ffffffff,38,0
842788bffffffff,28,0
84278d7ffffffff,42,0
8427899ffffffff,13,0
8428a8bffffffff,22,0
8428a89ffffffff,24,0
8448f27ffffffff,45,0
8426d69ffffffff,17,0
842603dffffffff,16,0
8448899ffffffff,17,0
844889dffffffff,44,0
8448881ffffffff,31,0
8448993ffffffff,7,0
8426d83ffffffff,19,0
84441b7ffffffff,40,0
844408bffffffff,18,0
8448cc5ffffffff,35,0
8448c13ffffffff,40,0
8448c11ffffffff,16,0
8448c15ffffffff,20,0
8428b05ffffffff,29,0
8426d3bffffffff,20,0
8426d31ffffffff,34,0
8426d3dffffffff,82,0
8426d23ffffffff,41,0
842690bffffffff,28,0
84268dbffffffff,56,0
8426589ffffffff,66,0
842658dffffffff,53,0
84262d9ffffffff,39,0
84275e7ffffffff,36,0
8448c45ffffffff,1,0
8426195ffffffff,121,0
84261bbffffffff,71,0
8428ae3ffffffff,37,0
8428a85ffffffff,33,0
8444ed1ffffffff,30,0
8428921ffffffff,71,0
842892dffffffff,7,0
8426559ffffffff,69,0
842655dffffffff,53,0
842c0bbffffffff,6,1
8439823ffffffff,5,0
84399c9ffffffff,31,0
84399cdffffffff,18,19
8439913ffffffff,38,0
8439917ffffffff,6,0
841fb0dffffffff,35,0
841fb63ffffffff,25,0
841fb29ffffffff,40,0
841fb21ffffffff,21,0
841fb05ffffffff,38,0
841fb2bffffffff,34,0
841fb23ffffffff,34,0
849c201ffffffff,49,0
849c20bffffffff,134,0
841f0ebffffffff,8,0
841f0e3ffffffff,36,0
841f0a9ffffffff,35,0
841f0a1ffffffff,26,1
841f0a3ffffffff,15,0
841ec01ffffffff,73,0
841e31dffffffff,41,0
841e30bffffffff,74,0
841e355ffffffff,59,0
841e343ffffffff,32,0
841e199ffffffff,34,0
8408953ffffffff,0,3
8408951ffffffff,0,30
8408955ffffffff,0,32
8408943ffffffff,0,23
8408947ffffffff,0,22
841ec2dffffffff,60,0
841ed5bffffffff,22,0
841ec35ffffffff,4,0
841ef49ffffffff,76,0
841ef43ffffffff,103,0
841ef0bffffffff,27,0
841edb3ffffffff,26,0
843f66dffffffff,41,0
843f661ffffffff,54,12
841e02dffffffff,30,0
841e15bffffffff,47,0
841e065ffffffff,42,0
841e321ffffffff,39,0
841ec47ffffffff,31,0
841ec0dffffffff,50,0
841ec07ffffffff,24,0
841f899ffffffff,19,0
841e335ffffffff,16,0
841e337ffffffff,26,0
841e15dffffffff,31,0
841e151ffffffff,52,0
841edc3ffffffff,18,0
841e1c5ffffffff,21,0
841e18dffffffff,26,0
841e187ffffffff,40,0
841e315ffffffff,28,0
841ef15ffffffff,29,0
843f6c3ffffffff,17,0
8448d1dffffffff,7,0
8448c2dffffffff,52,0
8454addffffffff,19,0
843f637ffffffff,22,0
841e503ffffffff,23,0
841e507ffffffff,39,0
8460883ffffffff,50,0
8428b1dffffffff,194,0
841e1e9ffffffff,26,0
8448b6bffffffff,5,0
8448b69ffffffff,53,7
8445693ffffffff,3,0
844569dffffffff,6,0
846d759ffffffff,47,0
846d66dffffffff,11,0
846d661ffffffff,16,0
846d769ffffffff,147,0
846d297ffffffff,102,0
8449955ffffffff,129,0
8449909ffffffff,62,0
8448f3bffffffff,3,0
846d295ffffffff,38,0
846d283ffffffff,32,0
846d745ffffffff,12,0
846d293ffffffff,80,0
846d291ffffffff,37,0
842ad55ffffffff,71,0
84a8f4bffffffff,16,0
84a8f43ffffffff,41,0
84a8f55ffffffff,24,0
84a8f0bffffffff,36,0
84a804dffffffff,4,0
84a833dffffffff,20,0
84a8323ffffffff,14,3
84a8335ffffffff,8,0
84a8149ffffffff,34,0
84a8141ffffffff,41,0
84a8147ffffffff,1,0
84a90c5ffffffff,9,0
84a8111ffffffff,55,0
84a8139ffffffff,224,0
84a815bffffffff,71,0
8480101ffffffff,42,0
8480105ffffffff,36,0
8480107ffffffff,32,0
84a8ac5ffffffff,6,0
84811a1ffffffff,1,0
84811abffffffff,29,0
84811a9ffffffff,13,0
8481185ffffffff,26,0
84811e3ffffffff,16,0
84811ebffffffff,13,0
84a8185ffffffff,42,0
84a8187ffffffff,9,0
848bb37ffffffff,15,0
848bb31ffffffff,33,0
848bb3dffffffff,41,0
848bb2bffffffff,46,0
84a8a35ffffffff,49,0
84a8a31ffffffff,48,0
84a8dcdffffffff,4,15
84a80e3ffffffff,24,0
84a808dffffffff,48,0
84a8081ffffffff,3,0
84a8089ffffffff,23,0
84a808bffffffff,23,0
84a8d35ffffffff,32,0
84812c9ffffffff,25,0
84a8acbffffffff,32,0
84a9195ffffffff,7,0
84a91b9ffffffff,14,0
84a91bbffffffff,11,0
84a91b1ffffffff,31,0
84a81e7ffffffff,23,0
84a81a9ffffffff,28,0
84a81a1ffffffff,34,0
84a81a3ffffffff,29,0
84a8f49ffffffff,7,0
84a8183ffffffff,44,0
84a8181ffffffff,47,0
84a8a9dffffffff,12,0
84a8ad7ffffffff,10,0
84a8847ffffffff,28,0
84a8841ffffffff,45,0
84a8113ffffffff,44,0
84a8f45ffffffff,38,0
84a8a93ffffffff,23,0
8480111ffffffff,35,0
8480117ffffffff,39,0
84801edffffffff,39,0
84801e5ffffffff,8,0
84344abffffffff,3,0
84344bdffffffff,15,4
84344a3ffffffff,13,7
84344b5ffffffff,21,10
8455a49ffffffff,0,5
8455a4bffffffff,42,33
8480a0bffffffff,16,0
8480a03ffffffff,69,0
8434685ffffffff,40,0
84346abffffffff,40,0
8481985ffffffff,18,0
84819abffffffff,31,0
84819a7ffffffff,13,0
8480b49ffffffff,11,0
84c2e37ffffffff,17,0
842a191ffffffff,33,0
842a197ffffffff,1,0
842a193ffffffff,24,0
842ae69ffffffff,19,0
842ae45ffffffff,13,0
842ae6bffffffff,18,0
842ae0dffffffff,6,0
84a908dffffffff,33,0
84a9085ffffffff,30,0
84a90a9ffffffff,11,0
84a90abffffffff,16,0
84a90a1ffffffff,28,0
84a90a7ffffffff,3,0
8481855ffffffff,4,0
8481807ffffffff,11,0
84819d9ffffffff,16,0
8481837ffffffff,50,0
8481831ffffffff,55,0
8435693ffffffff,43,0
8439a4bffffffff,30,0
8481997ffffffff,24,0
84819d3ffffffff,11,0
8480aa9ffffffff,7,0
8480ae3ffffffff,44,0
8480a8dffffffff,13,0
8480aebffffffff,7,0
8439337ffffffff,87,0
8481aa9ffffffff,38,0
8481ae3ffffffff,19,0
843914bffffffff,49,0
8480843ffffffff,3,0
8480809ffffffff,37,0
84a91dbffffffff,3,0
84a90e7ffffffff,35,0
84a90e1ffffffff,45,0
8454139ffffffff,2,0
8454131ffffffff,43,0
8454137ffffffff,41,0
8454ad9ffffffff,15,0
8454ad1ffffffff,4,0
8455a43ffffffff,16,0
8434247ffffffff,28,0
843426bffffffff,15,0
8434263ffffffff,0,55
8434267ffffffff,0,2
842a249ffffffff,2,0
842a241ffffffff,46,0
841ab21ffffffff,10,0
841ab2bffffffff,48,0
841ab39ffffffff,32,0
841ab15ffffffff,26,0
842a04dffffffff,35,0
842a049ffffffff,32,0
842a223ffffffff,22,0
842a235ffffffff,2,0
842a23dffffffff,30,0
842a085ffffffff,24,0
842a0a9ffffffff,34,0
842a0a1ffffffff,17,0
841ab67ffffffff,40,0
842b2c9ffffffff,3,0
842b23bffffffff,29,0
842b215ffffffff,26,0
842b211ffffffff,33,0
842b219ffffffff,5,0
842b707ffffffff,4,0
842b73dffffffff,38,0
842b723ffffffff,30,3
842b549ffffffff,46,0
8439159ffffffff,16,0
8439151ffffffff,49,0
8439157ffffffff,45,0
843911dffffffff,11,0
8455a0dffffffff,8,0
8455a01ffffffff,17,0
843960bffffffff,34,0
843961dffffffff,23,0
8439619ffffffff,38,0
841f925ffffffff,15,0
84382c5ffffffff,34,0
84382c7ffffffff,35,0
84382d5ffffffff,19,0
843828bffffffff,5,0
8438301ffffffff,19,0
8438363ffffffff,35,0
843f08bffffffff,31,0
843f089ffffffff,42,0
843f0c7ffffffff,19,0
843f54bffffffff,36,0
840899dffffffff,25,0
8408995ffffffff,41,0
8408997ffffffff,55,0
842d4dbffffffff,0,4
842d4d3ffffffff,0,7
842c1e3ffffffff,0,1
842c1a3ffffffff,22,1
8420139ffffffff,25,0
8448959ffffffff,5,0
8448b33ffffffff,57,0
8435459ffffffff,3,0
84356e5ffffffff,32,0
84356edffffffff,32,0
84356e9ffffffff,25,0
8435613ffffffff,24,0
84945edffffffff,2,0
8494517ffffffff,34,0
8494515ffffffff,37,0
848c9dbffffffff,18,23
848c833ffffffff,39,8
848c83bffffffff,4,1
84681c3ffffffff,31,0
84681c1ffffffff,18,0
8468151ffffffff,25,0
846815dffffffff,6,0
8468155ffffffff,18,0
8468143ffffffff,32,0
8465ab9ffffffff,15,0
8465abdffffffff,37,0
8465025ffffffff,12,0
84651c5ffffffff,13,28
8469ae1ffffffff,3,0
8469ae9ffffffff,17,0
8469aebffffffff,5,0
8469ac5ffffffff,30,0
842c233ffffffff,10,8
843cd63ffffffff,43,0
843cd05ffffffff,1,0
843cd29ffffffff,23,0
843cd2bffffffff,41,0
843cd23ffffffff,13,0
842d1b5ffffffff,0,18
842d317ffffffff,0,9
842d06dffffffff,0,14
84272b5ffffffff,16,0
84272b9ffffffff,40,0
8427295ffffffff,33,0
842729dffffffff,4,0
84a90c3ffffffff,19,0
84a90cbffffffff,28,0
84a92b7ffffffff,27,0
84a92b1ffffffff,36,0
84a92b9ffffffff,11,0
842d355ffffffff,29,28
842d23dffffffff,30,0
842d231ffffffff,35,0
842d233ffffffff,32,0
842d059ffffffff,5,14
8461a29ffffffff,18,12
8461a2bffffffff,16,1
8461a23ffffffff,1,0
841ee53ffffffff,43,0
841ee5bffffffff,30,0
841ee33ffffffff,5,0
841ec5bffffffff,30,0
842c041ffffffff,4,0
842d30bffffffff,12,28
842d303ffffffff,25,4
846500bffffffff,2,0
8454ac3ffffffff,6,0
8454a89ffffffff,54,0
8454a81ffffffff,74,0
8454a87ffffffff,73,0
8454abdffffffff,35,0
843f685ffffffff,52,0
841ec41ffffffff,32,0
842c203ffffffff,0,11
842c239ffffffff,2,50
842c23bffffffff,78,0
842c011ffffffff,39,1
842c0c5ffffffff,0,56
843f215ffffffff,16,0
843f239ffffffff,47,0
843f23dffffffff,46,0
843f223ffffffff,12,0
8438621ffffffff,1,0
84384c3ffffffff,5,0
84384ddffffffff,41,0
842c019ffffffff,99,0
842c053ffffffff,102,0
842c059ffffffff,35,0
843f4b9ffffffff,8,0
843f481ffffffff,42,0
841f511ffffffff,0,12
841f559ffffffff,1,11
841e0cbffffffff,15,0
841e0c1ffffffff,20,0
841e0c3ffffffff,14,0
841e089ffffffff,32,0
841e081ffffffff,63,0
841f809ffffffff,19,0
841f803ffffffff,33,0
841f815ffffffff,32,0
841f817ffffffff,16,0
841e1a1ffffffff,6,0
841e1a3ffffffff,6,0
841ef4bffffffff,70,0
841ef5dffffffff,17,0
84385dbffffffff,9,0
84384e7ffffffff,38,0
84384e3ffffffff,36,0
84384ebffffffff,6,0
843848dffffffff,24,0
84384c7ffffffff,8,0
8411a23ffffffff,0,1
841ee21ffffffff,18,0
841ee2dffffffff,74,0
841e359ffffffff,40,0
841f1b7ffffffff,18,0
841f1b3ffffffff,6,0
841f1b1ffffffff,32,0
841f1b9ffffffff,25,0
842d349ffffffff,11,0
842d341ffffffff,40,0
842d345ffffffff,137,0
842d369ffffffff,162,0
842c847ffffffff,13,12
842c829ffffffff,3,0
842cf49ffffffff,15,0
8438697ffffffff,25,0
8438695ffffffff,51,0
84386b9ffffffff,6,0
8438683ffffffff,33,0
8438687ffffffff,6,0
841ed23ffffffff,24,0
841ed27ffffffff,41,0
841ed25ffffffff,36,0
843f21bffffffff,4,0
843f219ffffffff,26,0
843f65bffffffff,6,0
842d36dffffffff,105,0
843f61bffffffff,4,0
8442e4dffffffff,4,37
8442e45ffffffff,0,32
8442e47ffffffff,0,31
8442e0dffffffff,0,17
841e9bbffffffff,25,0
841e997ffffffff,25,0
843f245ffffffff,26,0
843f247ffffffff,4,0
842d067ffffffff,0,6
842d02dffffffff,0,24
842d025ffffffff,0,29
841e087ffffffff,66,0
842d029ffffffff,0,8
841e0b1ffffffff,40,0
841e2ddffffffff,17,0
84026b3ffffffff,12,0
8402691ffffffff,6,0
8402699ffffffff,20,0
841f889ffffffff,36,0
841f88bffffffff,23,0
841ee2bffffffff,24,0
841ed39ffffffff,27,0
841ed15ffffffff,39,0
841ed13ffffffff,28,0
8419485ffffffff,34,0
8419481ffffffff,17,0
846d695ffffffff,121,0
841352bffffffff,52,0
84270b5ffffffff,45,0
84270a3ffffffff,11,0
849480bffffffff,92,0
84be40bffffffff,72,0
843e635ffffffff,60,0
842c2d9ffffffff,0,22
842c2dbffffffff,0,18
842d34bffffffff,31,0
8411369ffffffff,0,24
843f655ffffffff,114,0
84288ebffffffff,33,0
8428b57ffffffff,102,0
8428139ffffffff,17,0
84659e1ffffffff,28,4
84659edffffffff,0,5
846588bffffffff,6,0
84658b3ffffffff,26,0
848ca43ffffffff,30,0
848ca45ffffffff,27,0
840d5ebffffffff,41,0
840d5c5ffffffff,44,0
840d513ffffffff,33,0
8468ac1ffffffff,24,0
8468ac5ffffffff,37,0
844da01ffffffff,22,0
8434637ffffffff,8,0
8434459ffffffff,33,0
8434451ffffffff,43,0
8434457ffffffff,28,0
8434419ffffffff,9,0
8439323ffffffff,16,0
843933dffffffff,31,0
8439307ffffffff,27,0
8439303ffffffff,66,0
843931dffffffff,35,0
841ee47ffffffff,33,0
841ee41ffffffff,20,0
841ee4dffffffff,16,0
841ec3dffffffff,35,0
841ec2bffffffff,27,0
841ec05ffffffff,44,0
841f957ffffffff,6,0
841f951ffffffff,38,0
841f959ffffffff,30,0
841fb33ffffffff,11,0
841e1bbffffffff,12,0
84194c5ffffffff,53,0
841ead3ffffffff,27,0
841eadbffffffff,36,0
841ead7ffffffff,28,0
8419617ffffffff,23,0
841963bffffffff,36,0
8419631ffffffff,33,0
8419635ffffffff,22,0
841eabdffffffff,13,0
841ea85ffffffff,45,0
841ea8dffffffff,6,0
841eae3ffffffff,21,0
841eaebffffffff,2,0
841e133ffffffff,8,0
841e131ffffffff,41,0
841e13dffffffff,9,0
841e107ffffffff,43,0
841e105ffffffff,2,0
8439a61ffffffff,22,0
8439a6bffffffff,27,0
84195bbffffffff,21,0
84195b1ffffffff,92,0
8439311ffffffff,1,0
841fa27ffffffff,25,0
841fa21ffffffff,28,0
841ef69ffffffff,33,0
841e16bffffffff,28,0
841f893ffffffff,29,0
841f891ffffffff,25,0
841ea43ffffffff,23,0
841859bffffffff,37,0
84184a5ffffffff,38,0
84184adffffffff,24,0
841fa15ffffffff,90,0
8418717ffffffff,8,0
8418713ffffffff,12,0
8418711ffffffff,39,0
8418719ffffffff,38,0
841ed57ffffffff,30,0
841e167ffffffff,30,0
8439063ffffffff,15,0
843900dffffffff,39,0
8439009ffffffff,31,0
8439401ffffffff,12,0
8439405ffffffff,33,0
8439407ffffffff,9,0
843942bffffffff,38,0
843943dffffffff,12,0
841faa5ffffffff,41,0
841f859ffffffff,6,0
8418663ffffffff,14,0
841866bffffffff,18,0
8419599ffffffff,54,0
8418553ffffffff,1,0
8418551ffffffff,27,0
8418559ffffffff,41,0
8418733ffffffff,33,0
8418731ffffffff,19,0
8439357ffffffff,37,0
8439353ffffffff,30,0
8439321ffffffff,43,0
843932bffffffff,28,0
8439305ffffffff,38,0
8439301ffffffff,12,0
8419591ffffffff,29,0
8439b29ffffffff,11,0
8439b2bffffffff,8,0
8439b05ffffffff,35,0
8439b01ffffffff,38,0
8439b0bffffffff,29,0
841ef55ffffffff,37,0
848bb29ffffffff,43,0
848bb67ffffffff,41,0
84a8e6bffffffff,1,0
84a8e47ffffffff,36,0
84a8e09ffffffff,38,4
84a8e0bffffffff,0,41
84a8e1dffffffff,0,1
8466105ffffffff,10,0
8466101ffffffff,25,0
8466103ffffffff,42,0
846611dffffffff,5,0
8466115ffffffff,28,0
8466111ffffffff,11,0
84391ddffffffff,22,0
8439033ffffffff,3,0
84390edffffffff,20,0
84194d7ffffffff,40,0
842b35dffffffff,28,0
841b925ffffffff,15,0
8444a47ffffffff,50,0
8441025ffffffff,6,0
8441027ffffffff,37,0
841ee51ffffffff,32,0
8464a21ffffffff,34,0
8464a27ffffffff,44,0
846484dffffffff,31,0
8464b13ffffffff,18,0
841e153ffffffff,29,0
841e117ffffffff,2,0
8439743ffffffff,28,0
8439755ffffffff,9,0
843975dffffffff,23,0
8439751ffffffff,20,0
8439759ffffffff,7,0
841954dffffffff,30,0
841ee6dffffffff,16,0
841ee65ffffffff,41,0
843f657ffffffff,56,0
843f61dffffffff,37,0
843f611ffffffff,18,0
8430c3bffffffff,33,0
8430c39ffffffff,39,0
8430183ffffffff,0,5
842a119ffffffff,8,0
84454d5ffffffff,27,0
8445495ffffffff,19,0
84532cbffffffff,13,0
84532ddffffffff,25,0
842c337ffffffff,16,37
842c15dffffffff,0,69
842c155ffffffff,0,35
842c10bffffffff,0,27
842c101ffffffff,0,6
8442351ffffffff,12,0
844234bffffffff,30,0
84431b5ffffffff,1,0
8460235ffffffff,36,0
846004bffffffff,24,0
846005dffffffff,33,0
8460055ffffffff,8,0
8442243ffffffff,0,5
842d04dffffffff,92,47
842d045ffffffff,9,64
842d047ffffffff,0,35
842d06bffffffff,0,20
842d00dffffffff,0,43
842d005ffffffff,0,11
842c969ffffffff,32,0
84532dbffffffff,32,0
8467147ffffffff,4,0
8467145ffffffff,35,0
84431c9ffffffff,19,0
8443035ffffffff,24,0
844303dffffffff,30,0
842d229ffffffff,10,0
842d22bffffffff,4,0
842d221ffffffff,61,0
842d227ffffffff,85,0
842d26bffffffff,0,34
841ecc7ffffffff,0,3
841835dffffffff,23,3
8418359ffffffff,7,0
841835bffffffff,8,0
842d041ffffffff,0,1
8443aabffffffff,51,0
8442361ffffffff,13,0
8442363ffffffff,38,0
8442305ffffffff,27,0
844232bffffffff,52,0
844233dffffffff,54,0
8443ab5ffffffff,57,0
8442331ffffffff,35,0
8442337ffffffff,41,0
8442333ffffffff,8,0
8442159ffffffff,37,0
842c309ffffffff,0,11
842c301ffffffff,0,34
842c303ffffffff,0,3
842c307ffffffff,0,26
842c339ffffffff,0,19
842c33dffffffff,32,10
842c331ffffffff,10,18
846099bffffffff,23,0
8442027ffffffff,8,0
84421c1ffffffff,39,0
84421c3ffffffff,32,0
8442189ffffffff,16,0
8443a8bffffffff,32,0
842c105ffffffff,0,14
842c12bffffffff,0,43
842ca1bffffffff,7,0
842c335ffffffff,10,0
8443aa3ffffffff,1,0
8443aa1ffffffff,72,0
8443805ffffffff,46,0
8442d15ffffffff,21,8
8442d1dffffffff,0,32
846085dffffffff,11,0
8443ae1ffffffff,7,0
8442c45ffffffff,4,31
8442c4dffffffff,0,10
8442f13ffffffff,0,16
8442f1bffffffff,0,30
8442f19ffffffff,0,26
8460aa3ffffffff,31,0
84608c9ffffffff,24,0
84608cbffffffff,34,0
84608c3ffffffff,8,0
8460ad3ffffffff,36,0
8460a99ffffffff,3,0
845364bffffffff,5,0
841ee95ffffffff,9,0
8443ae7ffffffff,3,0
84424c1ffffffff,25,0
847b5e3ffffffff,1,0
847b5e7ffffffff,32,0
847b5adffffffff,28,0
847a2d3ffffffff,29,0
847a2d7ffffffff,13,0
844382dffffffff,19,0
841ee17ffffffff,35,0
841eee9ffffffff,36,0
843f55bffffffff,5,0
843f553ffffffff,3,0
843f42dffffffff,37,0
843f421ffffffff,39,0
843f43dffffffff,5,0
84438a7ffffffff,0,19
842c355ffffffff,19,0
8443a17ffffffff,13,0
8443ae9ffffffff,40,0
8444249ffffffff,78,0
8467951ffffffff,38,0
8467953ffffffff,31,0
8467825ffffffff,36,0
8467827ffffffff,15,0
844545bffffffff,22,0
84456e7ffffffff,29,0
84279adffffffff,23,0
84279abffffffff,27,0
84262e7ffffffff,85,0
8444611ffffffff,3,0
8444617ffffffff,5,0
8448a99ffffffff,19,13
844890dffffffff,22,0
8448909ffffffff,5,0
8427833ffffffff,78,0
841aa15ffffffff,70,0
84260a1ffffffff,82,0
842619bffffffff,46,0
841d249ffffffff,3,0
84139adffffffff,48,0
84139a1ffffffff,13,0
84499cbffffffff,47,37
8445035ffffffff,12,0
84451c9ffffffff,8,0
8445023ffffffff,39,0
8445021ffffffff,36,0
842ab03ffffffff,34,0
845d045ffffffff,18,0
845d041ffffffff,27,0
8426ae5ffffffff,26,0
8426a33ffffffff,27,0
8426a1dffffffff,30,0
8445a33ffffffff,2,0
8445859ffffffff,39,0
8445851ffffffff,40,0
8445857ffffffff,39,0
844581dffffffff,1,0
8444619ffffffff,27,0
84488a5ffffffff,62,0
844b6b3ffffffff,10,0
844b6bbffffffff,36,0
844b6d7ffffffff,3,0
8444181ffffffff,33,0
8445025ffffffff,14,0
845d331ffffffff,41,0
845d33bffffffff,15,0
84288a9ffffffff,6,0
842a9c9ffffffff,6,0
8426a2dffffffff,3,0
8426431ffffffff,28,0
8426191ffffffff,50,0
842b2d3ffffffff,10,0
842b2dbffffffff,29,0
842625dffffffff,31,0
8426d39ffffffff,9,0
84276ddffffffff,46,0
84276cbffffffff,45,0
84276c9ffffffff,15,0
8426a35ffffffff,31,0
8426e6dffffffff,34,0
8429ad9ffffffff,3,0
842892bffffffff,41,0
84489d7ffffffff,63,0
845d315ffffffff,34,0
845d311ffffffff,34,0
842b90dffffffff,42,0
842b963ffffffff,45,0
842b967ffffffff,46,0
842765bffffffff,7,0
8428127ffffffff,3,0
8428125ffffffff,33,0
84291a1ffffffff,27,0
84291adffffffff,24,0
842ab0bffffffff,13,0
842996bffffffff,33,0
8429961ffffffff,7,0
84261cdffffffff,7,0
8426023ffffffff,7,0
8412cebffffffff,61,0
8412ce9ffffffff,55,0
8412c17ffffffff,65,0
8412c15ffffffff,48,0
8444601ffffffff,28,0
844460bffffffff,40,0
8426b3dffffffff,27,0
84276e7ffffffff,9,0
842b239ffffffff,32,0
842b203ffffffff,32,0
844463bffffffff,11,0
8426f25ffffffff,40,0
842b2a7ffffffff,1,0
8412dd5ffffffff,1,0
8412dd7ffffffff,24,0
8412d8bffffffff,24,0
844460dffffffff,1,0
844461dffffffff,18,0
8444615ffffffff,20,0
842a99bffffffff,22,0
842a9dbffffffff,32,0
8445a9dffffffff,13,0
8445a83ffffffff,38,0
8445a81ffffffff,22,0
8445a85ffffffff,38,0
8445aa9ffffffff,10,0
84299d5ffffffff,46,0
842998dffffffff,45,0
84299e3ffffffff,16,0
8412419ffffffff,27,0
8412455ffffffff,25,0
8412409ffffffff,16,0
8426b03ffffffff,36,0
8412ce5ffffffff,66,0
841b9b7ffffffff,1,0
841b9b1ffffffff,46,0
841b9b3ffffffff,5,0
841b9bbffffffff,49,0
842773dffffffff,9,0
8427739ffffffff,34,0
841aa6dffffffff,5,0
841b997ffffffff,26,0
841aa69ffffffff,7,0
841b993ffffffff,25,0
841aa45ffffffff,8,0
841aa4dffffffff,4,0
84448a7ffffffff,22,0
8412c9dffffffff,40,0
8412c95ffffffff,28,0
8412cb9ffffffff,30,0
841b80bffffffff,13,0
841b857ffffffff,33,0
844cf19ffffffff,32,0
844ce25ffffffff,11,0
844cf1bffffffff,12,0
844ce27ffffffff,41,0
842a269ffffffff,2,0
842b193ffffffff,34,0
842b19bffffffff,34,0
842b0a5ffffffff,21,0
844980dffffffff,7,24
8449847ffffffff,9,13
844986bffffffff,37,0
8444e91ffffffff,18,0
8445265ffffffff,33,0
846d641ffffffff,36,0
846d643ffffffff,15,0
842835bffffffff,3,0
8428351ffffffff,32,0
842835dffffffff,54,0
8426601ffffffff,23,0
840c541ffffffff,35,0
840c545ffffffff,34,0
84276a9ffffffff,24,0
841e251ffffffff,9,0
841e25dffffffff,1,0
841e259ffffffff,21,0
841f0b7ffffffff,31,0
841f0b1ffffffff,30,5
841f0b9ffffffff,3,19
841f087ffffffff,0,2
8427459ffffffff,22,0
84276e5ffffffff,9,2
842b16bffffffff,26,0
8412d91ffffffff,14,0
842b2c5ffffffff,7,0
8426a01ffffffff,35,0
84be441ffffffff,68,0
84be44dffffffff,18,0
84be713ffffffff,7,0
842616bffffffff,18,0
8464ac5ffffffff,6,17
843d947ffffffff,21,0
843d909ffffffff,32,0
843d90bffffffff,19,0
84421ebffffffff,19,0
8442ea3ffffffff,4,16
8442e6dffffffff,8,0
842a20dffffffff,6,0
842a229ffffffff,33,0
8448b05ffffffff,67,0
8448b0dffffffff,45,0
8448951ffffffff,42,0
844bb1dffffffff,41,0
84452e1ffffffff,36,0
84452edffffffff,66,0
844523bffffffff,12,0
842c555ffffffff,0,26
841eec3ffffffff,19,0
84196d7ffffffff,10,0
841968bffffffff,27,0
8419689ffffffff,33,0
84196c7ffffffff,29,0
84196ebffffffff,22,0
842604bffffffff,13,0
844416dffffffff,41,0
8444165ffffffff,31,0
844588bffffffff,29,0
8445883ffffffff,2,0
8428e6dffffffff,3,0
8428e61ffffffff,15,0
8428e69ffffffff,34,0
8428e45ffffffff,39,0
8428e41ffffffff,29,0
8428e49ffffffff,1,0
840c637ffffffff,25,0
840c633ffffffff,31,0
840c6edffffffff,35,0
840c6e9ffffffff,15,0
842e0c9ffffffff,36,0
84121b9ffffffff,72,0
8412187ffffffff,36,0
8412185ffffffff,29,0
840c8d3ffffffff,31,0
840cf2dffffffff,22,0
84641edffffffff,2,0
841faebffffffff,11,0
8420ac3ffffffff,7,1
8420ac7ffffffff,17,0
8420ac1ffffffff,28,5
8420ac5ffffffff,8,0
843f297ffffffff,25,0
843f295ffffffff,44,0
8410d09ffffffff,0,12
8410d55ffffffff,0,25
841ecb7ffffffff,22,0
843f65dffffffff,44,0
84b8817ffffffff,19,0
84b88e9ffffffff,27,0
84b88e1ffffffff,44,0
84a730dffffffff,24,0
84a7363ffffffff,31,0
84a7367ffffffff,32,0
84b84dbffffffff,32,0
84b84d1ffffffff,2,0
84a7165ffffffff,6,0
84a7a59ffffffff,31,0
84a7a51ffffffff,30,0
84a7a55ffffffff,28,0
84b849dffffffff,11,0
84b8499ffffffff,47,0
84a7325ffffffff,43,0
84a7327ffffffff,35,0
84a7321ffffffff,9,0
84be8c9ffffffff,64,0
84be8cbffffffff,71,0
8434535ffffffff,0,66
84095bbffffffff,24,0
84095b3ffffffff,27,0
8408ecdffffffff,31,0
8408e13ffffffff,33,0
8408ee9ffffffff,6,0
8420e3bffffffff,0,26
8420e39ffffffff,0,45
8421349ffffffff,15,5
8421341ffffffff,37,0
8421347ffffffff,38,0
8448e91ffffffff,12,0
8414d3bffffffff,7,0
8414d33ffffffff,28,0
8414de5ffffffff,29,0
842ed25ffffffff,30,0
8414dadffffffff,27,0
849d63dffffffff,22,0
849d639ffffffff,14,0
8465a67ffffffff,7,24
8465a61ffffffff,20,34
8465a69ffffffff,12,0
8494ed7ffffffff,6,0
84bededffffffff,8,0
84be447ffffffff,69,0
8494467ffffffff,16,0
84be461ffffffff,42,0
842b287ffffffff,33,0
842b2abffffffff,6,0
842b2bdffffffff,27,0
842b2a3ffffffff,39,0
842b0c9ffffffff,16,0
842b29bffffffff,25,0
842b293ffffffff,37,0
842b297ffffffff,29,0
842b76dffffffff,30,0
8427805ffffffff,29,0
842782bffffffff,35,0
841e8b7ffffffff,15,0
843f259ffffffff,39,0
843f25bffffffff,29,0
843f253ffffffff,28,0
842a02dffffffff,8,0
8412cd5ffffffff,62,0
8412c89ffffffff,31,0
8412c81ffffffff,35,0
8412c85ffffffff,20,0
842bb01ffffffff,30,0
842bb07ffffffff,16,0
842bb39ffffffff,36,0
8444a33ffffffff,38,0
841aa63ffffffff,29,0
841aa0dffffffff,17,14
8444589ffffffff,38,0
8444437ffffffff,11,0
8448a23ffffffff,31,0
8448f15ffffffff,24,0
8448f03ffffffff,54,0
8448f01ffffffff,40,0
8448583ffffffff,5,0
844859dffffffff,32,0
8448591ffffffff,58,0
844859bffffffff,130,0
84499d7ffffffff,0,9
84499d5ffffffff,0,39
84499ddffffffff,85,0
8448525ffffffff,21,0
8448521ffffffff,53,0
8448523ffffffff,45,0
8448535ffffffff,23,0
844995dffffffff,117,0
84498cbffffffff,29,45
844836dffffffff,57,0
8449885ffffffff,12,0
8449843ffffffff,31,0
8449855ffffffff,71,11
8449851ffffffff,8,0
8449857ffffffff,36,0
8449853ffffffff,12,0
8449b69ffffffff,40,0
8449b6bffffffff,27,0
8449b47ffffffff,6,0
844994dffffffff,2,0
846d36dffffffff,86,0
846d365ffffffff,107,0
844858bffffffff,47,0
8448903ffffffff,6,0
8448ab9ffffffff,42,0
8448a87ffffffff,34,0
8448aabffffffff,19,12
8448aa9ffffffff,14,0
8448845ffffffff,32,0
844886bffffffff,43,0
8448863ffffffff,44,0
8448829ffffffff,2,0
844991dffffffff,10,0
844981bffffffff,13,0
84498e1ffffffff,12,7
844990bffffffff,44,0
8449901ffffffff,41,0
8449905ffffffff,27,0
8449963ffffffff,2,0
84480b5ffffffff,46,0
84480b7ffffffff,82,0
84498dbffffffff,52,6
8448367ffffffff,67,0
8448329ffffffff,41,0
8448305ffffffff,14,0
844832bffffffff,23,0
8448333ffffffff,11,0
8448339ffffffff,43,0
8448307ffffffff,13,0
84456c7ffffffff,6,0
84456c5ffffffff,4,0
84456ebffffffff,27,0
84456e1ffffffff,35,0
84456e5ffffffff,30,0
8448847ffffffff,56,0
84444cdffffffff,36,0
84446a7ffffffff,40,0
8426821ffffffff,9,0
8469349ffffffff,8,29
846934dffffffff,0,6
8469341ffffffff,0,3
8465961ffffffff,65,0
8465965ffffffff,68,0
844165bffffffff,68,0
8441653ffffffff,36,0
8465b25ffffffff,43,0
8465b2dffffffff,32,26
8465b67ffffffff,26,0
8441617ffffffff,2,0
844163bffffffff,10,0
84416edffffffff,25,0
8441643ffffffff,26,0
8465969ffffffff,10,0
8469367ffffffff,17,2
844b947ffffffff,2,0
844b96bffffffff,28,0
844b969ffffffff,15,0
844bb25ffffffff,32,0
8441367ffffffff,32,0
8441329ffffffff,15,0
8441953ffffffff,24,0
844b153ffffffff,5,0
844b10bffffffff,0,17
8494513ffffffff,9,0
84945c5ffffffff,40,0
841e1e7ffffffff,42,0
841e1e1ffffffff,35,0
841e1edffffffff,19,0
841e2c7ffffffff,29,0
841e2c3ffffffff,30,0
841e2cbffffffff,33,0
841f537ffffffff,8,20
841f531ffffffff,0,1
841e0b3ffffffff,31,0
8439553ffffffff,39,0
8439519ffffffff,42,0
843951dffffffff,33,0
84394c7ffffffff,7,0
841e861ffffffff,40,0
841e863ffffffff,22,15
8465b51ffffffff,63,0
844163dffffffff,0,16
8449b35ffffffff,40,0
846d351ffffffff,27,0
846d34bffffffff,43,0
846d349ffffffff,65,0
841ea6dffffffff,13,0
841f9bbffffffff,45,0
841f987ffffffff,19,0
8448507ffffffff,74,7
846d363ffffffff,2,0
8448095ffffffff,43,0
8448083ffffffff,29,0
8448e1bffffffff,35,0
8448e11ffffffff,54,0
8448e19ffffffff,6,0
8448a43ffffffff,11,0
8448a09ffffffff,46,0
8448a01ffffffff,46,0
8448a07ffffffff,18,0
8448805ffffffff,47,0
8448087ffffffff,7,4
8448085ffffffff,5,39
8448e17ffffffff,6,0
8448ee9ffffffff,37,0
8448eebffffffff,28,0
844833dffffffff,34,0
8448145ffffffff,24,0
8448531ffffffff,10,0
8448533ffffffff,46,0
84485e5ffffffff,28,0
84485e1ffffffff,37,0
844856bffffffff,46,0
844850dffffffff,49,0
8448501ffffffff,10,0
8449ae5ffffffff,12,0
8449a33ffffffff,43,0
8449a31ffffffff,36,0
8449a35ffffffff,18,0
84499c5ffffffff,19,3
84499c7ffffffff,0,7
84499c1ffffffff,10,31
846d341ffffffff,43,0
846d369ffffffff,88,0
8449a27ffffffff,30,0
8449b1bffffffff,42,0
8449b13ffffffff,49,0
8448b55ffffffff,34,0
8444259ffffffff,1,0
84450b7ffffffff,44,0
844424bffffffff,22,0
84450b5ffffffff,17,0
8448b0bffffffff,29,0
8448b01ffffffff,30,0
8448a45ffffffff,26,0
8449809ffffffff,12,24
8448361ffffffff,46,0
8448365ffffffff,4,0
84498d3ffffffff,2,0
8448581ffffffff,15,0
844562bffffffff,3,0
8426897ffffffff,10,0
8426d6dffffffff,33,0
8426d61ffffffff,25,0
8426d65ffffffff,7,0
8448519ffffffff,11,27
844851bffffffff,38,6
84485cdffffffff,31,0
8445249ffffffff,46,0
844525dffffffff,42,0
846d74bffffffff,8,0
846d75dffffffff,8,0
84bee4bffffffff,44,0
84be463ffffffff,2,0
84be429ffffffff,29,0
84be42dffffffff,39,0
84be425ffffffff,43,0
84be519ffffffff,8,0
84bee11ffffffff,40,0
84bee13ffffffff,6,0
84bee1bffffffff,25,0
84b9145ffffffff,106,24
84bec63ffffffff,4,0
84bec05ffffffff,3,0
84a7323ffffffff,31,0
84a714dffffffff,31,0
84b8493ffffffff,24,0
84a7169ffffffff,4,0
84a7a95ffffffff,3,0
84a7abbffffffff,32,0
84a7ab3ffffffff,33,0
84a78d9ffffffff,32,0
84a78d1ffffffff,21,0
84beab5ffffffff,15,0
84b86adffffffff,32,0
84b8453ffffffff,58,0
84b8457ffffffff,5,0
84b8451ffffffff,26,0
84be453ffffffff,5,0
84be6adffffffff,24,0
84be6a5ffffffff,30,0
84be6a1ffffffff,1,0
84be6a7ffffffff,66,0
84be4c9ffffffff,22,0
84bee65ffffffff,42,0
849d2a3ffffffff,3,0
849d2abffffffff,13,0
849d215ffffffff,108,0
84be547ffffffff,36,0
84b8615ffffffff,10,0
84b8603ffffffff,21,0
84be8b9ffffffff,55,0
84b91d5ffffffff,0,1
84b91ddffffffff,3,13
84b91c3ffffffff,19,13
84b91c1ffffffff,39,0
84b91cdffffffff,33,0
84c9967ffffffff,11,0
84c9965ffffffff,24,0
84c996dffffffff,30,0
84b86d3ffffffff,26,0
84b86d5ffffffff,7,0
84b86c3ffffffff,28,0
84b86c1ffffffff,18,0
849c209ffffffff,35,0
849c243ffffffff,29,0
849c241ffffffff,2,0
84be707ffffffff,26,0
84a7ac9ffffffff,5,0
84a7ac1ffffffff,29,0
84a7ac5ffffffff,27,0
84a7aebffffffff,35,0
84a7ae1ffffffff,3,0
84a7ae3ffffffff,19,0
84a7ae7ffffffff,3,0
84be1a3ffffffff,28,0
84be1a7ffffffff,47,0
8465197ffffffff,27,0
8465191ffffffff,35,0
846519dffffffff,18,15
84651d7ffffffff,0,13
8460963ffffffff,6,0
8460961ffffffff,21,12
8442ab9ffffffff,12,0
8461913ffffffff,0,13
8442cbbffffffff,12,0
8444143ffffffff,37,0
8448ecdffffffff,41,0
840cf47ffffffff,45,0
840cf45ffffffff,49,0
8444da7ffffffff,12,0
8429a3bffffffff,7,0
84536e5ffffffff,0,3
84694e7ffffffff,75,0
8468101ffffffff,57,0
8412f03ffffffff,57,1
8412f15ffffffff,34,0
8412f11ffffffff,9,2
8427a0dffffffff,12,0
8427a63ffffffff,65,0
8427a61ffffffff,27,0
8412e6dffffffff,26,0
84121bbffffffff,54,0
8412e17ffffffff,42,0
8412e11ffffffff,15,0
8412cddffffffff,11,0
8412ccbffffffff,61,0
84be1dbffffffff,53,0
84be0e5ffffffff,9,0
84be0e1ffffffff,9,0
8412c11ffffffff,43,0
8426317ffffffff,45,0
8428f2dffffffff,36,0
8412c8bffffffff,31,0
8412ebbffffffff,19,0
8427563ffffffff,16,0
842751dffffffff,12,0
8444605ffffffff,39,0
844852dffffffff,40,0
84278adffffffff,2,0
8448eb5ffffffff,37,0
8427327ffffffff,45,0
841249bffffffff,43,0
8412491ffffffff,32,0
840ecd1ffffffff,11,0
840ecd5ffffffff,42,0
840ecc3ffffffff,34,0
840ecc7ffffffff,34,0
842b029ffffffff,8,0
842b063ffffffff,36,0
842770dffffffff,10,0
8427705ffffffff,23,0
8427767ffffffff,41,0
842ba65ffffffff,19,0
842bb59ffffffff,39,0
840e5b7ffffffff,32,0
842bb4bffffffff,31,0
8427439ffffffff,25,0
8427415ffffffff,38,0
8427417ffffffff,25,0
8427b5dffffffff,49,0
8427b51ffffffff,27,0
8427b59ffffffff,44,0
8427b5bffffffff,39,0
8427a67ffffffff,31,0
8427a5bffffffff,20,0
8427a5dffffffff,28,0
8427a4bffffffff,24,0
842b909ffffffff,48,0
8427129ffffffff,21,0
842712dffffffff,45,0
8427a51ffffffff,22,0
8427b6bffffffff,31,0
8427b47ffffffff,1,0
8427b07ffffffff,12,0
8427b39ffffffff,37,0
8427b15ffffffff,30,0
8412ce1ffffffff,38,0
8427a65ffffffff,24,0
84125b7ffffffff,1,0
8427b4bffffffff,27,0
8412c07ffffffff,31,0
8412c2bffffffff,37,0
8412c21ffffffff,31,0
8412c25ffffffff,9,0
840c6a5ffffffff,12,0
842a731ffffffff,13,0
841e8c1ffffffff,20,0
841e8c3ffffffff,33,0
841e8ddffffffff,10,0
841e8d7ffffffff,26,0
841e8dbffffffff,44,0
84bb505ffffffff,23,0
841e009ffffffff,39,0
841fad3ffffffff,11,0
841faddffffffff,40,0
841ec55ffffffff,1,0
841ec57ffffffff,35,0
841ec19ffffffff,38,0
8444acbffffffff,20,0
842681dffffffff,5,0
842682bffffffff,35,0
8444c53ffffffff,18,0
84be6e7ffffffff,108,0
8419239ffffffff,36,0
841923dffffffff,35,0
8419223ffffffff,36,0
8419227ffffffff,14,0
841f9e3ffffffff,10,0
841f9ebffffffff,36,0
841f9c3ffffffff,25,0
841f9cbffffffff,10,0
84498e9ffffffff,22,0
846d2e3ffffffff,13,0
84498ddffffffff,0,27
8448509ffffffff,31,0
84480e3ffffffff,0,42
84480e1ffffffff,0,24
8449833ffffffff,10,23
84c986dffffffff,86,24
84c9869ffffffff,0,11
8448227ffffffff,35,0
8448a65ffffffff,30,0
84499b3ffffffff,8,0
846d045ffffffff,20,0
846d313ffffffff,35,0
846d311ffffffff,27,0
8448f1dffffffff,19,0
8448f0bffffffff,44,0
8448f09ffffffff,44,0
8449aa5ffffffff,6,0
8449aa1ffffffff,36,0
8449abdffffffff,29,0
846d63bffffffff,0,1
846d6edffffffff,37,32
84be567ffffffff,50,0
84be529ffffffff,31,0
84be521ffffffff,12,0
8465317ffffffff,30,0
8465069ffffffff,33,0
8465045ffffffff,11,0
846506bffffffff,19,0
8465047ffffffff,28,0
8461807ffffffff,15,0
8461801ffffffff,42,0
846180dffffffff,33,0
8461847ffffffff,31,0
8448849ffffffff,121,0
8448b11ffffffff,13,0
8448b1dffffffff,39,0
8448b19ffffffff,121,0
8449b17ffffffff,40,0
8448b45ffffffff,27,0
8448b47ffffffff,40,0
84beab1ffffffff,10,0
8489343ffffffff,0,29
848934bffffffff,0,26
84c9935ffffffff,23,0
84be4bbffffffff,81,0
84be4b7ffffffff,27,0
84d892dffffffff,21,14
8427195ffffffff,28,0
8441b3dffffffff,4,0
84bb517ffffffff,54,0
84da855ffffffff,10,0
84da811ffffffff,12,0
84bb0c3ffffffff,52,0
84bb089ffffffff,239,0
84bb0d5ffffffff,81,8
84bb503ffffffff,430,0
84da847ffffffff,88,1
84da80dffffffff,153,0
84bb5edffffffff,121,0
84da85dffffffff,231,0
84da843ffffffff,109,0
84bb0b1ffffffff,121,0
84daaa7ffffffff,20,12
84bb0dbffffffff,121,0
84bb725ffffffff,71,0
84bb563ffffffff,153,0
84da86bffffffff,329,0
84da861ffffffff,88,0
84bb09bffffffff,34,0
84da853ffffffff,128,0
84bb539ffffffff,129,0
84da867ffffffff,28,0
84da829ffffffff,41,0
84da805ffffffff,27,0
84da865ffffffff,7,0
84da851ffffffff,78,0
84da863ffffffff,15,0
84da967ffffffff,76,0
84da963ffffffff,41,4
84bb2b3ffffffff,76,0
